rainfall_rate,cumulative_rainfall_24h,soil_moisture,slope_angle,vibration_frequency,pore_water_pressure,temperature,risk_score,risk_class,risk_label
33.57,111.49,70.78,35.58,1.38,41.74,11.09,37.6,1,Watch
62.51,80.39,75.86,43.38,0.85,22.82,19.02,38.1,1,Watch
64.5,183.22,80.26,35.51,0.88,60.51,18.54,59.7,1,Watch
1.86,23.94,29.77,29.22,0.21,18.8,23.06,2.9,0,Safe
3.92,2.37,46.15,33.57,0.21,6.89,19.04,1.0,0,Safe
29.47,64.94,69.18,36.44,1.05,27.53,20.37,27.9,0,Safe
1.3,20.32,41.14,29.09,0.13,14.78,22.72,2.5,0,Safe
0.99,9.82,47.28,35.2,0.57,12.56,29.18,8.1,0,Safe
1.94,20.77,27.22,27.09,0.26,17.65,28.24,1.8,0,Safe
0.25,23.04,21.71,36.88,0.44,4.44,26.52,1.7,0,Safe
0.65,24.18,44.55,25.96,0.42,10.68,19.04,1.1,0,Safe
2.28,17.23,31.26,27.65,0.25,15.18,18.38,0.0,0,Safe
52.88,177.3,82.52,41.49,1.62,48.94,18.34,64.0,2,Warning
37.14,38.07,63.57,38.57,1.06,28.68,14.15,24.3,0,Safe
10.7,36.45,68.8,27.16,0.46,48.61,21.7,18.4,0,Safe
11.32,104.87,74.58,39.73,1.16,18.1,23.39,19.1,0,Safe
45.37,99.13,65.62,38.35,0.34,26.09,13.48,30.2,1,Watch
79.31,214.21,79.7,50.97,0.82,36.85,17.98,66.6,2,Warning
74.46,119.27,89.37,35.32,1.6,55.53,16.01,64.0,2,Warning
1.42,0.58,39.46,26.28,0.49,3.11,27.03,3.4,0,Safe
1.7,0.73,34.44,34.36,0.43,5.02,22.73,2.6,0,Safe
40.87,58.4,59.3,40.43,0.44,37.44,17.21,29.5,0,Safe
12.01,10.0,30.88,39.86,0.48,10.1,17.95,3.7,0,Safe
15.21,56.88,53.83,30.82,0.54,22.3,18.92,18.2,0,Safe
2.23,3.55,30.92,22.78,0.41,11.98,21.13,4.3,0,Safe
0.22,0.02,34.23,27.49,0.32,7.24,19.22,0.9,0,Safe
5.86,4.66,26.54,28.68,0.51,8.19,22.2,0.0,0,Safe
25.65,40.48,57.11,32.32,0.94,24.01,18.84,14.6,0,Safe
2.47,72.98,64.2,41.04,0.93,34.24,14.41,25.2,0,Safe
101.71,137.41,78.76,31.91,1.96,52.03,15.41,56.3,1,Watch
0.95,16.59,35.68,34.02,0.27,19.12,25.54,2.5,0,Safe
2.08,10.98,36.82,30.69,0.17,7.98,24.88,0.0,0,Safe
2.26,4.79,40.14,40.64,0.49,11.98,24.55,1.0,0,Safe
22.0,38.92,52.46,25.35,0.38,32.31,18.15,18.1,0,Safe
24.74,111.64,63.87,31.93,0.98,28.13,19.75,24.5,0,Safe
29.85,87.43,63.11,33.41,0.85,26.68,16.84,22.2,0,Safe
0.09,19.82,42.17,18.14,0.5,10.48,27.6,3.2,0,Safe
0.27,22.37,41.88,21.22,0.17,16.65,16.92,0.0,0,Safe
123.71,212.17,85.92,54.24,2.5,53.86,14.0,97.7,3,Critical
2.47,8.3,31.28,23.06,0.59,16.35,16.6,0.0,0,Safe
53.27,61.24,53.53,24.85,1.06,27.58,16.77,28.1,0,Safe
3.66,2.15,52.86,41.53,0.27,9.87,20.74,5.5,0,Safe
30.26,188.75,87.2,43.99,1.17,46.65,12.79,54.7,1,Watch
2.99,22.27,35.84,22.64,0.55,20.78,25.5,8.3,0,Safe
57.79,213.18,82.42,34.12,1.21,50.34,10.51,56.5,1,Watch
82.34,194.02,93.99,53.55,2.17,62.62,15.26,100.0,3,Critical
0.82,23.65,45.15,22.58,0.57,2.81,18.63,5.2,0,Safe
58.59,153.77,86.87,39.46,1.89,51.71,19.53,70.5,2,Warning
0.49,18.57,25.22,23.49,0.15,9.97,18.33,4.9,0,Safe
2.71,8.27,30.32,18.38,0.52,7.33,16.74,6.0,0,Safe
62.31,311.14,90.59,40.48,2.09,80.09,17.33,90.7,3,Critical
1.69,15.1,32.77,29.85,0.45,16.76,21.75,6.5,0,Safe
0.18,20.26,32.56,22.38,0.16,14.1,17.89,2.9,0,Safe
126.1,336.92,87.06,43.1,3.2,88.85,16.16,100.0,3,Critical
56.25,125.65,78.81,31.02,1.92,42.25,17.02,48.2,1,Watch
4.02,5.09,23.48,31.22,0.43,13.11,29.44,0.0,0,Safe
35.74,139.01,76.75,43.66,1.54,56.97,16.39,56.3,1,Watch
42.92,167.65,87.48,41.59,1.25,45.68,17.58,54.9,1,Watch
53.05,201.11,98.64,36.16,2.19,82.39,13.45,74.6,2,Warning
60.58,251.56,95.69,53.95,2.29,91.86,13.82,100.0,3,Critical
0.15,12.94,33.23,32.8,0.53,10.42,24.53,0.0,0,Safe
1.22,4.35,35.05,28.51,0.28,9.41,19.3,0.0,0,Safe
60.74,190.01,74.32,37.35,1.48,42.97,13.35,57.0,1,Watch
35.21,166.69,77.78,38.58,1.7,46.05,14.14,53.9,1,Watch
17.5,72.18,72.9,34.46,1.07,14.84,20.01,12.4,0,Safe
10.4,10.68,32.32,22.85,0.25,5.55,26.65,1.9,0,Safe
12.51,30.91,61.54,37.65,0.8,32.75,20.03,21.9,0,Safe
2.83,13.85,31.69,24.6,0.39,3.65,19.47,4.3,0,Safe
42.39,75.72,71.25,49.74,0.4,30.49,16.26,35.6,1,Watch
21.92,117.28,67.7,36.17,0.43,29.78,20.95,25.1,0,Safe
47.25,123.33,81.96,32.24,1.12,47.25,19.44,46.9,1,Watch
23.56,33.73,55.82,37.09,0.89,32.88,19.88,18.1,0,Safe
12.64,142.05,78.65,34.6,1.36,55.19,13.06,44.2,1,Watch
39.57,217.96,81.62,46.08,1.12,23.86,14.0,52.0,1,Watch
123.37,229.1,91.01,51.68,4.05,59.33,10.48,100.0,3,Critical
29.41,60.83,58.47,32.4,0.32,21.95,23.86,20.9,0,Safe
0.38,8.44,44.13,26.34,0.23,8.42,22.6,0.0,0,Safe
3.18,12.11,38.93,28.21,0.34,8.13,26.49,3.4,0,Safe
3.24,9.49,41.74,36.32,0.21,10.57,24.6,1.6,0,Safe
4.42,14.07,34.22,28.87,0.2,10.07,29.21,0.0,0,Safe
84.94,356.85,90.0,39.77,2.28,71.69,13.01,83.0,3,Critical
0.48,15.55,38.53,28.12,0.23,19.54,27.25,2.4,0,Safe
2.8,18.4,32.18,36.43,0.1,1.04,28.02,6.3,0,Safe
0.4,0.49,17.71,33.54,0.22,4.62,29.24,3.4,0,Safe
0.17,12.8,44.55,34.94,0.41,0.88,26.44,2.1,0,Safe
18.68,31.93,64.04,37.2,1.08,22.76,20.29,12.7,0,Safe
0.23,6.93,48.41,18.56,0.14,11.71,23.47,0.0,0,Safe
1.18,21.72,29.23,24.29,0.26,14.76,23.61,5.7,0,Safe
72.16,262.01,88.88,45.85,2.14,58.02,10.49,86.9,3,Critical
38.54,182.84,82.99,35.57,1.86,31.12,11.63,44.5,1,Watch
92.42,158.6,78.55,37.2,0.86,56.3,18.25,58.7,1,Watch
23.8,66.65,63.04,32.31,1.09,38.87,18.38,29.4,0,Safe
61.79,351.1,88.75,46.82,3.81,79.11,12.92,97.5,3,Critical
37.89,33.73,62.53,35.7,0.93,33.17,16.61,30.1,1,Watch
2.82,23.32,45.76,20.4,0.15,10.96,26.36,5.1,0,Safe
74.52,130.85,78.69,41.42,0.85,39.03,12.35,55.7,1,Watch
15.24,60.03,65.59,38.07,0.53,22.68,20.87,15.4,0,Safe
122.17,335.17,92.03,42.82,2.67,59.84,16.6,94.2,3,Critical
0.3,13.34,50.68,25.29,0.22,12.32,17.77,1.3,0,Safe
0.83,8.81,34.35,22.2,0.6,2.61,27.53,0.0,0,Safe
17.12,51.11,68.02,31.86,1.15,25.05,20.54,22.0,0,Safe
9.46,21.03,44.41,30.35,0.44,11.47,22.92,3.9,0,Safe
2.11,15.1,21.36,39.42,0.21,15.04,19.16,11.2,0,Safe
52.57,283.34,90.1,41.83,3.5,59.92,14.75,89.3,3,Critical
54.07,38.94,75.6,31.57,0.68,22.67,19.29,18.3,0,Safe
1.32,12.37,40.82,28.23,0.26,10.57,27.12,0.0,0,Safe
56.17,212.4,98.49,46.82,4.66,57.02,14.67,93.9,3,Critical
30.96,133.45,84.55,29.07,1.58,35.37,17.24,32.8,1,Watch
10.63,57.19,67.9,32.29,0.78,33.01,22.01,17.9,0,Safe
1.27,4.05,23.59,35.72,0.17,7.51,26.54,7.7,0,Safe
1.64,1.86,34.85,42.16,0.34,13.5,21.79,4.0,0,Safe
5.18,18.54,29.91,27.71,0.15,5.91,19.82,2.6,0,Safe
119.7,305.99,91.08,47.62,4.0,61.27,18.83,100.0,3,Critical
1.13,2.51,37.63,19.21,0.19,4.67,25.15,1.7,0,Safe
1.54,11.18,36.51,26.72,0.31,16.14,22.03,0.0,0,Safe
126.08,276.43,91.14,39.55,3.28,74.43,13.53,95.9,3,Critical
0.55,19.78,31.12,18.29,0.11,9.09,25.05,1.2,0,Safe
18.76,94.21,63.52,35.28,0.38,31.1,17.29,18.2,0,Safe
0.9,7.75,27.53,26.05,0.41,7.09,23.13,0.0,0,Safe
63.07,211.1,79.87,44.53,1.95,41.96,18.44,72.4,2,Warning
129.54,376.64,87.29,55.34,3.55,53.21,14.43,100.0,3,Critical
1.49,19.57,26.59,25.07,0.53,9.69,23.36,4.9,0,Safe
68.97,309.23,94.55,42.51,2.99,83.89,12.61,96.9,3,Critical
125.09,303.76,87.29,40.72,4.52,79.96,13.31,100.0,3,Critical
46.09,56.6,74.79,39.37,0.93,32.39,16.26,39.1,1,Watch
80.21,238.72,86.19,55.88,2.86,69.43,15.12,100.0,3,Critical
0.12,24.39,38.84,11.53,0.56,7.21,24.18,2.0,0,Safe
36.39,51.99,57.57,19.16,0.67,30.24,15.08,15.5,0,Safe
45.28,76.04,61.97,27.16,1.19,36.04,18.51,23.7,0,Safe
1.49,20.19,26.62,26.96,0.52,8.39,16.36,0.0,0,Safe
0.18,4.7,30.42,27.53,0.28,9.8,29.83,0.6,0,Safe
47.49,61.46,41.35,37.49,0.52,24.77,21.25,17.0,0,Safe
27.35,94.83,64.89,33.65,0.42,22.03,17.71,26.7,0,Safe
0.09,14.31,28.49,31.05,0.37,5.55,20.9,0.0,0,Safe
21.43,31.8,65.48,31.28,0.88,31.57,24.59,18.9,0,Safe
0.59,9.89,41.66,38.05,0.25,12.69,29.09,0.0,0,Safe
0.19,20.04,31.57,35.89,0.27,10.01,20.37,3.9,0,Safe
2.95,13.34,31.56,28.06,0.22,5.81,19.15,0.0,0,Safe
9.93,1.44,42.36,22.84,0.25,9.18,21.91,2.0,0,Safe
3.68,6.57,35.85,28.35,0.5,13.77,17.54,1.3,0,Safe
0.7,24.25,40.2,37.59,0.29,8.83,28.15,0.0,0,Safe
52.68,242.32,96.32,40.51,4.1,81.9,10.24,90.7,3,Critical
0.59,6.78,49.24,28.4,0.4,10.51,18.85,0.0,0,Safe
27.77,154.38,82.12,32.26,1.05,45.75,13.63,37.5,1,Watch
0.7,3.68,40.89,33.4,0.22,12.74,21.66,0.0,0,Safe
0.17,13.27,41.96,30.48,0.43,8.65,23.02,0.0,0,Safe
72.6,299.32,94.44,45.64,4.31,86.26,20.06,100.0,3,Critical
0.08,3.57,23.32,32.31,0.37,10.56,22.24,1.3,0,Safe
50.71,193.14,83.67,42.21,1.24,47.48,17.78,62.8,2,Warning
0.62,10.75,22.1,15.04,0.51,8.4,27.36,0.0,0,Safe
91.21,268.98,86.3,42.73,3.33,59.55,15.31,83.5,3,Critical
13.12,111.09,73.97,32.58,1.06,15.9,24.3,11.6,0,Safe
5.46,17.73,37.63,22.66,0.55,14.55,20.42,0.3,0,Safe
50.52,170.29,89.78,50.87,1.06,32.09,15.24,58.8,1,Watch
5.83,19.92,44.46,35.86,0.31,16.55,28.6,0.0,0,Safe
33.25,79.08,72.61,39.42,1.1,21.81,17.37,21.7,0,Safe
21.71,105.08,75.61,36.34,1.08,16.95,20.93,23.5,0,Safe
17.18,64.32,70.59,33.29,1.17,31.57,22.41,27.3,0,Safe
16.85,101.5,56.38,44.95,0.68,19.32,23.05,26.1,0,Safe
55.53,134.49,74.47,39.2,1.29,24.01,17.88,39.3,1,Watch
0.89,43.26,55.22,26.95,0.58,17.93,22.81,7.2,0,Safe
28.49,201.69,88.24,41.07,1.2,46.79,16.21,54.0,1,Watch
3.64,20.07,38.94,30.17,0.42,10.73,18.54,4.2,0,Safe
2.19,16.08,55.58,27.62,0.52,6.19,25.86,1.0,0,Safe
56.26,336.25,88.73,47.28,3.61,65.83,11.96,95.7,3,Critical
63.84,325.68,94.86,54.41,2.04,76.24,15.13,100.0,3,Critical
0.72,24.33,36.44,20.38,0.46,11.41,27.92,0.0,0,Safe
2.63,4.47,43.06,20.7,0.21,11.91,26.43,2.9,0,Safe
119.64,317.3,88.44,48.04,4.6,74.89,18.25,100.0,3,Critical
1.25,23.59,36.87,27.95,0.49,6.08,13.52,2.2,0,Safe
3.69,4.91,44.73,21.66,0.23,14.94,34.36,1.9,0,Safe
36.92,173.23,74.88,30.52,0.92,36.96,12.63,35.9,1,Watch
23.43,45.55,53.0,31.98,0.34,26.44,13.96,15.4,0,Safe
11.07,80.24,66.21,38.66,0.52,30.5,19.96,25.5,0,Safe
27.49,51.38,54.98,30.26,1.11,35.47,14.36,28.1,0,Safe
115.27,248.06,97.56,54.02,4.35,63.1,12.6,100.0,3,Critical
1.43,0.32,49.61,35.18,0.48,6.74,19.31,1.6,0,Safe
45.99,61.63,57.44,38.35,0.31,34.42,15.76,30.4,1,Watch
1.5,2.15,45.39,21.18,0.47,12.42,29.0,0.0,0,Safe
1.82,22.87,49.5,30.7,0.1,7.33,20.36,8.8,0,Safe
3.26,21.45,27.87,26.15,0.59,8.94,22.59,6.5,0,Safe
50.74,199.71,83.6,39.91,0.8,54.53,12.93,60.2,2,Warning
81.9,210.79,95.0,39.21,2.2,91.33,15.48,89.9,3,Critical
0.63,6.26,29.51,31.45,0.18,14.26,24.67,3.5,0,Safe
14.54,65.67,59.17,24.66,1.19,15.99,25.42,11.2,0,Safe
28.66,88.06,42.74,33.1,0.74,24.71,18.83,18.3,0,Safe
3.02,3.41,31.8,14.27,0.41,5.63,33.67,3.0,0,Safe
85.52,326.13,92.08,40.25,2.69,69.24,11.9,96.8,3,Critical
50.86,128.88,74.67,33.33,0.93,54.46,13.17,48.9,1,Watch
13.5,80.57,58.62,26.04,1.19,24.76,19.44,16.6,0,Safe
5.3,16.77,41.9,39.79,0.23,9.52,20.84,2.3,0,Safe
21.92,83.01,54.7,26.0,0.89,38.41,17.11,21.0,0,Safe
22.6,46.71,59.48,25.29,0.35,27.97,22.78,17.5,0,Safe
18.2,110.2,46.09,37.23,0.64,25.39,18.07,21.1,0,Safe
0.88,19.62,27.73,24.4,0.2,7.9,29.78,0.5,0,Safe
28.41,56.79,69.97,32.23,0.39,18.09,14.38,12.3,0,Safe
0.6,17.2,39.95,44.78,0.13,8.85,19.02,2.2,0,Safe
23.55,112.17,53.46,33.86,0.83,29.51,16.49,29.6,0,Safe
46.63,216.39,76.55,44.5,1.88,49.76,11.78,66.9,2,Warning
34.29,96.44,67.29,24.86,0.37,25.59,21.76,16.8,0,Safe
0.98,8.14,29.52,23.21,0.27,9.22,31.49,4.5,0,Safe
15.78,84.66,66.75,39.59,0.85,19.13,18.03,26.2,0,Safe
0.55,14.63,12.48,24.52,0.46,8.6,20.77,2.0,0,Safe
5.24,14.08,26.33,29.12,0.2,11.35,20.98,0.0,0,Safe
1.51,17.24,39.4,23.92,0.42,12.09,16.82,1.4,0,Safe
9.21,23.55,39.91,40.21,0.33,10.41,23.22,7.0,0,Safe
2.99,23.2,37.09,21.85,0.45,5.81,23.28,1.3,0,Safe
0.09,14.36,48.08,23.08,0.38,7.52,17.19,2.1,0,Safe
23.83,74.2,52.48,38.45,0.67,35.57,21.32,28.6,0,Safe
1.39,8.27,27.5,42.26,0.11,10.71,29.23,3.5,0,Safe
6.82,10.25,43.69,18.82,0.15,10.43,20.12,1.6,0,Safe
17.22,67.04,47.6,31.29,0.47,23.2,16.76,8.8,0,Safe
1.66,23.46,49.7,18.97,0.28,9.48,24.48,2.9,0,Safe
4.02,23.58,28.43,29.76,0.29,2.08,27.64,7.5,0,Safe
27.4,50.69,48.46,26.52,0.43,8.38,21.66,11.9,0,Safe
0.15,11.35,47.7,34.55,0.51,13.6,23.08,1.5,0,Safe
0.95,20.91,33.2,29.14,0.44,10.16,24.63,5.1,0,Safe
0.1,14.27,38.62,29.45,0.58,8.76,20.52,0.0,0,Safe
4.8,18.78,29.31,10.0,0.2,2.83,26.07,0.0,0,Safe
44.0,114.09,77.65,39.75,1.35,49.05,15.54,50.6,1,Watch
4.09,5.56,34.57,24.26,0.23,10.98,22.46,0.0,0,Safe
11.06,4.07,42.01,31.55,0.17,6.71,23.64,0.7,0,Safe
0.9,14.27,33.43,23.34,0.55,13.77,31.71,0.0,0,Safe
18.77,115.14,77.47,42.68,1.77,65.19,16.39,58.6,1,Watch
2.71,5.38,34.03,41.55,0.17,9.72,27.28,6.4,0,Safe
6.77,13.3,41.34,28.5,0.45,9.35,25.53,5.7,0,Safe
73.81,123.85,79.2,41.01,1.44,49.72,11.41,65.8,2,Warning
19.72,100.99,60.9,29.5,0.98,25.66,25.99,15.5,0,Safe
93.03,234.57,92.99,36.68,3.19,82.49,18.44,87.9,3,Critical
53.52,78.04,66.84,38.6,0.62,30.1,16.51,35.0,1,Watch
22.66,73.94,67.74,25.14,1.17,27.48,19.59,24.2,0,Safe
32.3,93.35,43.54,37.07,1.03,33.96,21.91,27.0,0,Safe
1.83,6.97,29.59,23.48,0.24,18.72,27.62,0.0,0,Safe
43.62,207.56,77.55,34.48,1.8,42.44,16.92,52.8,1,Watch
1.0,14.14,26.03,36.84,0.32,7.06,26.83,1.1,0,Safe
1.08,14.01,27.25,18.82,0.28,7.39,16.3,0.0,0,Safe
18.44,174.68,79.35,37.31,0.91,55.99,14.4,48.5,1,Watch
0.13,16.4,35.15,26.68,0.41,6.94,24.32,0.0,0,Safe
5.34,21.68,33.96,37.82,0.14,9.67,29.77,1.7,0,Safe
2.38,16.35,20.45,12.32,0.52,4.48,38.91,2.5,0,Safe
4.58,3.22,35.28,24.16,0.13,6.84,20.35,0.0,0,Safe
0.27,13.79,43.66,37.54,0.11,13.22,19.71,0.0,0,Safe
83.37,305.67,97.55,40.85,4.45,66.15,13.28,95.3,3,Critical
61.08,142.09,83.75,42.46,1.25,49.65,18.42,60.6,2,Warning
0.78,11.61,51.86,28.51,0.32,12.94,25.76,0.2,0,Safe
35.21,210.65,74.13,30.1,0.82,36.82,12.7,33.7,1,Watch
72.42,325.46,92.29,51.48,3.78,81.15,9.2,100.0,3,Critical
0.23,21.51,39.25,33.88,0.15,16.45,31.53,0.0,0,Safe
52.42,136.73,77.28,34.58,1.01,40.87,16.95,44.4,1,Watch
57.27,205.93,75.38,42.33,1.64,39.68,15.65,61.4,2,Warning
12.58,60.32,47.26,29.32,0.68,34.17,24.46,18.3,0,Safe
22.24,40.74,55.98,40.84,0.63,23.05,19.01,19.0,0,Safe
1.06,11.37,35.35,32.98,0.37,15.88,21.62,6.1,0,Safe
3.43,80.83,54.99,39.86,0.73,26.62,24.86,9.4,0,Safe
92.31,122.21,80.14,48.26,1.28,46.93,12.45,72.6,2,Warning
0.94,10.05,33.56,26.67,0.25,15.05,25.44,0.0,0,Safe
7.79,3.06,38.3,23.61,0.3,9.94,24.1,0.0,0,Safe
0.8,12.5,36.56,29.06,0.25,10.97,29.08,0.0,0,Safe
3.13,23.23,33.73,34.09,0.37,5.07,17.72,0.0,0,Safe
72.92,147.68,81.28,46.65,1.58,33.77,17.71,65.2,2,Warning
11.28,104.29,49.4,28.66,0.74,25.59,13.92,17.0,0,Safe
28.89,95.55,62.83,43.84,0.88,34.05,15.87,36.1,1,Watch
25.6,41.4,66.59,30.93,0.63,14.44,21.87,3.8,0,Safe
40.84,201.96,74.63,48.12,1.1,48.67,18.14,67.2,2,Warning
101.66,130.43,77.83,34.3,1.69,55.7,13.46,60.0,1,Watch
66.45,190.47,94.02,57.09,3.68,79.11,16.09,100.0,3,Critical
6.82,24.17,42.29,22.54,0.36,6.68,26.26,7.1,0,Safe
2.73,8.14,45.59,23.42,0.39,10.23,25.9,0.6,0,Safe
3.62,14.58,36.19,32.78,0.27,10.98,18.19,3.2,0,Safe
14.66,100.02,66.99,42.74,1.13,31.59,18.88,35.1,1,Watch
49.61,167.27,77.46,29.69,1.88,51.26,20.04,46.3,1,Watch
37.21,130.17,83.03,41.17,1.02,49.55,14.22,52.4,1,Watch
30.15,219.58,81.19,28.86,1.29,48.98,12.96,46.6,1,Watch
0.17,1.3,42.05,28.9,0.4,3.55,28.24,4.0,0,Safe
2.43,6.34,32.68,28.55,0.51,10.81,24.18,2.3,0,Safe
51.56,74.69,68.61,27.89,1.18,20.6,15.52,25.8,0,Safe
0.44,4.65,36.96,25.73,0.14,12.81,28.92,0.8,0,Safe
50.08,239.17,98.06,44.58,4.3,91.68,15.83,100.0,3,Critical
2.37,1.39,20.1,33.97,0.29,6.63,21.89,0.0,0,Safe
40.91,94.1,57.83,34.99,0.78,17.83,17.25,21.7,0,Safe
0.29,21.86,35.58,30.18,0.43,7.8,28.94,6.1,0,Safe
36.16,136.45,67.13,29.7,1.97,42.16,19.69,43.0,1,Watch
40.73,59.64,67.25,33.39,0.9,10.74,19.75,18.1,0,Safe
80.28,197.59,95.71,56.93,2.59,64.22,18.16,100.0,3,Critical
30.06,163.44,82.37,28.8,1.49,36.18,14.55,38.2,1,Watch
30.94,59.25,55.67,30.97,0.52,23.52,20.94,16.3,0,Safe
2.98,20.9,42.7,27.32,0.16,4.34,26.14,3.0,0,Safe
50.88,234.34,91.07,37.47,3.42,77.91,14.21,93.8,3,Critical
1.35,11.58,19.7,36.13,0.45,10.54,24.21,0.0,0,Safe
0.4,1.65,43.46,25.75,0.56,18.77,26.9,4.7,0,Safe
25.75,77.72,71.94,43.66,0.71,24.13,16.4,21.1,0,Safe
0.09,22.15,40.58,31.12,0.57,12.7,21.08,3.2,0,Safe
4.09,10.85,29.98,29.26,0.55,15.28,22.66,3.3,0,Safe
2.97,10.44,36.31,19.63,0.55,4.81,25.32,2.7,0,Safe
15.38,80.28,75.95,31.1,0.8,22.62,19.88,16.6,0,Safe
3.09,3.48,47.82,21.74,0.58,6.49,16.13,3.9,0,Safe
17.9,50.0,46.11,39.06,0.33,32.32,20.46,18.6,0,Safe
42.77,67.35,59.04,40.94,0.69,33.01,19.24,31.2,1,Watch
1.57,21.69,42.38,28.46,0.11,8.66,22.55,0.0,0,Safe
117.51,326.06,88.99,49.28,1.88,89.45,15.84,100.0,3,Critical
102.62,273.86,86.31,54.2,2.81,83.04,12.66,100.0,3,Critical
87.11,289.55,96.31,37.01,2.41,85.54,11.65,88.1,3,Critical
96.64,171.53,78.58,33.35,0.87,29.34,16.47,41.1,1,Watch
92.9,375.4,89.06,48.77,4.17,88.56,11.25,100.0,3,Critical
71.3,321.04,95.47,42.03,2.28,69.53,17.54,96.9,3,Critical
7.9,17.27,36.56,32.99,0.42,11.67,22.05,10.1,0,Safe
99.37,351.85,87.76,39.79,2.62,56.7,14.23,78.1,2,Warning
4.85,12.96,26.88,22.68,0.54,9.37,23.84,6.7,0,Safe
87.96,201.52,92.19,37.07,4.26,76.3,10.78,96.9,3,Critical
2.03,17.2,27.06,29.26,0.52,12.92,23.23,0.0,0,Safe
1.24,17.43,29.28,32.92,0.4,4.49,31.63,4.5,0,Safe
2.01,7.3,26.87,35.12,0.34,8.82,20.8,0.0,0,Safe
4.01,3.98,33.31,29.98,0.11,10.69,22.38,0.4,0,Safe
1.3,14.04,31.77,28.5,0.2,8.54,22.84,3.7,0,Safe
4.95,21.29,20.07,28.71,0.27,9.4,25.36,6.5,0,Safe
19.07,112.47,70.81,21.52,0.41,21.07,19.0,10.4,0,Safe
3.88,53.48,51.26,27.62,0.35,22.43,16.73,3.8,0,Safe
42.33,204.09,82.53,45.12,0.95,42.41,19.2,63.7,2,Warning
55.23,232.81,95.72,44.69,2.4,53.19,14.15,77.8,2,Warning
33.92,69.15,69.91,27.7,0.71,22.19,15.17,14.2,0,Safe
1.98,17.64,39.59,30.76,0.59,7.71,22.5,8.8,0,Safe
81.65,237.35,95.24,48.46,3.35,90.7,18.89,100.0,3,Critical
2.4,17.15,28.08,40.13,0.18,12.21,24.69,1.1,0,Safe
0.93,2.12,31.75,10.3,0.18,12.4,22.17,1.8,0,Safe
61.24,354.11,87.55,47.27,4.47,78.77,16.0,100.0,3,Critical
11.6,59.08,66.48,32.35,0.59,34.57,13.5,27.9,0,Safe
3.3,9.82,18.44,39.04,0.14,7.87,27.57,0.0,0,Safe
0.48,12.84,30.58,33.13,0.2,12.24,16.12,2.5,0,Safe
0.82,0.56,23.71,19.69,0.41,3.59,26.21,0.0,0,Safe
2.28,3.15,27.34,26.69,0.26,8.89,17.71,0.0,0,Safe
0.82,9.59,19.71,19.46,0.34,10.02,19.47,1.1,0,Safe
0.57,5.54,47.03,20.88,0.25,8.88,29.18,0.0,0,Safe
87.45,169.66,72.3,39.15,0.94,43.01,15.17,59.3,1,Watch
0.83,22.25,28.48,38.02,0.52,14.48,29.25,4.4,0,Safe
33.21,169.58,70.61,37.54,1.74,41.87,9.12,41.5,1,Watch
7.35,14.28,27.36,22.93,0.13,7.33,20.98,2.4,0,Safe
3.59,14.36,29.32,11.89,0.27,19.25,21.23,0.8,0,Safe
126.37,242.83,88.88,43.26,3.41,52.25,16.33,83.0,3,Critical
21.52,35.43,85.95,40.27,0.32,26.85,14.61,14.3,0,Safe
2.2,11.46,33.36,28.24,0.21,6.46,20.99,0.0,0,Safe
7.6,104.0,76.06,29.46,1.12,27.01,17.24,21.0,0,Safe
49.37,74.75,63.75,24.09,0.88,28.43,14.33,20.6,0,Safe
54.54,112.32,85.46,33.9,1.57,47.05,16.03,48.5,1,Watch
1.84,12.65,48.32,26.91,0.19,13.11,19.2,4.6,0,Safe
6.28,33.18,66.08,21.59,0.49,25.91,17.12,7.1,0,Safe
57.17,124.06,83.65,37.67,1.87,52.35,16.21,58.8,1,Watch
62.47,323.2,91.73,40.85,2.22,55.44,15.4,74.8,2,Warning
0.73,16.54,23.05,25.53,0.31,15.27,26.21,3.7,0,Safe
22.14,81.73,63.63,31.72,0.93,44.37,20.07,28.2,0,Safe
0.66,4.16,22.96,27.0,0.44,3.86,21.29,2.1,0,Safe
6.16,9.17,30.31,29.94,0.46,3.64,29.07,2.4,0,Safe
49.62,113.91,89.19,44.21,1.63,51.03,15.58,65.7,2,Warning
0.21,4.49,45.58,42.89,0.44,12.17,23.33,5.4,0,Safe
6.43,2.6,19.33,30.27,0.45,17.75,22.66,3.9,0,Safe
19.09,137.5,78.64,38.29,0.87,41.85,12.1,42.0,1,Watch
84.04,115.45,75.37,37.85,1.8,36.41,17.99,52.5,1,Watch
52.67,107.67,60.01,36.01,0.69,19.1,24.04,31.7,1,Watch
17.56,106.37,62.72,34.99,0.61,37.59,18.49,28.2,0,Safe
16.59,37.55,49.3,31.01,1.19,24.76,13.64,13.4,0,Safe
1.97,7.88,28.13,20.02,0.25,8.37,22.12,0.9,0,Safe
24.78,111.13,66.6,40.46,1.32,56.1,19.36,48.9,1,Watch
112.1,355.96,90.91,42.74,1.98,70.79,18.17,98.6,3,Critical
64.23,314.9,93.7,47.74,4.59,72.14,15.65,100.0,3,Critical
16.01,95.69,68.34,35.21,0.85,23.67,18.97,21.1,0,Safe
43.24,192.86,77.65,30.81,1.36,46.89,20.55,46.1,1,Watch
1.95,13.54,35.14,14.62,0.29,10.78,23.93,2.9,0,Safe
30.7,105.47,66.88,30.79,0.41,19.65,20.85,22.3,0,Safe
57.72,252.22,96.13,36.86,3.37,81.28,10.63,88.2,3,Critical
0.02,12.86,39.45,30.13,0.33,8.58,18.78,1.0,0,Safe
33.54,73.92,59.06,33.93,1.08,30.91,22.84,26.7,0,Safe
21.84,91.54,63.29,39.99,0.77,34.13,19.02,27.9,0,Safe
4.91,83.17,53.92,35.0,1.02,37.93,23.39,24.5,0,Safe
5.52,13.17,33.1,23.1,0.26,14.64,27.18,3.4,0,Safe
16.85,110.02,58.47,24.96,0.56,31.33,13.32,18.8,0,Safe
3.35,14.87,50.95,28.59,0.27,16.07,22.03,7.6,0,Safe
60.12,136.81,69.86,32.16,1.55,35.16,12.96,40.7,1,Watch
30.78,121.19,73.68,30.0,1.91,55.46,13.09,43.6,1,Watch
25.58,65.05,79.18,32.46,1.01,27.63,19.16,27.1,0,Safe
0.49,13.3,20.72,43.71,0.58,10.14,23.67,4.9,0,Safe
12.93,13.17,33.2,26.08,0.52,7.13,24.4,8.8,0,Safe
90.95,346.0,88.56,54.14,4.04,79.22,15.3,100.0,3,Critical
6.79,18.24,48.66,10.32,0.25,11.59,24.46,3.2,0,Safe
2.89,8.02,35.26,35.36,0.45,9.78,23.59,0.0,0,Safe
5.03,16.16,33.98,18.2,0.37,10.52,29.45,4.9,0,Safe
2.75,12.43,30.98,25.26,0.29,7.12,23.7,2.3,0,Safe
94.18,211.03,92.5,47.74,4.19,87.9,16.79,100.0,3,Critical
87.94,166.17,62.49,45.67,1.15,29.65,16.79,57.6,1,Watch
95.86,259.57,94.13,39.37,3.42,52.49,6.96,82.7,3,Critical
1.1,0.97,39.57,19.65,0.31,6.5,26.37,0.0,0,Safe
57.29,139.23,84.08,34.6,1.77,44.99,14.1,53.0,1,Watch
122.05,222.16,88.19,40.3,2.31,68.83,12.32,81.6,3,Critical
73.51,147.09,64.24,25.23,0.86,37.82,15.61,41.7,1,Watch
0.47,21.86,37.98,43.72,0.13,8.51,33.02,0.0,0,Safe
36.05,112.99,72.45,33.69,1.97,54.61,15.02,47.5,1,Watch
3.24,9.56,41.19,27.43,0.21,7.75,28.41,3.3,0,Safe
0.93,11.03,29.68,34.05,0.31,9.63,31.78,0.0,0,Safe
41.08,116.56,45.09,31.69,0.3,40.65,15.96,32.5,1,Watch
58.32,116.65,90.53,46.23,1.74,50.05,15.41,69.4,2,Warning
98.7,269.03,88.6,49.34,3.84,72.91,12.9,100.0,3,Critical
3.06,51.85,74.54,41.76,0.65,35.4,18.86,20.1,0,Safe
55.72,343.48,93.91,36.83,2.14,72.86,11.39,82.7,3,Critical
54.71,245.91,95.91,56.34,3.16,84.35,12.61,100.0,3,Critical
43.84,157.01,77.64,42.65,1.55,53.11,23.36,56.3,1,Watch
12.92,94.55,72.67,33.99,0.79,31.87,18.37,26.9,0,Safe
1.34,1.97,32.76,29.99,0.25,5.11,31.76,0.0,0,Safe
70.03,132.72,83.54,44.78,1.85,55.96,17.51,71.2,2,Warning
47.97,217.09,71.91,37.69,1.08,36.02,20.53,51.5,1,Watch
21.09,56.49,61.59,31.04,0.8,18.08,20.84,6.8,0,Safe
63.07,321.54,88.59,42.15,3.27,68.38,13.7,92.4,3,Critical
4.52,17.99,41.52,21.59,0.32,12.79,21.15,6.2,0,Safe
65.83,201.06,71.41,42.39,1.74,57.04,17.69,70.8,2,Warning
0.34,17.14,42.26,47.2,0.35,5.99,30.4,6.4,0,Safe
1.83,13.41,33.34,30.29,0.5,4.72,20.7,0.1,0,Safe
1.88,14.26,27.32,20.45,0.56,10.51,17.48,0.0,0,Safe
2.38,16.48,25.55,34.89,0.33,12.45,25.77,2.5,0,Safe
22.74,191.2,76.33,43.4,1.07,49.32,17.2,55.6,1,Watch
25.04,32.97,57.22,40.29,0.62,24.37,21.01,22.5,0,Safe
57.14,45.58,57.66,39.09,1.09,23.06,20.81,30.7,1,Watch
2.97,8.02,35.21,25.43,0.38,8.48,18.75,0.0,0,Safe
4.27,3.01,53.66,30.03,0.43,7.64,25.22,3.0,0,Safe
106.46,292.57,98.7,46.52,3.9,68.17,13.6,100.0,3,Critical
6.41,68.2,65.85,32.33,0.38,23.04,21.18,16.1,0,Safe
103.72,297.9,90.78,53.67,3.68,53.43,13.03,100.0,3,Critical
16.53,84.11,55.67,40.32,0.68,24.62,20.44,27.6,0,Safe
119.14,328.7,88.72,54.67,1.98,74.17,14.7,100.0,3,Critical
39.84,92.24,51.06,29.87,0.31,18.21,22.82,18.0,0,Safe
16.88,36.99,51.45,38.31,0.62,35.86,23.88,18.1,0,Safe
30.28,115.74,64.97,32.85,0.52,32.61,18.64,28.7,0,Safe
36.8,120.1,84.52,39.46,1.7,57.67,13.88,59.8,1,Watch
30.04,202.35,84.53,36.78,1.83,52.22,14.73,57.2,1,Watch
15.02,34.74,46.69,28.88,0.9,24.33,18.53,11.7,0,Safe
54.12,259.95,87.28,41.22,2.84,59.06,19.03,77.7,2,Warning
23.77,80.13,65.46,28.56,1.03,28.02,25.07,21.8,0,Safe
113.58,342.58,89.81,38.61,3.23,71.94,13.89,93.2,3,Critical
18.44,57.71,56.49,26.75,0.63,37.05,23.74,23.5,0,Safe
1.17,15.15,41.14,23.91,0.42,2.53,22.61,3.9,0,Safe
9.32,67.32,71.18,24.12,1.2,31.92,20.05,20.2,0,Safe
25.1,78.79,53.45,42.43,1.06,29.14,17.63,25.6,0,Safe
20.3,47.34,66.04,33.3,0.62,27.25,21.23,25.8,0,Safe
99.59,290.29,95.83,43.98,4.57,77.63,14.03,100.0,3,Critical
27.32,83.85,64.16,38.61,0.93,29.04,23.53,29.0,0,Safe
24.34,57.09,64.6,34.62,0.86,28.6,24.57,19.4,0,Safe
69.14,214.19,76.25,35.12,1.65,43.08,18.42,56.2,1,Watch
49.91,147.59,75.9,44.36,1.54,47.24,23.58,58.5,1,Watch
9.88,85.89,77.7,19.56,0.55,26.5,14.27,14.0,0,Safe
5.63,77.09,59.9,29.81,0.91,23.72,21.85,15.9,0,Safe
14.61,102.36,62.35,24.7,0.83,36.24,16.52,23.5,0,Safe
63.72,334.96,96.83,45.31,3.57,88.97,15.46,100.0,3,Critical
17.09,119.82,57.84,28.28,1.11,25.66,20.49,14.4,0,Safe
28.43,63.01,72.89,43.53,0.33,29.04,22.81,29.3,0,Safe
23.84,47.75,59.68,36.26,0.71,18.05,15.99,17.3,0,Safe
39.41,139.19,80.19,39.58,1.55,38.43,14.47,47.9,1,Watch
5.76,17.96,33.84,30.98,0.13,12.54,28.07,2.9,0,Safe
2.24,3.16,32.03,37.04,0.2,6.71,23.97,0.0,0,Safe
0.1,13.85,38.78,26.72,0.3,14.67,24.2,4.0,0,Safe
6.82,85.19,49.18,28.13,0.46,22.62,21.48,9.7,0,Safe
54.76,182.75,80.33,27.19,0.94,20.5,15.86,32.3,1,Watch
5.59,70.68,66.56,35.06,1.1,19.87,20.01,15.2,0,Safe
44.65,118.56,67.39,44.54,1.43,44.56,17.12,50.4,1,Watch
1.43,13.89,25.45,45.6,0.22,14.0,26.47,1.4,0,Safe
3.34,16.9,37.76,19.34,0.24,5.57,29.12,5.1,0,Safe
93.0,322.31,92.45,39.32,2.59,82.99,14.78,95.6,3,Critical
2.94,19.21,24.43,25.53,0.23,11.03,25.08,7.1,0,Safe
8.07,55.88,62.68,33.46,0.85,23.23,16.9,16.3,0,Safe
42.16,140.42,67.33,38.79,1.08,46.23,16.94,49.4,1,Watch
39.06,170.19,83.67,32.94,0.99,51.09,13.74,44.9,1,Watch
3.99,4.76,19.61,22.43,0.14,4.18,26.33,5.4,0,Safe
4.44,18.99,34.35,22.92,0.27,18.6,22.65,3.0,0,Safe
67.0,82.1,60.33,33.18,0.53,19.29,17.45,29.3,0,Safe
39.36,109.59,55.23,31.17,0.91,26.99,20.11,22.1,0,Safe
34.32,202.36,84.06,30.98,1.7,37.26,15.16,41.6,1,Watch
11.44,51.04,63.84,33.91,0.44,36.07,19.87,27.5,0,Safe
22.99,177.71,64.17,34.55,1.11,38.08,11.99,33.1,1,Watch
85.38,250.36,91.19,54.76,4.41,53.39,13.22,100.0,3,Critical
3.13,16.77,34.19,12.0,0.15,6.22,13.01,0.1,0,Safe
122.9,253.47,96.29,55.16,3.12,55.39,14.04,100.0,3,Critical
12.96,62.34,55.4,22.24,1.12,26.14,19.64,13.7,0,Safe
53.7,95.47,66.48,29.51,0.96,34.02,20.4,27.5,0,Safe
40.66,178.25,85.19,36.54,1.55,54.66,12.76,54.6,1,Watch
8.5,4.8,28.08,26.79,0.56,16.72,27.53,5.6,0,Safe
7.19,12.02,21.53,25.4,0.58,10.13,25.96,0.9,0,Safe
32.68,97.04,47.94,24.61,0.72,32.9,16.23,27.7,0,Safe
1.75,11.76,37.94,23.21,0.33,8.7,22.82,0.9,0,Safe
1.03,8.42,34.66,23.05,0.49,15.46,25.36,5.4,0,Safe
52.12,74.76,63.45,22.39,0.94,30.06,15.54,21.2,0,Safe
37.86,118.12,67.75,21.45,1.0,24.05,15.33,16.2,0,Safe
0.18,18.29,32.85,36.71,0.28,19.94,28.83,0.8,0,Safe
113.28,248.79,85.57,52.52,4.43,52.74,12.97,100.0,3,Critical
0.18,2.7,41.48,32.16,0.52,12.22,13.49,0.0,0,Safe
26.18,38.84,54.82,35.58,0.64,23.64,21.5,9.5,0,Safe
0.19,12.93,40.51,26.95,0.26,14.79,25.22,1.6,0,Safe
69.0,157.46,86.84,30.64,1.41,33.84,18.77,42.8,1,Watch
0.85,23.96,26.57,20.68,0.34,9.1,24.3,0.0,0,Safe
4.56,84.36,63.12,27.29,0.94,28.66,15.5,21.7,0,Safe
1.67,0.99,38.5,23.95,0.47,14.11,25.15,0.0,0,Safe
1.04,4.29,28.12,27.33,0.17,11.81,19.53,0.0,0,Safe
40.18,84.63,74.49,34.23,0.5,30.72,17.56,24.1,0,Safe
32.92,84.79,62.99,46.9,0.71,28.15,13.67,30.2,1,Watch
3.84,15.66,44.96,26.65,0.14,6.44,11.73,0.0,0,Safe
0.26,7.16,37.68,19.63,0.36,15.57,21.13,0.0,0,Safe
0.75,14.0,49.84,27.19,0.42,9.72,23.05,0.2,0,Safe
8.85,37.86,55.04,40.92,0.38,35.33,17.74,16.1,0,Safe
4.32,12.06,24.25,30.48,0.37,12.68,28.23,2.7,0,Safe
2.0,7.5,36.97,24.0,0.54,5.87,27.15,3.8,0,Safe
0.05,11.68,24.34,38.95,0.45,9.65,24.12,0.0,0,Safe
21.7,33.43,52.81,37.44,0.76,21.75,22.13,17.5,0,Safe
58.92,242.99,91.44,49.55,3.88,61.4,16.52,97.4,3,Critical
11.1,72.37,54.19,30.04,0.9,26.24,21.31,16.6,0,Safe
0.2,11.14,33.06,24.67,0.33,11.42,22.82,0.5,0,Safe
0.08,21.78,28.32,30.07,0.48,9.8,26.71,1.0,0,Safe
20.24,126.39,84.13,37.88,0.8,50.51,15.98,41.8,1,Watch
1.33,21.01,48.32,29.3,0.6,11.62,25.46,10.0,0,Safe
18.53,75.94,70.02,25.34,1.01,21.52,23.43,16.0,0,Safe
16.26,86.5,57.43,26.51,0.88,27.21,17.67,14.9,0,Safe
27.99,72.45,83.77,25.56,1.04,38.52,20.54,24.9,0,Safe
11.13,38.12,62.34,28.65,0.68,22.5,19.03,11.1,0,Safe
1.83,4.17,35.14,33.08,0.41,9.7,22.71,0.0,0,Safe
0.02,23.41,39.06,33.4,0.23,16.37,24.15,5.8,0,Safe
0.1,1.4,37.9,33.61,0.44,16.14,24.42,2.5,0,Safe
29.72,76.87,53.86,34.91,0.86,27.96,25.13,23.0,0,Safe
0.19,14.24,44.68,30.2,0.21,12.21,29.55,7.3,0,Safe
18.69,48.25,65.51,38.06,1.04,35.49,18.43,29.1,0,Safe
3.74,107.35,65.44,35.7,1.08,21.36,18.64,23.2,0,Safe
3.25,14.8,45.27,47.93,0.41,6.14,18.29,4.0,0,Safe
0.22,19.37,33.88,41.83,0.32,10.4,21.11,0.3,0,Safe
102.58,302.42,92.74,42.17,2.65,68.47,8.86,92.2,3,Critical
94.31,211.97,89.16,48.79,4.19,57.76,10.79,99.0,3,Critical
69.63,131.78,91.03,40.03,1.85,45.39,16.75,63.2,2,Warning
5.2,1.34,25.86,36.02,0.37,9.08,30.57,0.0,0,Safe
90.96,121.23,78.05,39.88,1.13,33.14,7.81,51.0,1,Watch
70.29,297.22,91.8,56.12,2.52,80.43,11.69,100.0,3,Critical
0.81,11.05,39.53,32.15,0.17,8.64,25.35,1.0,0,Safe
91.95,192.03,89.35,55.11,3.97,70.61,18.42,100.0,3,Critical
51.34,237.15,93.52,56.77,2.4,88.42,10.88,100.0,3,Critical
1.28,9.13,38.04,22.41,0.36,0.0,28.96,2.6,0,Safe
1.47,1.11,37.52,22.0,0.53,8.22,25.07,0.0,0,Safe
4.01,112.83,67.65,32.32,1.03,45.5,18.35,23.9,0,Safe
0.06,0.99,41.33,26.62,0.19,8.62,22.66,0.0,0,Safe
7.81,48.16,56.44,26.65,0.59,24.93,12.71,7.7,0,Safe
12.35,44.05,64.27,33.17,0.94,42.53,20.6,24.8,0,Safe
97.45,233.56,90.3,37.38,1.93,91.06,11.45,83.6,3,Critical
18.59,181.17,82.55,37.69,1.21,50.93,13.97,49.3,1,Watch
20.52,53.99,46.96,33.21,0.99,31.6,18.6,15.9,0,Safe
3.55,6.12,45.91,20.32,0.41,12.88,26.99,0.0,0,Safe
4.01,12.09,41.11,36.51,0.22,7.72,32.13,0.0,0,Safe
45.12,106.5,64.1,38.47,1.03,22.04,18.77,27.1,0,Safe
4.29,19.6,47.37,21.13,0.12,5.95,21.23,0.0,0,Safe
81.77,254.74,94.59,40.82,3.34,77.07,12.98,100.0,3,Critical
63.74,191.24,74.29,31.05,1.45,56.42,14.88,52.5,1,Watch
6.46,23.99,37.9,21.25,0.53,7.43,19.72,6.8,0,Safe
120.02,359.58,97.17,57.48,3.76,73.98,15.92,100.0,3,Critical
42.84,154.93,86.43,47.95,1.46,41.32,13.32,61.9,2,Warning
20.16,65.85,59.95,35.43,0.98,32.89,12.64,20.6,0,Safe
1.87,14.16,26.55,32.29,0.58,10.79,19.17,1.6,0,Safe
6.82,46.81,79.77,30.36,1.09,26.41,17.5,11.6,0,Safe
26.21,99.69,39.45,29.59,0.41,22.33,17.62,17.7,0,Safe
1.49,17.82,28.4,30.55,0.6,3.56,23.47,0.0,0,Safe
1.33,6.67,40.73,23.0,0.55,15.27,23.71,5.4,0,Safe
23.56,68.02,63.39,32.16,0.53,15.8,22.6,11.1,0,Safe
0.29,10.19,48.43,18.63,0.27,7.56,24.36,0.0,0,Safe
27.86,48.69,46.17,34.67,0.45,34.71,17.17,19.0,0,Safe
53.37,208.14,88.8,38.68,4.18,75.05,17.56,84.5,3,Critical
19.36,114.28,72.55,44.23,1.06,23.35,15.13,31.7,1,Watch
2.46,11.06,33.61,34.6,0.38,0.0,26.03,0.4,0,Safe
3.23,5.11,52.15,35.54,0.18,10.62,32.77,1.6,0,Safe
27.42,185.26,76.43,44.13,1.12,49.74,11.78,46.6,1,Watch
21.36,83.87,49.75,26.95,0.57,20.36,13.64,10.4,0,Safe
0.63,23.35,26.76,28.93,0.45,10.5,24.94,0.0,0,Safe
2.97,14.53,29.22,24.13,0.43,8.29,26.06,0.4,0,Safe
43.99,169.64,90.07,58.3,1.89,41.93,14.53,78.2,2,Warning
56.69,197.87,83.56,31.43,1.75,27.88,13.28,41.6,1,Watch
60.24,330.24,91.7,44.5,2.11,72.77,14.11,85.3,3,Critical
70.53,306.94,92.97,43.22,3.09,89.46,8.69,98.8,3,Critical
0.0,11.45,21.78,22.67,0.51,11.57,17.34,1.7,0,Safe
35.03,164.63,70.88,35.98,1.04,48.43,8.4,45.9,1,Watch
29.08,35.13,55.12,34.64,0.63,14.81,16.93,17.8,0,Safe
22.36,91.82,58.81,33.53,0.33,35.91,17.62,26.9,0,Safe
1.28,2.65,30.0,28.1,0.2,4.28,26.97,1.5,0,Safe
97.82,150.59,81.58,42.36,1.14,41.23,19.38,60.6,2,Warning
8.41,24.8,39.29,24.02,0.41,10.88,19.83,0.0,0,Safe
51.88,303.52,88.02,44.0,4.08,59.4,15.6,83.5,3,Critical
103.6,284.81,89.22,45.5,2.47,63.86,18.12,94.5,3,Critical
39.77,116.38,54.78,22.58,0.77,27.23,23.39,17.9,0,Safe
4.0,6.63,27.63,31.56,0.53,16.81,21.38,7.6,0,Safe
10.91,24.52,27.7,42.42,0.26,13.75,22.92,0.0,0,Safe
0.21,13.24,42.33,27.88,0.2,14.23,18.09,0.6,0,Safe
0.83,20.43,24.52,30.06,0.27,8.46,26.97,1.6,0,Safe
135.45,170.39,65.35,29.86,1.13,50.41,19.91,45.7,1,Watch
54.47,186.85,79.8,40.52,1.82,44.21,18.01,55.6,1,Watch
34.29,188.09,81.03,34.38,1.84,30.83,17.27,47.3,1,Watch
76.41,307.62,96.63,41.47,2.04,61.27,9.69,84.3,3,Critical
53.25,67.25,81.89,32.58,1.04,18.92,12.62,27.2,0,Safe
104.6,254.24,88.39,42.49,2.18,68.92,18.94,92.4,3,Critical
5.91,35.12,60.22,37.37,0.73,35.95,17.8,21.2,0,Safe
60.44,97.9,54.91,31.93,0.97,27.02,14.93,30.0,0,Safe
4.32,12.87,38.47,27.31,0.48,6.06,18.63,0.0,0,Safe
1.81,3.22,43.35,16.2,0.4,11.15,27.89,0.0,0,Safe
93.98,195.3,79.71,34.98,1.88,60.78,15.8,65.9,2,Warning
20.51,117.47,62.89,22.59,0.32,31.74,20.56,15.2,0,Safe
0.5,0.94,40.55,24.29,0.31,12.62,27.0,0.6,0,Safe
1.19,23.63,47.22,23.06,0.46,8.8,19.43,3.4,0,Safe
1.2,9.37,23.43,24.58,0.43,16.97,21.13,3.6,0,Safe
93.06,286.94,91.13,47.23,2.53,70.46,14.81,95.7,3,Critical
3.07,16.01,30.38,28.98,0.36,9.66,23.14,0.6,0,Safe
38.15,212.18,91.33,46.25,1.64,37.27,17.09,59.7,1,Watch
12.97,77.5,66.66,28.88,0.33,25.32,17.84,9.7,0,Safe
48.8,219.53,82.78,25.86,1.01,48.69,18.51,43.5,1,Watch
4.41,0.45,32.59,23.92,0.21,8.43,19.57,0.0,0,Safe
0.96,17.89,21.41,27.12,0.4,11.33,24.84,6.2,0,Safe
52.28,206.69,75.57,36.42,1.39,46.86,22.21,58.5,1,Watch
10.26,19.26,25.86,41.47,0.39,10.66,34.1,3.1,0,Safe
76.75,219.26,77.39,34.77,1.66,40.6,16.07,59.7,1,Watch
25.24,59.52,61.98,38.51,0.87,32.94,20.12,20.9,0,Safe
7.11,24.2,20.07,22.71,0.49,12.18,28.49,0.0,0,Safe
114.16,328.58,96.27,36.36,4.24,71.14,11.36,86.0,3,Critical
32.27,79.43,53.98,29.66,0.54,34.49,18.87,18.1,0,Safe
51.88,137.38,67.8,41.05,0.88,47.54,15.45,50.5,1,Watch
5.01,89.26,64.22,28.94,0.95,15.83,19.87,4.6,0,Safe
1.66,8.76,33.62,19.53,0.55,11.32,21.01,7.1,0,Safe
83.13,171.15,75.24,41.6,1.49,48.76,15.51,66.5,2,Warning
10.35,13.01,23.7,28.56,0.42,8.2,23.93,3.0,0,Safe
47.01,107.63,58.88,30.32,1.06,25.36,19.6,29.0,0,Safe
0.89,21.13,34.31,31.23,0.43,15.87,30.1,6.9,0,Safe
114.88,293.55,86.63,44.43,4.63,63.67,17.32,93.2,3,Critical
13.17,54.11,44.17,44.77,1.01,12.2,22.59,6.3,0,Safe
2.61,7.06,37.12,27.75,0.17,10.59,21.18,2.7,0,Safe
48.43,205.78,77.88,35.41,1.23,45.77,17.69,51.9,1,Watch
4.7,7.21,43.72,26.69,0.43,8.84,20.75,0.0,0,Safe
56.65,205.62,91.33,38.41,1.99,41.97,15.65,59.4,1,Watch
2.11,4.46,35.21,26.46,0.59,9.31,26.81,1.8,0,Safe
5.71,79.39,48.48,34.95,0.85,25.69,17.12,21.8,0,Safe
1.61,10.04,28.34,37.54,0.21,15.1,24.97,0.0,0,Safe
17.36,61.1,61.87,34.85,0.91,33.16,11.62,23.1,0,Safe
32.6,97.25,69.92,38.96,0.63,31.78,19.17,33.0,1,Watch
1.93,12.79,28.63,30.67,0.19,8.61,15.46,1.5,0,Safe
85.95,345.42,95.96,57.92,4.72,54.58,10.86,100.0,3,Critical
1.76,0.8,49.86,20.61,0.21,12.46,31.1,0.0,0,Safe
4.21,21.23,40.17,17.48,0.46,10.08,22.1,4.2,0,Safe
1.32,9.99,44.06,23.42,0.37,7.9,25.06,0.2,0,Safe
19.43,55.43,39.16,32.69,0.42,18.9,10.63,13.8,0,Safe
58.88,270.66,88.11,44.2,4.71,54.42,14.4,80.2,3,Critical
5.92,15.92,61.3,32.85,0.11,10.06,25.3,4.2,0,Safe
1.37,23.46,19.67,30.97,0.57,15.59,19.89,5.4,0,Safe
26.95,86.36,63.12,38.53,0.58,20.42,21.03,17.1,0,Safe
0.29,24.99,28.24,32.02,0.19,11.78,24.78,1.9,0,Safe
91.63,128.08,69.84,46.38,1.54,48.3,12.15,67.4,2,Warning
24.37,111.7,78.18,35.62,1.07,51.58,14.82,38.2,1,Watch
0.2,4.28,31.84,28.98,0.25,6.52,26.57,0.0,0,Safe
38.42,197.42,73.32,54.92,1.16,47.79,20.5,78.1,2,Warning
50.17,112.47,77.76,46.86,1.96,34.34,12.57,53.2,1,Watch
8.15,90.14,71.01,35.81,0.77,29.62,22.31,24.9,0,Safe
6.11,13.74,32.6,22.06,0.54,17.86,18.68,0.0,0,Safe
0.15,17.27,29.74,17.6,0.19,11.95,24.62,0.0,0,Safe
0.17,18.39,40.6,17.62,0.39,5.58,24.7,1.4,0,Safe
1.41,13.27,35.31,28.6,0.21,11.61,23.8,4.1,0,Safe
1.23,17.17,35.76,15.32,0.13,4.65,23.31,4.8,0,Safe
16.48,76.97,53.02,39.0,0.95,27.06,17.47,25.4,0,Safe
2.59,3.55,28.85,21.97,0.4,9.96,19.79,3.7,0,Safe
4.28,17.51,28.31,26.21,0.25,14.5,31.5,0.0,0,Safe
0.16,21.94,24.38,23.57,0.24,11.91,23.4,3.6,0,Safe
86.73,125.44,68.87,42.16,1.87,48.79,11.82,60.3,2,Warning
9.94,12.52,46.8,19.85,0.27,8.9,25.38,4.1,0,Safe
1.67,19.56,35.79,31.53,0.11,15.72,18.2,4.3,0,Safe
60.2,319.17,95.0,44.21,2.84,80.23,15.79,96.5,3,Critical
0.32,13.88,37.76,10.0,0.14,8.68,16.0,0.0,0,Safe
8.13,76.33,61.97,35.55,0.47,35.89,19.39,23.0,0,Safe
50.86,221.66,89.87,36.14,4.52,73.67,15.86,83.7,3,Critical
37.82,61.05,59.51,28.15,0.82,44.89,10.99,27.4,0,Safe
60.02,133.03,82.11,30.89,1.09,42.57,13.28,44.9,1,Watch
35.19,119.69,77.4,26.39,1.78,54.6,13.31,35.3,1,Watch
2.63,16.18,33.28,24.19,0.43,7.34,25.14,6.6,0,Safe
42.42,142.8,74.81,35.46,1.75,49.25,17.0,48.4,1,Watch
19.02,97.21,44.36,35.64,0.78,34.03,23.47,28.5,0,Safe
1.06,4.34,41.07,18.38,0.52,9.14,27.63,0.0,0,Safe
0.86,2.24,47.61,21.0,0.3,17.09,24.08,0.3,0,Safe
31.54,112.31,73.97,44.16,0.6,19.4,14.07,29.1,0,Safe
106.8,302.47,95.31,57.3,3.39,72.62,9.23,100.0,3,Critical
48.3,74.23,50.88,31.53,0.81,31.75,14.14,30.5,1,Watch
84.02,253.79,95.47,39.97,2.53,61.68,20.58,84.9,3,Critical
0.03,20.32,32.73,25.16,0.13,6.86,26.16,0.0,0,Safe
22.5,108.83,53.13,28.54,0.9,15.43,16.12,11.6,0,Safe
12.34,94.64,52.37,33.36,1.08,24.1,15.89,7.4,0,Safe
84.43,140.13,87.03,39.97,1.86,29.1,11.37,54.1,1,Watch
83.58,248.93,93.96,47.11,2.26,77.8,14.02,100.0,3,Critical
0.88,7.88,39.96,32.62,0.26,12.57,31.38,2.7,0,Safe
45.22,91.56,61.52,34.63,0.89,29.39,15.38,28.5,0,Safe
1.05,20.05,35.98,35.07,0.32,5.41,31.9,5.6,0,Safe
10.51,72.14,61.68,28.06,0.96,25.99,16.61,11.4,0,Safe
99.34,215.94,92.59,42.53,1.01,55.68,17.07,74.7,2,Warning
34.09,121.56,69.6,41.86,1.2,39.96,17.29,41.1,1,Watch
53.27,198.17,79.98,33.68,1.35,47.37,16.7,50.6,1,Watch
1.72,16.52,36.5,34.97,0.35,16.22,24.62,1.2,0,Safe
70.33,137.51,85.4,52.66,0.84,55.2,17.87,79.1,2,Warning
50.75,39.66,51.06,34.35,1.02,23.71,22.0,21.1,0,Safe
0.91,12.66,30.69,37.33,0.57,5.54,25.16,3.3,0,Safe
0.25,4.21,23.67,27.07,0.44,8.44,22.13,0.0,0,Safe
15.35,32.35,53.93,29.99,0.64,34.81,23.4,14.9,0,Safe
41.17,134.17,87.28,47.63,1.33,42.94,18.75,53.9,1,Watch
15.54,112.9,64.76,25.03,1.09,37.99,20.6,21.9,0,Safe
48.13,60.09,64.63,29.97,0.6,34.51,21.2,30.4,1,Watch
2.94,22.53,21.77,26.77,0.27,9.15,28.96,0.0,0,Safe
0.08,21.57,18.33,34.73,0.21,9.08,31.17,0.0,0,Safe
3.21,21.15,23.4,21.24,0.33,5.29,24.37,0.0,0,Safe
27.72,104.97,85.04,23.52,0.72,35.92,15.08,25.1,0,Safe
13.26,103.0,57.37,26.96,0.36,19.79,15.99,13.6,0,Safe
3.57,1.25,28.87,36.48,0.13,10.54,27.7,0.0,0,Safe
5.8,10.1,22.61,18.95,0.14,5.6,26.84,3.3,0,Safe
3.64,15.41,33.77,20.45,0.57,12.48,21.87,0.0,0,Safe
55.94,298.61,94.84,49.95,4.19,86.09,14.81,100.0,3,Critical
37.18,152.83,91.2,34.3,1.44,24.88,20.79,38.5,1,Watch
36.61,128.91,80.7,36.13,1.86,46.34,19.66,46.9,1,Watch
20.36,84.18,55.19,34.41,0.75,24.3,20.28,20.7,0,Safe
25.5,109.78,69.27,31.42,0.74,29.27,12.8,18.0,0,Safe
0.09,23.82,35.31,30.47,0.29,13.48,25.72,0.6,0,Safe
31.27,98.93,71.75,30.38,0.79,30.01,19.51,21.6,0,Safe
34.32,126.53,77.12,38.11,1.15,35.94,15.28,41.9,1,Watch
26.38,209.16,80.12,37.77,1.06,43.49,12.28,48.6,1,Watch
1.75,23.41,36.12,25.91,0.49,5.52,21.77,0.0,0,Safe
20.3,92.67,67.78,37.19,0.66,21.97,19.22,16.8,0,Safe
79.4,195.73,94.0,36.25,1.83,91.52,15.68,85.6,3,Critical
66.83,203.65,77.61,40.73,1.28,47.39,15.93,69.6,2,Warning
57.69,133.86,78.25,49.57,1.51,54.35,22.59,76.9,2,Warning
1.68,7.0,29.24,23.07,0.57,8.47,25.02,0.4,0,Safe
55.22,169.32,72.06,35.83,0.87,48.45,21.18,56.4,1,Watch
2.62,9.33,36.5,24.63,0.52,12.6,20.81,5.6,0,Safe
6.17,12.06,35.9,32.36,0.5,10.55,19.62,0.0,0,Safe
27.47,205.16,73.84,32.69,1.94,34.11,9.62,40.8,1,Watch
30.22,152.48,78.76,41.76,1.77,50.41,23.93,54.9,1,Watch
4.37,98.24,74.32,21.95,0.54,20.08,20.18,11.5,0,Safe
54.15,357.95,94.54,42.35,3.44,79.79,18.15,98.9,3,Critical
2.37,10.22,37.95,33.3,0.25,12.03,26.24,3.5,0,Safe
33.5,193.53,73.93,38.66,1.87,34.56,13.56,49.6,1,Watch
47.76,150.4,72.89,29.36,1.32,54.84,14.27,44.6,1,Watch
6.35,109.17,64.72,27.12,0.35,36.81,19.7,18.7,0,Safe
0.44,12.79,26.59,33.09,0.12,13.26,19.21,6.3,0,Safe
0.15,9.53,40.86,26.11,0.57,11.38,20.39,2.2,0,Safe
19.24,115.57,69.61,32.93,1.14,31.63,20.15,27.5,0,Safe
1.07,9.62,29.01,29.57,0.25,11.4,31.42,2.7,0,Safe
23.12,96.57,59.11,39.85,0.88,28.13,28.5,28.0,0,Safe
27.56,43.09,78.77,33.51,1.15,24.23,18.63,21.6,0,Safe
97.18,233.16,87.66,45.3,2.35,77.49,14.24,100.0,3,Critical
71.25,136.15,77.5,31.71,1.55,48.35,12.72,52.7,1,Watch
0.4,24.83,24.31,29.02,0.5,4.05,23.47,1.2,0,Safe
1.25,17.98,32.84,35.06,0.31,6.41,21.98,2.2,0,Safe
37.63,132.16,65.69,44.95,1.09,43.35,12.72,51.2,1,Watch
23.35,107.04,60.52,37.31,0.44,33.8,24.5,28.5,0,Safe
2.19,13.75,42.81,29.95,0.4,14.27,19.59,0.9,0,Safe
111.62,304.05,94.62,54.79,2.36,64.61,16.54,100.0,3,Critical
16.22,50.17,61.86,34.05,0.35,26.57,20.19,10.0,0,Safe
1.21,2.7,24.6,14.57,0.31,11.72,29.49,0.0,0,Safe
0.48,6.22,48.35,34.4,0.13,13.16,28.41,3.7,0,Safe
28.69,80.02,55.47,32.67,0.6,32.87,20.72,21.3,0,Safe
34.99,125.81,70.66,33.86,1.89,37.31,15.31,40.6,1,Watch
28.26,66.75,58.66,23.79,0.56,35.71,15.85,25.0,0,Safe
35.07,107.15,47.89,49.25,0.69,22.85,18.97,31.2,1,Watch
0.03,4.7,36.48,29.87,0.45,11.95,20.71,4.5,0,Safe
0.47,2.61,39.76,34.22,0.27,9.86,21.25,1.2,0,Safe
1.35,2.63,43.36,23.42,0.33,12.46,17.26,2.3,0,Safe
4.15,21.99,38.46,29.4,0.41,1.59,23.07,8.4,0,Safe
68.68,143.74,82.36,35.34,1.21,55.74,12.21,53.5,1,Watch
0.62,17.57,36.73,28.11,0.24,13.21,22.6,3.9,0,Safe
7.74,88.09,68.04,31.01,1.18,18.63,18.59,14.2,0,Safe
104.33,335.96,91.22,40.69,4.0,54.7,13.66,87.3,3,Critical
24.06,164.88,82.02,48.68,1.63,41.68,15.27,57.2,1,Watch
13.89,75.2,82.36,31.39,0.86,26.67,21.09,25.1,0,Safe
43.65,66.36,63.4,45.12,0.78,21.54,22.47,27.9,0,Safe
37.98,121.96,82.76,28.97,1.81,38.57,14.04,34.4,1,Watch
0.79,22.23,37.55,22.14,0.33,16.72,26.87,3.6,0,Safe
1.89,3.39,21.39,29.39,0.38,11.76,20.45,3.3,0,Safe
90.59,237.1,98.08,39.18,4.67,60.08,11.28,84.3,3,Critical
37.27,81.06,50.29,25.14,0.96,26.42,21.78,19.7,0,Safe
119.8,253.23,89.75,42.18,2.29,52.36,11.62,79.6,2,Warning
0.02,17.57,39.22,22.9,0.6,0.94,26.59,0.1,0,Safe
20.97,62.31,52.31,23.94,0.75,24.44,15.47,17.8,0,Safe
0.34,7.64,38.78,30.69,0.11,11.41,26.53,2.0,0,Safe
6.06,11.84,46.77,29.34,0.57,9.44,20.56,0.4,0,Safe
55.72,159.07,76.4,46.29,1.26,39.93,14.96,57.0,1,Watch
121.88,317.17,85.46,50.64,1.81,90.76,14.44,100.0,3,Critical
0.65,0.59,36.09,25.84,0.2,12.82,19.29,2.7,0,Safe
24.65,44.21,66.0,34.26,1.03,19.71,19.95,12.9,0,Safe
1.15,3.59,44.38,29.01,0.15,6.1,22.37,4.8,0,Safe
42.42,70.38,69.29,28.59,0.74,24.95,23.04,21.3,0,Safe
5.03,23.05,33.21,28.37,0.28,11.25,28.63,0.2,0,Safe
150.0,141.79,80.44,51.16,1.52,39.77,10.84,72.6,2,Warning
25.22,33.0,69.86,38.68,1.09,23.46,23.44,21.0,0,Safe
42.0,192.85,82.96,48.43,1.63,40.33,18.14,65.9,2,Warning
7.76,20.63,34.44,26.8,0.28,12.81,21.09,0.6,0,Safe
2.87,22.81,22.73,17.09,0.19,11.91,26.69,3.7,0,Safe
1.75,13.11,46.39,24.32,0.55,2.98,28.24,5.1,0,Safe
0.35,7.47,26.69,28.44,0.42,12.21,18.05,0.0,0,Safe
0.2,19.7,32.43,35.75,0.13,7.36,22.35,3.7,0,Safe
23.26,58.97,47.67,42.81,0.32,22.43,16.85,19.4,0,Safe
3.62,7.73,11.05,31.6,0.36,8.2,21.13,0.0,0,Safe
9.21,77.83,51.99,30.65,0.5,50.16,19.13,27.1,0,Safe
62.76,123.38,72.83,35.65,0.8,56.97,14.89,44.9,1,Watch
45.8,69.2,60.16,29.83,0.56,28.04,18.9,24.3,0,Safe
2.94,6.05,61.27,20.41,0.34,12.73,29.28,4.1,0,Safe
65.46,193.11,75.24,25.16,1.42,31.9,17.36,37.7,1,Watch
13.8,68.56,59.75,40.75,1.06,42.74,16.43,32.3,1,Watch
19.41,62.84,68.89,32.36,0.31,30.45,15.66,19.8,0,Safe
2.85,4.25,33.62,34.25,0.15,5.69,22.98,1.5,0,Safe
3.98,5.72,36.27,29.81,0.52,10.52,25.57,0.8,0,Safe
1.69,20.51,39.49,30.39,0.6,0.0,18.27,2.0,0,Safe
8.09,9.08,43.01,14.11,0.58,17.19,18.85,1.8,0,Safe
0.71,10.53,35.91,23.45,0.51,7.65,23.83,0.0,0,Safe
10.58,41.79,64.48,40.93,0.79,32.09,16.01,22.5,0,Safe
27.93,43.6,64.53,34.5,0.59,23.29,19.09,16.4,0,Safe
2.0,14.01,24.13,19.23,0.19,15.03,28.91,4.1,0,Safe
120.01,257.19,95.54,49.0,3.07,71.59,15.9,100.0,3,Critical
2.47,7.47,36.54,19.88,0.17,10.8,26.65,0.7,0,Safe
1.0,5.8,35.97,34.33,0.38,9.08,17.46,0.0,0,Safe
0.46,15.46,49.95,17.9,0.55,6.73,27.09,5.9,0,Safe
14.61,92.76,60.14,37.15,0.73,33.47,12.64,21.7,0,Safe
0.11,15.56,35.26,22.75,0.35,8.4,26.17,0.0,0,Safe
24.99,45.89,66.27,43.01,0.57,37.27,18.18,32.8,1,Watch
23.65,133.63,84.81,24.39,1.41,38.99,16.03,32.0,1,Watch
41.08,48.13,60.71,33.15,1.17,28.83,20.36,24.8,0,Safe
117.72,313.27,97.9,51.2,4.8,63.65,12.15,100.0,3,Critical
0.42,15.18,36.21,25.73,0.3,7.89,22.16,3.5,0,Safe
2.0,6.31,32.72,30.06,0.19,6.25,30.59,0.0,0,Safe
0.28,8.24,42.32,30.04,0.21,11.76,15.01,3.3,0,Safe
29.3,60.09,69.53,44.13,0.87,29.51,18.04,28.7,0,Safe
8.69,43.44,66.42,38.89,1.09,30.18,22.59,22.5,0,Safe
2.54,24.3,36.42,24.55,0.42,11.53,27.52,0.0,0,Safe
0.81,4.93,29.29,29.44,0.24,14.56,28.27,0.2,0,Safe
1.45,19.8,31.8,33.0,0.58,4.4,24.51,0.0,0,Safe
0.38,13.85,25.51,19.75,0.36,10.0,28.02,2.3,0,Safe
10.39,111.19,56.86,30.62,0.41,30.29,16.68,17.4,0,Safe
94.54,133.63,88.39,27.48,1.29,48.49,12.54,44.6,1,Watch
71.33,207.08,76.77,33.09,1.61,45.64,20.29,57.0,1,Watch
16.52,109.29,74.98,35.08,0.77,28.63,18.11,29.7,0,Safe
27.39,51.82,57.78,25.49,0.44,35.6,17.51,20.8,0,Safe
9.26,16.51,44.0,32.56,0.13,17.29,22.46,10.4,0,Safe
83.78,137.1,75.0,47.07,1.36,25.03,24.48,55.2,1,Watch
47.25,97.48,69.72,40.91,0.84,24.32,18.15,38.2,1,Watch
4.07,15.71,44.35,41.51,0.45,10.66,20.56,3.6,0,Safe
112.13,198.97,87.39,40.68,2.92,52.09,7.13,83.0,3,Critical
2.88,19.3,30.77,33.93,0.35,11.67,23.89,5.1,0,Safe
42.86,34.72,62.71,30.28,0.77,25.97,19.68,22.1,0,Safe
20.45,38.56,55.2,40.55,0.72,30.15,21.48,23.1,0,Safe
2.05,21.05,33.71,22.81,0.2,2.43,26.62,1.9,0,Safe
53.26,69.62,43.88,22.61,0.55,31.46,21.79,24.1,0,Safe
0.2,13.11,37.6,25.51,0.27,3.72,24.74,0.0,0,Safe
2.5,1.63,30.87,25.01,0.14,15.34,27.94,0.0,0,Safe
20.58,78.71,62.95,40.3,0.43,22.57,24.78,22.8,0,Safe
34.84,135.53,79.06,34.08,1.09,40.51,17.56,34.2,1,Watch
26.26,141.78,72.59,41.15,1.18,48.85,16.19,49.2,1,Watch
81.77,298.12,92.85,55.41,4.05,61.24,9.25,100.0,3,Critical
23.75,39.7,62.44,28.02,0.85,29.99,19.99,12.1,0,Safe
51.07,220.61,98.54,36.97,4.5,66.91,10.13,82.8,3,Critical
15.82,87.64,72.09,40.34,0.78,25.34,14.59,23.2,0,Safe
8.86,21.2,26.35,32.02,0.57,7.6,23.28,4.9,0,Safe
11.58,134.27,85.07,38.82,1.15,60.24,15.34,51.6,1,Watch
0.38,8.01,27.63,21.73,0.11,8.65,23.92,4.1,0,Safe
35.0,118.34,62.99,27.51,0.38,34.61,15.86,26.5,0,Safe
5.98,91.26,66.79,30.04,0.65,25.8,15.23,15.7,0,Safe
20.25,129.18,75.63,32.81,1.78,31.23,14.57,30.3,1,Watch
6.52,2.1,33.71,15.18,0.12,14.37,23.0,1.4,0,Safe
0.12,11.3,35.62,17.42,0.11,9.75,19.76,1.1,0,Safe
102.35,305.63,94.68,51.83,3.95,57.1,12.1,100.0,3,Critical
129.01,314.07,85.5,49.78,3.36,66.2,13.76,100.0,3,Critical
128.29,165.22,86.83,44.25,1.2,40.75,16.3,65.0,2,Warning
5.97,14.49,36.52,43.0,0.41,14.34,28.41,0.0,0,Safe
41.73,137.52,76.2,26.01,0.81,53.82,15.93,37.1,1,Watch
123.21,228.93,85.48,55.59,1.94,85.25,9.85,100.0,3,Critical
8.38,35.37,51.38,30.02,0.58,30.68,19.89,12.6,0,Safe
25.48,54.19,71.21,33.79,0.92,18.96,25.57,18.1,0,Safe
5.04,8.23,37.32,28.34,0.41,10.75,22.48,7.4,0,Safe
129.06,372.67,86.84,48.0,1.93,91.96,17.24,100.0,3,Critical
1.42,7.28,34.94,26.67,0.1,14.34,20.96,2.5,0,Safe
0.44,14.73,33.62,25.55,0.24,16.71,22.17,2.3,0,Safe
3.33,1.43,39.57,32.62,0.33,13.33,25.91,0.0,0,Safe
0.15,11.03,29.6,27.92,0.59,6.86,23.59,2.9,0,Safe
0.44,14.23,24.51,35.12,0.12,3.38,25.83,2.5,0,Safe
0.78,0.23,26.66,47.75,0.4,5.38,22.44,0.5,0,Safe
32.95,178.53,74.49,39.78,0.92,28.62,19.95,39.1,1,Watch
37.0,189.94,64.76,35.75,0.97,49.27,17.53,41.0,1,Watch
28.83,113.57,74.49,46.36,0.77,48.32,13.77,48.5,1,Watch
5.29,71.51,76.57,24.55,0.49,9.88,18.91,6.8,0,Safe
0.15,1.81,24.84,20.79,0.41,0.0,19.22,3.2,0,Safe
73.94,266.41,97.89,38.57,4.73,74.36,7.57,93.2,3,Critical
18.58,70.44,74.84,40.41,0.47,18.69,17.5,15.4,0,Safe
37.27,111.48,62.84,37.28,0.46,39.48,21.02,35.8,1,Watch
92.02,325.73,92.65,48.89,4.79,91.79,13.38,100.0,3,Critical
21.89,41.33,63.59,33.52,0.77,35.84,17.03,23.7,0,Safe
65.31,184.25,64.15,37.12,1.61,46.94,20.82,57.8,1,Watch
119.75,202.42,90.74,40.09,2.94,62.08,13.13,87.9,3,Critical
27.19,95.37,64.18,24.5,0.81,32.22,17.57,23.0,0,Safe
0.5,11.37,46.47,34.1,0.11,1.67,24.29,0.0,0,Safe
121.21,306.83,88.1,42.71,3.54,88.07,16.46,100.0,3,Critical
27.77,124.83,81.76,44.55,1.54,37.95,15.39,41.7,1,Watch
65.45,110.7,77.94,29.76,1.58,45.27,16.01,42.9,1,Watch
2.03,0.23,31.86,34.15,0.17,11.95,24.47,0.3,0,Safe
42.75,55.96,49.71,25.29,0.85,30.45,18.9,19.5,0,Safe
1.07,11.04,55.64,28.92,0.56,14.65,27.79,2.4,0,Safe
3.45,17.17,39.93,25.79,0.39,7.26,24.35,1.2,0,Safe
22.59,36.01,88.49,25.41,0.75,36.15,19.9,18.3,0,Safe
2.58,17.35,43.79,43.81,0.18,4.52,24.25,3.2,0,Safe
14.23,46.97,54.47,35.33,0.42,29.51,20.18,15.8,0,Safe
1.24,8.22,44.73,15.81,0.11,12.06,27.55,0.0,0,Safe
0.03,7.53,41.8,28.26,0.45,6.92,28.12,0.0,0,Safe
5.29,5.38,30.11,33.49,0.34,7.33,23.74,2.9,0,Safe
39.35,43.93,54.69,33.84,0.96,35.6,22.69,29.0,0,Safe
0.98,13.28,25.97,25.64,0.56,7.03,21.0,0.0,0,Safe
2.97,9.3,42.69,28.74,0.29,14.52,26.71,0.5,0,Safe
1.26,4.29,41.97,42.09,0.27,10.42,19.59,0.0,0,Safe
36.62,214.79,74.94,43.74,1.5,43.58,16.26,56.1,1,Watch
21.74,105.43,54.16,25.26,0.79,35.32,20.27,20.5,0,Safe
5.86,9.66,47.36,28.12,0.13,12.93,28.33,0.0,0,Safe
42.76,120.47,84.08,40.61,0.87,48.69,13.09,48.5,1,Watch
0.47,8.9,37.2,24.6,0.49,7.45,27.17,1.7,0,Safe
49.71,212.95,75.54,44.79,0.85,40.54,16.17,59.1,1,Watch
5.66,2.84,13.04,32.62,0.5,10.62,23.2,4.7,0,Safe
1.73,14.65,27.92,11.56,0.59,10.98,26.61,2.6,0,Safe
46.93,144.6,84.82,33.43,1.75,49.9,17.62,50.2,1,Watch
2.09,20.45,48.54,34.17,0.32,8.26,24.2,0.0,0,Safe
99.43,313.35,94.28,50.34,3.68,57.9,16.9,100.0,3,Critical
7.56,118.06,67.34,38.61,1.0,29.26,24.72,27.6,0,Safe
99.96,251.32,96.43,48.39,3.75,52.29,15.92,94.4,3,Critical
34.92,186.78,89.44,35.65,1.74,42.47,10.37,45.5,1,Watch
30.47,133.84,66.72,42.4,1.12,46.69,16.5,47.1,1,Watch
1.95,16.23,33.83,23.31,0.16,7.34,26.72,0.0,0,Safe
1.23,1.62,38.08,24.29,0.37,12.2,25.79,2.4,0,Safe
86.67,320.01,93.07,55.29,4.37,66.86,12.26,100.0,3,Critical
101.96,281.81,89.19,48.28,3.02,80.15,14.61,100.0,3,Critical
51.07,114.22,74.46,41.91,1.72,55.7,13.51,62.9,2,Warning
2.74,23.34,29.97,30.56,0.27,17.42,23.75,0.9,0,Safe
0.44,8.66,36.17,23.48,0.15,10.51,18.03,0.9,0,Safe
1.98,0.28,37.47,29.31,0.55,4.26,25.9,1.0,0,Safe
16.57,79.27,62.47,36.89,1.03,11.98,20.67,9.0,0,Safe
0.31,8.91,44.86,35.44,0.45,8.87,23.97,2.0,0,Safe
1.08,15.91,45.73,34.07,0.5,12.76,24.03,4.3,0,Safe
0.3,19.65,29.75,30.0,0.16,12.47,21.67,0.0,0,Safe
0.96,1.19,39.25,24.85,0.1,11.95,33.56,0.0,0,Safe
18.72,44.37,77.38,34.37,0.97,42.17,18.27,28.5,0,Safe
1.46,1.05,41.57,24.18,0.46,10.96,23.6,2.8,0,Safe
39.14,198.16,80.2,39.41,1.69,30.26,13.97,50.0,1,Watch
0.78,23.48,44.17,37.58,0.2,12.67,24.11,0.6,0,Safe
4.03,14.01,44.22,26.22,0.12,10.27,21.3,0.5,0,Safe
1.02,22.44,36.15,36.15,0.13,8.18,23.43,6.9,0,Safe
9.87,4.25,45.19,35.99,0.14,9.32,30.51,1.3,0,Safe
3.28,22.22,31.21,30.44,0.22,11.86,26.9,0.5,0,Safe
0.75,18.54,34.66,28.2,0.38,12.09,17.07,0.0,0,Safe
24.54,46.87,70.2,33.41,0.52,29.14,18.68,23.4,0,Safe
31.33,81.02,70.31,31.79,1.0,22.91,12.37,23.9,0,Safe
0.2,5.5,28.76,30.67,0.27,15.6,20.29,1.0,0,Safe
5.09,119.04,32.97,35.25,1.15,26.19,18.1,21.6,0,Safe
2.99,37.96,52.76,34.53,0.34,27.67,16.89,17.9,0,Safe
40.78,74.43,67.07,29.68,0.98,21.22,23.37,22.8,0,Safe
23.8,115.76,80.66,37.78,1.99,38.38,15.9,43.1,1,Watch
7.29,21.17,24.88,29.2,0.26,13.62,23.61,0.0,0,Safe
127.23,276.14,90.97,44.82,3.37,73.81,16.13,99.1,3,Critical
52.64,30.77,66.83,39.8,0.31,29.27,22.77,28.4,0,Safe
52.79,83.18,72.28,37.07,0.56,18.9,21.12,31.1,1,Watch
2.53,18.07,33.19,25.97,0.5,7.2,24.26,0.6,0,Safe
5.35,13.25,32.98,24.3,0.28,13.01,17.13,1.3,0,Safe
65.44,213.65,68.94,43.4,1.05,51.01,18.34,67.8,2,Warning
87.77,299.64,88.1,47.5,4.0,80.28,16.1,100.0,3,Critical
24.51,94.48,53.88,31.38,0.48,22.81,16.25,13.8,0,Safe
16.84,71.14,64.37,25.31,0.71,28.42,20.24,17.6,0,Safe
3.0,7.45,29.63,22.34,0.51,5.51,25.66,3.5,0,Safe
1.39,15.44,41.09,23.71,0.13,15.24,25.34,0.0,0,Safe
0.43,9.01,51.15,16.11,0.31,11.44,29.9,0.0,0,Safe
1.12,4.12,37.27,31.03,0.46,12.4,22.44,3.4,0,Safe
27.94,186.44,72.86,35.86,1.85,57.12,12.8,52.2,1,Watch
5.52,20.67,45.16,32.38,0.59,14.17,24.67,0.7,0,Safe
34.01,49.07,49.29,33.03,0.89,35.41,20.51,28.8,0,Safe
36.15,163.86,80.71,34.75,1.04,61.53,19.04,59.5,1,Watch
1.26,14.62,34.28,20.58,0.37,12.42,20.96,1.9,0,Safe
0.39,6.16,44.2,22.54,0.38,7.21,19.86,0.0,0,Safe
40.52,216.14,76.97,38.64,0.94,44.73,19.19,54.7,1,Watch
42.19,115.77,71.4,35.56,1.4,58.6,15.54,46.3,1,Watch
2.12,6.48,32.91,32.95,0.4,8.66,14.1,0.0,0,Safe
5.25,11.89,32.2,19.81,0.32,5.55,18.59,5.2,0,Safe
75.44,210.95,68.3,35.05,1.06,46.69,14.05,64.2,2,Warning
2.29,6.25,41.55,11.43,0.29,9.11,22.13,3.8,0,Safe
45.79,64.82,62.47,39.75,0.83,37.9,19.24,38.6,1,Watch
1.27,21.48,30.76,25.85,0.57,18.57,28.3,1.7,0,Safe
0.9,0.13,40.29,22.38,0.15,15.24,24.61,0.0,0,Safe
4.28,14.47,56.37,27.43,0.58,9.86,25.25,0.0,0,Safe
12.51,41.05,53.22,24.03,0.85,34.39,25.05,14.4,0,Safe
0.28,19.08,35.16,18.91,0.59,9.71,24.04,0.0,0,Safe
17.67,175.38,83.87,52.39,0.86,52.54,17.41,59.2,1,Watch
21.12,36.29,62.63,27.56,0.73,28.17,13.31,15.4,0,Safe
11.05,87.59,56.52,26.39,0.79,41.46,18.05,22.0,0,Safe
3.24,0.21,40.53,37.68,0.18,9.08,29.7,4.2,0,Safe
0.94,7.98,31.56,34.43,0.34,16.39,23.25,4.6,0,Safe
0.91,13.19,41.11,31.65,0.15,9.11,30.26,0.0,0,Safe
33.06,105.53,62.09,25.01,0.42,21.97,16.03,9.7,0,Safe
1.37,18.28,28.46,27.57,0.17,9.19,23.98,6.7,0,Safe
67.37,41.17,58.84,23.96,0.98,20.75,19.7,20.8,0,Safe
47.85,71.61,61.3,41.35,0.75,21.2,13.03,29.3,0,Safe
14.28,117.43,67.38,26.39,0.4,27.47,20.87,18.4,0,Safe
2.93,2.0,44.48,30.08,0.59,15.09,28.75,5.0,0,Safe
0.81,17.99,45.83,34.5,0.38,8.59,29.01,3.5,0,Safe
42.65,155.94,73.67,37.55,0.85,48.31,13.31,47.7,1,Watch
62.62,193.2,95.36,46.64,4.1,65.25,10.08,99.6,3,Critical
100.27,246.1,85.64,36.02,3.7,53.24,12.83,77.1,2,Warning
1.7,4.78,53.58,26.58,0.42,6.89,29.16,0.0,0,Safe
11.68,114.4,67.0,26.92,0.71,18.6,19.57,10.9,0,Safe
36.8,126.02,78.31,38.47,1.55,44.54,10.87,42.3,1,Watch
1.76,4.67,31.27,26.5,0.39,9.05,15.07,0.6,0,Safe
52.16,120.23,68.25,44.76,1.51,37.85,17.52,52.5,1,Watch
19.67,137.35,78.8,37.93,1.78,42.08,21.44,45.5,1,Watch
2.1,18.47,24.27,28.69,0.46,12.93,24.59,6.0,0,Safe
112.44,343.51,88.17,46.53,3.01,77.82,12.06,100.0,3,Critical
33.01,78.17,76.08,35.13,0.74,33.52,15.96,29.3,0,Safe
30.62,84.1,54.31,36.57,0.89,34.67,18.13,23.8,0,Safe
21.9,111.17,54.92,25.84,0.31,20.97,21.04,12.2,0,Safe
4.3,5.16,36.66,28.56,0.46,13.65,20.15,2.3,0,Safe
22.86,116.44,72.38,28.48,0.87,27.6,21.38,23.8,0,Safe
2.8,4.91,38.85,35.32,0.21,13.39,20.38,2.4,0,Safe
0.93,13.59,34.55,26.19,0.13,4.62,21.89,0.6,0,Safe
0.79,24.62,37.82,23.9,0.18,7.82,18.79,0.4,0,Safe
36.49,153.05,80.06,35.13,1.54,54.89,15.39,49.9,1,Watch
95.9,157.91,75.24,47.02,1.36,47.13,12.78,74.1,2,Warning
3.18,2.95,25.05,23.9,0.43,12.15,27.14,0.0,0,Safe
42.23,139.97,71.41,45.01,1.56,36.3,16.05,46.9,1,Watch
28.16,62.3,66.79,32.02,0.43,25.3,19.35,21.7,0,Safe
63.55,208.43,75.23,37.23,1.82,57.49,13.5,69.9,2,Warning
33.79,189.6,75.94,42.32,1.77,37.01,15.32,53.6,1,Watch
66.34,164.32,74.52,38.86,1.26,54.81,20.13,67.2,2,Warning
0.59,8.13,37.72,33.99,0.36,8.93,25.78,0.9,0,Safe
0.66,16.79,21.66,27.88,0.12,12.03,22.56,4.6,0,Safe
3.96,12.73,34.94,32.44,0.23,20.84,23.9,7.2,0,Safe
4.69,22.35,28.0,26.97,0.52,8.68,21.35,6.2,0,Safe
0.64,20.91,29.56,45.24,0.54,11.68,24.06,0.0,0,Safe
8.73,12.84,36.4,39.64,0.26,10.72,26.33,0.0,0,Safe
1.73,0.46,45.28,38.98,0.52,20.65,18.52,6.6,0,Safe
2.81,4.04,11.71,37.03,0.49,10.25,29.82,1.9,0,Safe
29.71,185.37,80.52,34.14,1.49,22.93,20.67,39.0,1,Watch
3.51,21.42,33.75,17.65,0.28,5.66,18.31,0.0,0,Safe
2.45,10.2,36.71,31.19,0.3,9.13,29.88,3.1,0,Safe
50.37,157.66,73.98,39.1,1.47,51.77,17.24,57.8,1,Watch
3.67,12.78,34.94,35.12,0.46,6.58,24.89,6.1,0,Safe
11.68,69.38,56.21,34.19,0.89,30.59,16.2,18.4,0,Safe
0.53,12.48,40.9,18.78,0.18,11.59,22.26,6.8,0,Safe
32.45,113.8,71.19,31.72,1.13,31.35,21.84,32.2,1,Watch
4.55,22.95,45.77,16.32,0.18,9.0,28.34,1.7,0,Safe
1.62,23.86,28.81,37.42,0.22,10.42,20.08,0.0,0,Safe
0.99,9.08,41.52,30.03,0.12,15.31,26.13,3.8,0,Safe
61.01,258.69,94.61,52.49,4.29,81.33,14.78,100.0,3,Critical
12.57,104.93,88.99,34.12,1.03,23.29,19.72,23.5,0,Safe
41.92,187.97,82.11,47.15,1.8,42.82,14.05,63.3,2,Warning
52.02,157.66,73.34,49.22,1.77,36.66,20.02,60.7,2,Warning
15.99,116.3,66.96,28.84,0.39,37.32,18.95,19.8,0,Safe
28.4,218.08,78.31,48.46,1.6,52.87,13.79,72.4,2,Warning
10.08,90.71,80.02,37.51,1.14,29.74,19.09,25.8,0,Safe
8.22,54.76,57.66,42.85,0.69,26.14,18.96,12.6,0,Safe
1.73,0.89,32.02,30.83,0.16,8.56,17.34,0.0,0,Safe
3.34,7.06,40.14,26.58,0.49,17.06,32.68,4.7,0,Safe
14.73,107.55,50.75,29.44,0.62,31.2,12.11,14.1,0,Safe
2.95,21.57,40.94,26.07,0.23,4.67,24.28,0.0,0,Safe
1.28,5.59,29.6,20.72,0.13,9.08,22.18,3.1,0,Safe
0.52,1.9,40.74,36.26,0.4,4.34,21.02,1.6,0,Safe
2.12,19.31,52.34,31.6,0.21,2.6,20.7,2.5,0,Safe
21.15,102.76,56.18,30.67,0.88,35.35,20.32,28.0,0,Safe
106.84,345.19,87.02,38.5,4.35,76.19,18.04,93.5,3,Critical
110.33,298.66,89.22,54.53,2.11,69.65,12.07,100.0,3,Critical
73.91,156.25,82.99,32.8,1.75,25.01,20.75,37.6,1,Watch
2.32,2.33,29.16,20.24,0.21,13.58,18.04,1.5,0,Safe
3.12,0.96,27.38,15.72,0.35,14.5,20.68,2.1,0,Safe
2.98,0.1,27.08,39.7,0.46,9.25,23.07,0.0,0,Safe
27.6,100.7,56.23,16.53,0.5,17.7,19.92,13.3,0,Safe
1.65,13.42,35.17,29.09,0.48,13.62,30.4,0.0,0,Safe
5.87,106.48,64.81,35.49,0.91,16.91,15.85,13.4,0,Safe
3.07,22.16,27.4,20.47,0.35,19.71,25.49,4.7,0,Safe
2.69,19.85,35.92,26.72,0.51,10.31,28.83,4.5,0,Safe
9.12,53.23,64.24,26.89,1.05,29.11,19.35,7.1,0,Safe
1.61,1.46,27.3,22.14,0.32,14.75,18.62,0.0,0,Safe
36.04,81.43,70.3,35.47,0.34,30.26,17.46,20.2,0,Safe
65.02,325.81,96.49,56.03,3.52,75.34,17.12,100.0,3,Critical
1.69,24.45,23.39,24.98,0.4,5.86,22.24,0.9,0,Safe
18.55,46.07,49.71,34.14,0.97,19.83,20.4,17.5,0,Safe
0.68,9.95,38.63,28.91,0.44,10.51,25.16,0.0,0,Safe
4.89,12.53,38.79,31.53,0.51,14.18,24.28,0.0,0,Safe
0.53,23.11,41.71,37.69,0.35,3.17,21.57,7.5,0,Safe
37.42,110.98,70.07,38.29,0.47,42.3,21.38,40.6,1,Watch
0.17,3.55,22.44,35.24,0.16,16.69,23.59,0.0,0,Safe
2.44,9.82,34.53,34.56,0.4,5.09,29.7,0.0,0,Safe
115.95,261.7,98.44,50.74,2.11,85.13,16.86,100.0,3,Critical
1.49,6.81,48.19,30.82,0.35,8.78,27.62,0.2,0,Safe
68.22,227.55,96.22,41.38,4.25,85.32,16.86,100.0,3,Critical
58.13,263.12,92.02,48.52,1.83,82.19,12.15,100.0,3,Critical
16.52,93.72,48.78,26.39,0.92,23.93,23.26,16.6,0,Safe
123.32,323.11,89.88,40.78,3.56,77.5,18.07,100.0,3,Critical
0.09,1.81,27.27,14.88,0.51,13.21,24.09,0.0,0,Safe
49.12,134.21,87.88,37.82,1.9,36.33,17.29,45.2,1,Watch
1.2,1.65,49.11,25.39,0.51,3.84,26.65,3.7,0,Safe
112.54,331.12,87.55,45.94,3.26,90.56,13.7,100.0,3,Critical
2.41,20.46,29.75,32.68,0.28,7.72,21.92,0.0,0,Safe
98.21,322.67,95.14,40.86,3.66,59.6,17.16,89.2,3,Critical
29.26,201.35,77.87,28.04,1.14,47.19,15.85,46.5,1,Watch
2.62,1.11,33.51,26.73,0.52,10.19,23.28,0.0,0,Safe
26.04,115.61,61.91,32.78,1.2,26.68,18.91,23.1,0,Safe
0.9,6.82,25.57,25.06,0.21,15.44,24.24,4.5,0,Safe
7.8,108.27,52.39,31.61,0.51,25.49,14.64,17.6,0,Safe
0.15,17.75,30.81,34.11,0.49,14.57,30.22,0.0,0,Safe
14.65,56.2,61.57,42.05,0.6,32.86,18.12,26.7,0,Safe
9.03,31.71,57.24,31.34,0.56,35.42,23.37,18.5,0,Safe
7.13,95.47,64.44,32.67,0.57,21.95,15.85,10.0,0,Safe
0.1,8.2,28.39,33.61,0.25,5.63,24.75,1.8,0,Safe
0.69,13.19,34.33,30.55,0.25,14.46,23.52,0.0,0,Safe
16.49,108.37,65.38,32.08,0.93,37.37,23.52,26.8,0,Safe
2.3,15.67,38.05,17.16,0.26,5.01,17.23,1.1,0,Safe
0.19,3.42,38.62,18.39,0.29,14.74,21.95,0.6,0,Safe
2.73,9.12,34.75,25.61,0.6,7.08,17.44,8.4,0,Safe
15.55,56.22,71.79,30.03,0.51,31.77,19.84,13.7,0,Safe
1.31,7.9,14.58,31.16,0.17,10.6,19.85,0.0,0,Safe
3.75,21.03,26.06,35.61,0.2,0.0,24.61,8.8,0,Safe
16.53,50.4,61.22,35.96,0.32,34.61,19.0,17.9,0,Safe
21.02,66.38,59.53,31.58,1.16,30.07,18.54,19.3,0,Safe
3.35,16.35,51.88,15.12,0.46,9.51,30.15,1.2,0,Safe
17.01,14.0,25.65,24.0,0.39,16.72,24.62,2.6,0,Safe
56.25,218.78,90.95,36.18,2.24,57.31,15.77,69.6,2,Warning
2.02,23.19,14.16,27.78,0.18,11.62,32.38,0.0,0,Safe
0.29,0.71,40.17,28.83,0.36,6.18,23.81,0.0,0,Safe
0.3,5.25,29.46,27.73,0.3,11.2,24.45,0.0,0,Safe
98.15,194.4,93.3,39.91,4.17,69.99,9.47,96.5,3,Critical
2.71,2.5,36.52,34.75,0.35,14.2,18.94,2.8,0,Safe
120.25,378.85,91.74,42.7,1.87,64.82,14.92,85.1,3,Critical
48.6,215.87,65.91,27.44,1.29,51.24,11.97,42.4,1,Watch
1.09,12.39,40.88,19.62,0.15,1.9,17.61,0.0,0,Safe
15.09,34.93,73.82,47.92,0.94,26.31,20.56,26.5,0,Safe
111.92,254.09,87.5,51.48,4.76,59.09,12.6,100.0,3,Critical
64.13,157.33,79.51,35.99,1.65,38.14,15.72,55.1,1,Watch
0.71,6.15,42.03,14.23,0.35,6.4,18.92,3.3,0,Safe
39.89,179.26,87.9,32.79,1.1,62.01,20.9,52.4,1,Watch
42.42,116.1,78.72,39.82,0.98,59.1,19.56,58.6,1,Watch
2.14,19.42,45.35,10.0,0.26,6.7,29.11,1.7,0,Safe
33.64,202.11,79.53,29.02,1.54,52.21,19.21,47.3,1,Watch
0.14,5.78,50.21,35.03,0.47,6.63,27.65,2.1,0,Safe
82.66,119.64,80.25,40.49,1.42,40.96,15.92,58.5,1,Watch
0.0,17.05,27.56,22.33,0.27,8.3,23.36,8.7,0,Safe
0.34,15.9,45.2,32.68,0.26,11.95,25.42,0.3,0,Safe
51.13,110.9,56.98,39.17,1.01,22.67,14.85,29.5,0,Safe
87.78,267.02,88.55,57.02,2.53,62.65,16.34,100.0,3,Critical
2.16,5.19,38.35,31.03,0.55,11.84,27.63,0.7,0,Safe
35.07,106.05,64.26,35.07,1.06,26.75,22.57,27.4,0,Safe
72.2,274.15,90.72,40.97,3.9,62.78,16.02,86.7,3,Critical
19.77,68.0,45.57,29.09,0.3,32.84,19.77,20.4,0,Safe
2.02,23.77,41.7,21.17,0.12,11.89,25.88,0.0,0,Safe
29.82,40.13,59.87,26.9,1.1,37.74,16.95,21.2,0,Safe
117.38,212.74,93.89,44.02,4.04,65.7,10.38,94.7,3,Critical
6.56,74.3,63.58,38.09,0.79,36.11,21.67,21.5,0,Safe
1.17,9.93,32.22,29.0,0.48,7.94,16.77,0.0,0,Safe
5.65,23.74,26.53,24.95,0.18,6.38,24.9,3.1,0,Safe
0.75,6.03,41.32,33.49,0.42,5.97,27.35,3.4,0,Safe
0.07,8.81,40.47,16.88,0.31,11.15,29.95,0.0,0,Safe
3.07,9.54,33.4,31.9,0.44,1.88,29.62,0.0,0,Safe
33.37,116.66,71.43,35.4,0.35,33.79,19.0,33.3,1,Watch
40.15,205.97,81.11,32.35,1.36,44.6,17.93,51.9,1,Watch
49.25,211.38,86.4,32.67,1.74,38.2,17.78,50.2,1,Watch
15.7,71.45,58.62,38.54,1.11,19.41,15.53,21.7,0,Safe
73.24,352.96,98.81,53.48,3.01,80.76,16.89,100.0,3,Critical
1.29,6.42,30.66,31.41,0.32,12.33,23.62,3.0,0,Safe
1.22,15.31,29.53,19.36,0.43,17.7,27.23,8.0,0,Safe
19.66,92.15,43.07,23.31,0.64,15.64,18.23,16.6,0,Safe
14.04,37.14,68.85,37.02,0.68,27.9,13.0,21.1,0,Safe
0.03,23.83,36.53,39.99,0.47,9.5,21.45,4.0,0,Safe
0.4,23.3,37.09,21.9,0.41,13.47,24.51,0.0,0,Safe
0.86,12.13,31.44,21.64,0.41,6.86,19.1,4.3,0,Safe
114.53,282.3,97.37,38.56,2.7,63.26,9.63,80.0,2,Warning
1.66,0.84,25.15,27.36,0.57,2.94,22.03,0.2,0,Safe
5.43,14.58,31.02,23.42,0.19,8.66,19.06,0.0,0,Safe
1.09,1.31,32.69,26.05,0.37,11.66,27.38,0.3,0,Safe
11.59,117.74,63.79,32.35,0.6,36.88,19.07,24.3,0,Safe
28.47,115.08,55.15,37.26,1.0,34.49,20.0,33.7,1,Watch
5.23,10.32,35.78,30.64,0.14,9.16,18.39,1.2,0,Safe
17.01,94.03,58.44,27.69,0.44,18.67,19.7,12.8,0,Safe
20.6,171.25,79.5,42.61,0.95,38.27,15.55,43.3,1,Watch
4.09,3.05,41.06,35.26,0.36,9.55,19.32,3.9,0,Safe
1.65,12.34,32.55,22.14,0.58,2.71,18.09,3.5,0,Safe
15.49,34.96,67.25,32.9,1.16,26.01,17.9,19.2,0,Safe
1.09,20.93,44.58,27.23,0.48,4.69,27.12,0.0,0,Safe
27.24,117.1,64.57,33.3,0.68,32.63,14.27,31.6,1,Watch
1.79,13.12,49.66,23.93,0.44,14.84,22.63,1.7,0,Safe
21.89,69.61,74.55,28.4,0.9,30.48,19.74,17.6,0,Safe
0.13,20.7,25.0,18.96,0.25,6.38,28.53,1.9,0,Safe
19.38,85.04,58.09,38.05,0.52,27.03,22.03,24.2,0,Safe
115.79,252.14,88.26,42.76,1.86,72.11,17.3,81.9,3,Critical
45.86,121.93,78.15,36.15,1.61,55.61,11.81,55.1,1,Watch
62.58,189.36,93.56,39.86,1.34,46.73,15.61,65.3,2,Warning
88.85,113.68,79.13,39.46,1.13,46.01,11.37,59.0,1,Watch
26.61,94.99,59.27,35.62,1.07,34.33,18.13,37.8,1,Watch
35.11,103.5,61.72,25.47,0.68,35.48,16.34,20.9,0,Safe
11.1,40.08,58.97,20.4,0.79,17.48,15.47,3.8,0,Safe
0.46,6.41,25.3,16.87,0.29,11.86,25.85,2.9,0,Safe
6.07,33.48,73.32,47.15,0.53,39.59,23.26,30.6,1,Watch
102.43,183.62,84.97,32.84,1.02,45.11,18.29,53.3,1,Watch
21.12,77.75,46.26,30.93,0.9,25.87,13.99,19.5,0,Safe
59.18,181.93,75.24,36.72,0.92,51.36,17.53,54.0,1,Watch
0.81,15.35,44.07,25.34,0.52,15.94,26.6,4.1,0,Safe
3.48,23.56,45.15,34.78,0.26,4.91,17.97,4.5,0,Safe
54.78,161.11,87.2,30.55,0.9,42.96,14.13,49.5,1,Watch
43.21,156.81,70.34,45.18,1.75,49.31,15.59,62.0,2,Warning
0.13,4.66,45.58,33.87,0.56,9.68,22.84,5.5,0,Safe
111.59,275.52,85.47,53.39,4.42,88.07,14.76,100.0,3,Critical
33.06,133.98,85.23,29.29,1.27,58.47,16.08,43.6,1,Watch
1.18,22.89,27.6,39.2,0.6,8.52,24.97,0.1,0,Safe
71.01,323.22,95.94,47.14,2.01,81.94,14.48,100.0,3,Critical
126.1,332.35,93.78,51.55,2.34,65.9,14.78,100.0,3,Critical
43.74,48.2,48.82,45.1,1.12,20.93,17.09,20.3,0,Safe
16.22,88.95,63.83,39.33,0.62,29.27,16.11,24.4,0,Safe
0.48,2.46,21.43,26.95,0.47,6.08,24.15,0.0,0,Safe
9.77,105.65,68.17,27.94,0.8,21.53,20.96,16.0,0,Safe
28.48,104.07,65.2,30.19,0.3,21.39,17.37,23.3,0,Safe
6.4,69.08,64.42,44.01,0.4,28.11,20.25,25.2,0,Safe
4.1,16.96,36.08,30.74,0.44,9.91,14.33,4.9,0,Safe
2.75,5.26,43.65,41.27,0.38,0.6,10.26,0.0,0,Safe
82.43,204.73,83.83,44.54,1.71,33.29,13.56,68.8,2,Warning
88.31,192.26,93.46,55.01,2.31,72.48,13.08,100.0,3,Critical
0.16,4.01,43.36,18.17,0.15,10.37,27.07,0.0,0,Safe
17.55,48.66,57.71,27.66,0.72,19.77,14.75,11.3,0,Safe
68.56,165.03,77.6,39.04,1.97,47.93,16.39,55.5,1,Watch
25.22,106.8,48.39,37.75,0.95,17.24,18.28,21.7,0,Safe
19.22,35.96,61.16,41.32,0.36,30.99,20.99,17.5,0,Safe
0.12,14.14,36.69,28.42,0.33,10.11,25.56,5.7,0,Safe
1.83,7.71,40.6,22.73,0.15,14.6,25.01,0.7,0,Safe
66.57,218.26,87.85,55.77,3.4,59.89,14.75,100.0,3,Critical
62.32,158.86,79.44,35.83,0.86,35.87,17.02,48.7,1,Watch
45.54,147.03,88.76,45.83,0.98,40.54,14.63,52.2,1,Watch
2.85,17.87,30.19,26.68,0.58,1.92,25.17,0.0,0,Safe
0.21,24.17,32.44,26.27,0.36,6.43,29.81,1.5,0,Safe
16.23,36.82,68.04,39.34,0.85,35.54,20.9,23.8,0,Safe
19.4,94.09,67.94,27.17,0.58,23.99,17.83,17.8,0,Safe
0.46,16.98,31.63,22.47,0.34,6.73,26.23,7.3,0,Safe
0.13,10.4,43.19,30.39,0.39,12.75,25.06,3.4,0,Safe
28.12,110.15,70.53,28.82,1.24,28.54,17.32,31.6,1,Watch
2.25,15.59,40.77,33.87,0.2,2.08,31.64,2.9,0,Safe
1.22,4.27,51.32,31.02,0.29,18.06,27.27,1.6,0,Safe
6.11,1.23,31.45,29.35,0.15,9.02,21.7,3.4,0,Safe
37.2,45.41,61.2,18.29,0.57,29.99,17.55,11.3,0,Safe
1.58,10.14,46.31,26.95,0.13,5.07,25.21,4.9,0,Safe
0.12,11.76,39.16,29.57,0.53,15.74,20.56,0.0,0,Safe
68.45,214.27,79.72,46.49,1.46,67.08,16.85,91.6,3,Critical
0.36,17.24,42.29,34.37,0.33,12.74,25.78,4.0,0,Safe
1.1,14.32,24.23,41.19,0.3,12.9,13.75,8.9,0,Safe
24.49,163.06,74.36,43.76,0.86,49.71,17.72,53.3,1,Watch
56.17,138.65,73.2,45.65,1.84,49.64,13.92,63.8,2,Warning
29.3,104.23,66.57,40.45,0.95,21.17,13.81,29.2,0,Safe
40.61,116.19,83.15,36.17,1.54,44.83,15.45,44.4,1,Watch
31.86,181.47,77.49,36.46,1.94,45.6,19.19,54.9,1,Watch
23.8,70.51,68.0,31.84,0.71,14.43,16.04,16.4,0,Safe
13.83,43.78,40.7,31.92,1.0,37.62,19.51,21.9,0,Safe
0.69,14.8,36.95,14.77,0.51,6.81,26.32,1.7,0,Safe
25.71,104.63,64.45,33.74,0.72,18.36,22.14,24.5,0,Safe
29.44,66.0,69.33,29.69,0.87,39.94,19.57,29.1,0,Safe
53.47,90.12,58.32,38.19,0.47,28.16,19.68,31.4,1,Watch
14.45,119.83,57.95,40.93,0.87,27.95,19.62,24.5,0,Safe
3.6,23.45,36.15,30.4,0.51,13.09,30.96,2.9,0,Safe
25.33,111.43,70.7,39.56,0.4,18.58,20.41,21.3,0,Safe
16.23,51.35,59.76,34.23,1.08,38.02,17.37,26.4,0,Safe
0.83,14.69,38.86,34.36,0.36,9.39,22.03,0.0,0,Safe
8.5,45.94,51.42,35.36,0.47,31.44,11.39,15.5,0,Safe
5.32,8.71,25.51,28.03,0.59,10.1,29.37,4.4,0,Safe
52.15,161.5,80.72,42.09,1.81,32.4,18.76,59.5,1,Watch
0.36,2.34,27.33,32.61,0.3,12.34,24.17,5.4,0,Safe
85.23,206.05,70.18,41.52,0.96,32.64,18.24,49.8,1,Watch
5.14,7.14,40.05,22.19,0.56,9.79,18.19,2.0,0,Safe
11.6,89.62,57.7,39.08,1.11,24.33,21.13,21.2,0,Safe
42.0,201.04,72.76,33.94,1.68,44.68,11.32,50.7,1,Watch
41.68,104.06,66.86,35.2,0.33,30.02,13.57,25.5,0,Safe
2.04,6.65,37.87,21.33,0.42,6.81,19.66,4.8,0,Safe
31.06,72.78,65.59,37.06,1.01,32.25,18.9,21.9,0,Safe
1.9,13.12,36.41,36.97,0.34,10.35,25.17,1.5,0,Safe
0.04,14.42,35.33,28.99,0.31,12.17,25.71,0.7,0,Safe
25.77,126.83,80.11,56.3,1.37,45.58,16.43,61.7,2,Warning
1.32,23.45,40.75,27.18,0.14,12.03,21.34,8.6,0,Safe
3.21,3.62,26.03,45.64,0.23,10.4,16.0,0.0,0,Safe
10.67,117.43,44.86,24.31,0.38,24.61,18.14,15.7,0,Safe
117.43,259.53,87.18,39.15,2.22,91.19,17.12,92.4,3,Critical
0.3,11.17,32.37,20.72,0.21,12.27,23.75,1.1,0,Safe
2.75,17.57,23.2,21.12,0.4,5.14,22.67,8.2,0,Safe
36.71,72.76,63.39,30.77,1.15,18.99,20.99,21.2,0,Safe
34.01,103.53,64.39,34.93,0.57,13.82,19.68,18.5,0,Safe
4.13,8.49,33.15,27.19,0.38,16.42,26.01,2.5,0,Safe
0.51,15.84,35.44,44.75,0.33,13.6,34.48,4.2,0,Safe
82.19,201.53,88.59,56.65,3.68,74.84,16.75,100.0,3,Critical
17.3,147.79,75.39,35.35,1.94,60.93,19.11,49.9,1,Watch
120.4,274.27,98.52,38.17,2.45,69.68,20.8,79.6,2,Warning
57.55,39.55,56.05,27.16,0.4,27.92,10.96,26.8,0,Safe
17.35,58.32,52.4,31.73,0.42,16.24,17.83,12.8,0,Safe
23.01,45.27,63.13,33.62,1.04,23.76,17.76,21.6,0,Safe
22.34,89.9,84.55,41.59,1.18,24.82,25.47,31.5,1,Watch
25.89,209.89,72.01,37.36,1.86,51.11,17.63,49.2,1,Watch
43.72,185.04,78.87,39.27,1.77,47.69,14.52,57.0,1,Watch
51.11,139.86,77.78,38.02,1.69,40.64,13.92,55.6,1,Watch
55.52,204.28,77.35,39.38,1.38,34.7,13.84,52.0,1,Watch
2.97,8.07,28.34,28.92,0.28,10.34,19.64,0.0,0,Safe
9.67,46.46,73.24,32.49,0.96,36.83,14.09,24.1,0,Safe
4.68,16.22,52.2,36.69,0.49,12.5,17.98,5.9,0,Safe
29.16,108.34,61.54,37.12,0.45,23.59,20.82,26.6,0,Safe
0.03,7.86,51.43,27.95,0.26,10.74,23.37,0.0,0,Safe
33.27,64.84,53.79,40.58,0.75,31.26,16.7,30.1,1,Watch
128.52,314.51,93.54,36.03,2.28,58.86,14.96,77.8,2,Warning
3.05,0.75,40.97,29.33,0.32,6.33,23.6,2.9,0,Safe
15.26,81.69,38.62,36.97,1.13,10.77,12.33,9.9,0,Safe
22.65,37.13,71.33,33.57,0.63,36.47,19.06,24.4,0,Safe
126.68,225.3,88.28,41.59,3.93,89.88,17.49,99.7,3,Critical
147.46,181.16,73.99,39.52,1.0,34.71,12.57,54.8,1,Watch
0.29,20.58,36.37,30.36,0.47,2.08,32.52,0.3,0,Safe
4.73,14.23,53.22,24.37,0.51,19.6,21.65,4.0,0,Safe
2.33,5.23,43.22,31.81,0.39,12.5,28.46,0.3,0,Safe
36.51,32.71,54.47,36.0,1.03,28.57,18.27,30.2,1,Watch
1.72,2.37,32.07,36.15,0.56,4.68,26.81,5.0,0,Safe
34.35,59.71,68.0,35.67,0.35,26.09,21.25,17.4,0,Safe
11.98,44.33,53.02,23.58,0.61,40.69,21.21,15.1,0,Safe
2.08,2.67,26.24,32.99,0.51,7.73,28.35,6.3,0,Safe
39.93,119.74,72.65,28.44,1.87,59.92,20.05,48.3,1,Watch
2.76,7.73,31.2,28.48,0.47,12.47,26.98,0.1,0,Safe
0.1,21.69,33.5,24.42,0.34,8.05,23.55,4.5,0,Safe
0.62,13.92,47.33,29.31,0.23,12.4,27.49,0.0,0,Safe
96.01,190.5,85.65,37.77,2.88,87.87,9.81,88.6,3,Critical
25.14,77.02,72.46,31.36,0.91,35.12,15.87,22.2,0,Safe
53.4,359.82,93.88,57.17,2.61,71.86,11.25,100.0,3,Critical
3.36,0.07,22.64,17.17,0.48,8.97,18.47,4.0,0,Safe
60.25,234.64,96.53,37.02,3.26,57.15,8.14,79.3,2,Warning
32.74,167.19,84.59,39.33,1.4,48.17,17.4,56.1,1,Watch
44.04,182.79,77.19,46.91,1.12,50.94,14.69,67.5,2,Warning
1.96,1.85,37.46,29.25,0.19,17.56,26.73,3.3,0,Safe
0.38,14.76,35.37,25.83,0.29,4.52,19.46,0.0,0,Safe
22.23,89.0,75.97,30.13,0.54,38.87,18.92,26.1,0,Safe
51.59,160.27,78.72,40.76,1.79,35.43,15.56,56.0,1,Watch
41.19,92.71,69.87,32.27,0.89,23.45,16.44,18.6,0,Safe
0.56,10.74,42.58,25.98,0.43,9.67,19.3,0.6,0,Safe
0.37,11.35,32.93,21.8,0.25,8.21,23.22,2.5,0,Safe
6.62,113.09,55.24,28.87,0.96,34.15,20.13,24.2,0,Safe
8.27,12.45,25.7,17.44,0.34,13.25,27.72,0.3,0,Safe
26.56,35.51,60.68,32.03,0.51,39.12,13.28,25.1,0,Safe
71.22,171.76,75.82,44.77,1.08,45.26,14.0,67.6,2,Warning
15.51,47.32,64.81,21.32,0.94,26.59,12.54,11.6,0,Safe
14.98,46.75,62.64,40.18,0.94,32.59,17.08,19.2,0,Safe
40.87,105.06,68.21,21.99,0.65,28.06,17.26,19.8,0,Safe
12.64,60.0,61.58,22.41,0.44,38.84,19.27,11.9,0,Safe
27.92,151.24,79.44,41.78,1.44,25.33,20.2,43.5,1,Watch
1.05,19.64,25.06,25.25,0.58,5.38,20.72,2.7,0,Safe
3.89,9.54,35.95,28.26,0.45,10.25,20.29,8.0,0,Safe
43.96,179.59,78.53,34.66,1.63,39.97,14.32,47.6,1,Watch
0.04,14.73,49.52,30.37,0.55,6.49,25.92,2.6,0,Safe
27.72,46.35,63.92,31.87,0.78,40.57,18.61,31.3,1,Watch
37.72,155.48,93.31,38.56,0.91,53.95,20.2,55.8,1,Watch
5.54,24.22,30.83,24.54,0.51,1.55,22.6,1.7,0,Safe
3.73,13.57,37.63,21.54,0.47,7.88,27.93,4.1,0,Safe
40.42,159.46,74.3,30.68,1.41,33.94,12.59,35.1,1,Watch
6.16,3.72,41.06,33.73,0.58,7.09,24.86,0.8,0,Safe
13.23,89.45,62.18,30.79,0.63,28.54,18.93,14.1,0,Safe
29.29,104.07,31.21,37.66,1.05,23.41,15.27,29.1,0,Safe
22.86,108.29,67.3,37.8,0.3,29.45,13.34,25.3,0,Safe
40.47,112.03,73.17,41.58,0.95,41.22,15.73,43.2,1,Watch
79.22,228.47,97.66,47.77,2.14,80.52,9.32,100.0,3,Critical
20.18,119.72,72.16,43.34,1.72,35.07,10.4,42.5,1,Watch
45.43,65.68,61.13,30.19,0.53,30.78,16.67,27.3,0,Safe
39.52,155.49,78.72,47.33,1.06,49.23,13.89,60.4,2,Warning
17.15,61.43,63.93,33.09,0.98,32.32,14.48,18.7,0,Safe
3.94,22.63,23.13,28.98,0.28,6.56,21.89,6.0,0,Safe
0.1,24.73,36.12,29.69,0.33,11.11,21.51,6.2,0,Safe
10.48,4.1,41.18,37.28,0.25,8.99,23.89,0.0,0,Safe
0.2,11.77,39.95,23.08,0.3,8.56,38.41,0.0,0,Safe
1.79,12.04,31.51,20.79,0.19,8.74,19.79,0.0,0,Safe
80.36,122.93,82.01,32.88,1.27,63.15,20.8,60.4,2,Warning
7.17,20.52,28.57,40.3,0.32,9.77,24.07,7.7,0,Safe
31.5,190.46,79.9,47.58,0.98,65.93,20.28,76.1,2,Warning
98.31,275.7,96.92,50.5,2.73,89.08,12.71,100.0,3,Critical
42.47,131.41,79.57,38.79,1.27,38.35,16.26,46.3,1,Watch
85.51,319.0,92.2,47.95,2.3,82.7,7.59,100.0,3,Critical
3.48,18.77,34.87,28.38,0.31,11.34,21.7,2.3,0,Safe
5.57,17.57,32.56,13.44,0.44,6.65,23.78,0.0,0,Safe
20.15,119.54,65.7,30.22,0.96,23.14,19.11,22.1,0,Safe
52.98,98.5,60.76,43.83,1.02,24.13,21.1,45.1,1,Watch
0.26,13.31,32.4,29.26,0.41,7.13,21.45,1.9,0,Safe
30.18,105.85,78.95,37.71,0.37,41.65,20.4,41.0,1,Watch
25.93,71.84,60.92,25.76,1.06,37.13,20.98,26.0,0,Safe
56.8,202.82,67.14,39.71,1.67,45.58,18.8,62.5,2,Warning
72.47,269.54,89.42,50.62,3.16,74.51,16.6,100.0,3,Critical
108.5,357.0,95.17,52.13,3.72,62.39,11.75,100.0,3,Critical
38.07,99.29,57.37,32.21,0.83,25.26,13.5,24.5,0,Safe
27.37,117.65,56.36,29.34,0.67,24.39,19.76,20.9,0,Safe
0.93,21.3,22.33,22.63,0.46,14.36,24.38,0.0,0,Safe
0.15,12.89,46.37,33.29,0.45,17.21,23.51,2.1,0,Safe
89.59,150.03,84.85,31.4,0.93,53.93,16.76,52.8,1,Watch
7.67,8.47,33.54,22.5,0.56,9.27,20.65,0.0,0,Safe
31.15,119.29,71.97,25.87,1.07,32.9,18.74,26.5,0,Safe
11.61,39.74,68.73,40.24,0.6,28.07,18.69,20.1,0,Safe
2.23,2.08,36.58,15.94,0.15,16.56,16.7,0.0,0,Safe
1.46,21.44,27.7,21.07,0.16,14.01,24.85,1.9,0,Safe
3.46,21.32,30.49,25.91,0.36,11.1,25.99,0.8,0,Safe
1.09,0.0,32.13,41.56,0.14,5.53,25.49,0.0,0,Safe
0.01,17.8,32.96,34.0,0.42,1.55,22.78,0.0,0,Safe
49.01,59.71,69.47,23.68,0.85,35.09,21.0,28.7,0,Safe
45.32,59.95,45.59,41.95,0.6,24.76,16.2,23.0,0,Safe
57.25,161.11,80.57,28.46,1.56,47.72,15.69,39.5,1,Watch
2.94,0.64,40.9,20.39,0.55,5.16,24.96,0.0,0,Safe
4.56,1.3,33.75,27.42,0.56,0.0,16.86,0.7,0,Safe
35.38,189.55,75.31,38.14,1.88,65.79,15.91,60.2,2,Warning
28.59,118.31,74.09,31.06,0.95,19.45,16.88,21.2,0,Safe
16.69,50.82,49.15,23.71,1.15,23.07,17.83,13.8,0,Safe
24.43,46.8,63.33,37.05,0.71,34.93,19.01,23.5,0,Safe
77.12,342.94,85.14,36.2,4.21,57.62,12.93,85.2,3,Critical
25.74,76.89,47.65,31.58,0.94,22.43,16.32,15.4,0,Safe
121.47,251.91,85.43,56.53,3.35,54.29,15.68,100.0,3,Critical
55.26,37.11,49.49,34.51,0.94,37.92,18.49,32.3,1,Watch
14.76,45.93,55.56,42.35,1.03,28.19,17.68,23.4,0,Safe
48.3,88.25,68.49,32.63,1.01,24.96,17.82,28.1,0,Safe
16.8,59.27,47.5,31.58,0.36,37.17,18.92,19.6,0,Safe
77.04,199.27,88.01,50.35,4.3,59.45,15.6,100.0,3,Critical
0.1,19.38,48.34,25.14,0.6,11.09,26.47,0.0,0,Safe
6.3,19.45,34.07,28.56,0.3,8.08,21.5,4.5,0,Safe
123.54,369.54,97.13,40.84,3.88,64.44,13.02,94.7,3,Critical
4.77,22.02,39.5,21.01,0.28,10.56,22.76,7.1,0,Safe
2.04,4.18,28.68,33.88,0.43,9.55,28.32,0.0,0,Safe
52.39,170.2,67.41,31.41,1.23,30.53,12.38,36.8,1,Watch
9.73,44.98,66.29,44.91,0.88,32.62,19.44,23.2,0,Safe
24.15,30.31,72.45,27.72,0.81,35.21,17.61,19.9,0,Safe
118.21,294.96,95.11,36.04,4.3,83.32,14.37,87.6,3,Critical
0.59,11.61,27.21,27.74,0.2,9.65,24.05,4.4,0,Safe
80.49,173.71,70.28,40.59,1.74,32.69,17.19,60.9,2,Warning
15.72,73.04,70.65,28.53,0.55,26.81,19.63,14.6,0,Safe
42.54,144.32,79.67,38.13,1.05,40.95,16.23,44.7,1,Watch
0.3,10.46,35.55,23.98,0.59,8.3,20.38,6.3,0,Safe
20.09,49.09,78.48,29.9,0.78,39.23,13.83,22.6,0,Safe
24.69,48.91,75.15,38.08,0.95,36.15,19.65,34.1,1,Watch
6.91,18.83,30.65,26.35,0.16,13.35,30.61,1.7,0,Safe
0.59,22.58,16.61,45.2,0.57,19.47,18.59,0.0,0,Safe
103.78,270.92,85.18,43.9,3.95,82.0,14.12,100.0,3,Critical
19.64,116.42,55.44,40.27,1.18,28.21,20.3,27.9,0,Safe
17.86,91.82,39.61,21.21,1.05,28.59,19.36,20.3,0,Safe
0.9,18.24,42.1,24.27,0.51,6.61,20.93,2.7,0,Safe
17.78,75.18,64.1,23.85,0.87,13.99,17.81,11.6,0,Safe
75.58,268.38,95.11,53.39,4.33,74.73,14.89,100.0,3,Critical
54.29,339.61,85.56,51.55,2.31,62.51,12.25,95.9,3,Critical
6.35,8.48,41.89,37.26,0.35,8.18,23.65,1.1,0,Safe
21.25,69.7,79.65,37.21,0.9,24.36,23.1,24.3,0,Safe
57.39,372.23,87.22,48.64,4.78,90.14,15.78,100.0,3,Critical
45.06,152.97,67.09,45.1,0.81,27.4,13.43,43.1,1,Watch
58.05,148.37,71.28,33.76,0.84,44.08,21.02,37.1,1,Watch
0.03,14.73,51.85,16.35,0.57,2.05,32.93,2.6,0,Safe
2.52,3.17,44.73,20.55,0.16,3.96,20.8,0.0,0,Safe
33.43,113.7,67.58,33.6,0.93,36.06,20.58,29.2,0,Safe
97.37,269.95,87.54,39.61,2.01,75.9,10.24,93.3,3,Critical
8.82,89.05,58.8,27.1,0.78,30.41,17.27,16.6,0,Safe
35.8,213.05,68.89,33.55,1.85,39.69,18.56,45.3,1,Watch
4.5,15.17,44.89,34.65,0.15,12.65,23.0,0.0,0,Safe
1.61,7.35,46.52,22.72,0.29,4.56,20.32,0.0,0,Safe
64.65,30.42,66.21,39.35,0.89,33.08,25.34,37.0,1,Watch
37.7,105.21,58.99,20.89,0.98,22.92,22.22,17.9,0,Safe
13.48,111.55,55.09,29.57,0.38,28.75,20.75,21.4,0,Safe
2.0,16.17,42.97,32.5,0.29,6.73,22.11,1.8,0,Safe
26.53,110.4,65.14,34.14,0.72,19.86,16.25,26.2,0,Safe
2.28,15.33,29.14,39.47,0.35,7.77,21.73,0.0,0,Safe
59.68,323.95,87.39,51.06,2.71,58.24,15.33,96.6,3,Critical
34.49,42.18,57.65,25.79,0.8,34.41,18.29,21.6,0,Safe
17.43,88.69,71.22,39.91,1.03,22.6,16.03,24.2,0,Safe
43.52,30.87,64.84,31.13,1.0,26.07,17.39,22.2,0,Safe
0.91,24.9,36.44,30.17,0.35,10.4,24.98,6.4,0,Safe
57.5,222.8,95.06,54.84,3.78,76.07,9.45,100.0,3,Critical
53.25,231.68,86.1,57.79,2.33,58.26,14.36,100.0,3,Critical
38.91,138.67,73.58,39.52,1.74,65.76,15.17,65.6,2,Warning
2.34,19.86,15.94,25.54,0.12,9.19,25.34,2.0,0,Safe
19.02,82.41,74.6,28.07,0.94,32.75,21.08,24.6,0,Safe
11.59,115.02,86.95,43.35,0.77,30.59,20.05,31.7,1,Watch
24.68,51.83,72.73,37.19,0.94,29.16,12.94,20.5,0,Safe
9.68,111.9,47.55,35.72,0.87,26.43,21.12,21.6,0,Safe
30.56,166.95,79.26,35.06,0.85,62.06,10.52,51.0,1,Watch
116.67,342.85,98.21,49.18,3.94,52.19,15.63,95.4,3,Critical
39.67,152.29,86.42,38.36,1.09,50.7,16.96,53.0,1,Watch
47.45,142.72,73.76,39.68,1.77,53.61,16.11,55.4,1,Watch
1.3,0.51,36.3,36.04,0.14,14.55,18.58,1.1,0,Safe
5.28,10.32,28.93,30.33,0.1,5.26,16.35,2.8,0,Safe
0.92,16.97,54.78,28.72,0.34,13.05,21.27,0.0,0,Safe
39.68,168.59,79.1,37.13,1.85,28.79,10.06,40.3,1,Watch
3.39,16.7,27.8,19.61,0.24,6.84,25.45,2.8,0,Safe
19.95,112.4,48.34,25.77,0.8,22.9,19.79,15.1,0,Safe
27.85,46.35,72.22,37.6,0.84,35.35,13.94,28.7,0,Safe
2.15,18.61,43.81,21.48,0.2,8.66,21.48,7.3,0,Safe
27.68,120.63,80.29,49.99,1.22,37.65,21.94,51.5,1,Watch
26.36,108.81,70.74,30.24,0.45,26.3,20.31,20.4,0,Safe
16.11,66.48,75.74,36.63,1.1,43.79,18.13,33.1,1,Watch
0.62,5.36,39.41,35.37,0.33,10.26,19.98,5.2,0,Safe
39.85,70.46,58.63,38.69,0.59,35.51,22.5,26.8,0,Safe
55.59,376.5,98.62,37.81,3.76,74.58,17.55,88.6,3,Critical
1.29,12.98,37.51,31.83,0.58,11.81,24.76,3.7,0,Safe
19.74,57.04,61.77,33.3,0.71,35.79,19.9,19.9,0,Safe
6.55,5.13,39.19,29.02,0.25,1.01,28.18,4.0,0,Safe
8.73,77.04,64.96,32.32,0.31,16.13,15.19,8.8,0,Safe
1.23,18.1,33.33,21.7,0.11,5.26,25.03,0.0,0,Safe
0.99,10.87,37.76,36.8,0.54,7.04,28.86,0.6,0,Safe
10.81,49.5,52.67,32.24,0.93,32.87,15.0,16.0,0,Safe
3.07,7.44,37.95,32.5,0.3,9.36,25.92,0.0,0,Safe
63.1,277.09,85.06,51.09,3.58,55.11,12.15,97.2,3,Critical
10.6,6.1,42.68,41.4,0.39,6.75,23.48,3.3,0,Safe
27.99,97.11,56.62,26.75,1.09,24.58,24.76,20.0,0,Safe
0.19,24.9,42.2,19.08,0.19,7.71,23.65,0.0,0,Safe
1.0,14.27,11.73,33.04,0.28,12.22,29.29,0.0,0,Safe
43.57,118.95,78.27,34.02,1.25,36.79,13.78,41.3,1,Watch
1.35,11.22,51.14,21.77,0.42,9.54,17.95,0.0,0,Safe
51.84,162.46,66.9,37.09,1.5,44.53,12.75,47.7,1,Watch
14.65,78.53,56.11,29.96,1.04,11.26,20.91,8.3,0,Safe
17.18,49.03,53.51,27.47,0.82,28.21,18.72,14.9,0,Safe
118.58,291.98,87.56,41.57,3.66,60.7,12.72,92.7,3,Critical
95.76,158.29,76.93,40.35,1.32,43.02,18.88,59.4,1,Watch
2.72,4.97,35.11,17.45,0.36,13.1,18.63,4.5,0,Safe
0.22,24.94,46.55,23.89,0.24,9.25,25.88,5.0,0,Safe
46.07,188.7,79.2,45.64,1.95,27.34,21.47,56.6,1,Watch
1.75,22.13,45.44,34.74,0.47,13.16,23.68,1.1,0,Safe
0.36,10.97,33.5,49.68,0.19,12.47,25.17,0.0,0,Safe
30.97,117.57,81.41,40.84,1.66,49.45,18.89,53.0,1,Watch
27.93,62.15,69.9,27.11,0.95,23.79,23.42,23.5,0,Safe
3.47,6.99,26.15,28.36,0.38,10.15,25.0,0.0,0,Safe
3.06,12.06,41.39,38.24,0.59,5.75,23.87,10.8,0,Safe
32.74,87.84,59.34,23.69,0.8,19.57,19.22,19.7,0,Safe
7.65,22.67,28.14,33.15,0.43,12.77,23.9,0.0,0,Safe
50.93,104.49,66.7,31.0,0.34,26.17,18.3,28.6,0,Safe
2.98,23.34,35.51,21.79,0.28,8.99,23.74,4.1,0,Safe
14.03,67.66,62.12,31.3,0.48,38.95,23.74,17.6,0,Safe
107.56,252.61,92.13,57.2,2.89,88.64,10.99,100.0,3,Critical
50.05,184.04,81.59,50.94,1.01,37.36,19.59,63.2,2,Warning
2.69,4.73,25.03,35.31,0.53,8.93,19.78,4.4,0,Safe
54.51,196.5,97.86,41.91,4.57,61.25,16.23,82.4,3,Critical
1.18,4.06,31.19,37.59,0.18,6.51,18.09,0.0,0,Safe
4.48,98.63,62.78,46.04,0.85,25.68,20.22,26.7,0,Safe
86.92,260.35,92.73,41.59,3.79,66.73,11.39,88.0,3,Critical
34.25,193.15,89.75,38.36,0.83,31.98,13.61,41.7,1,Watch
7.35,8.65,24.88,15.82,0.36,9.76,23.79,0.0,0,Safe
1.54,2.92,21.54,33.18,0.53,10.03,25.75,0.0,0,Safe
68.97,336.5,86.34,40.88,3.15,85.21,14.72,96.3,3,Critical
29.5,217.38,80.71,43.46,1.11,41.72,16.98,52.1,1,Watch
2.75,22.73,26.32,21.23,0.59,9.88,23.19,0.2,0,Safe
1.71,19.91,23.57,20.05,0.17,6.03,24.85,3.8,0,Safe
7.07,14.13,37.92,41.42,0.32,6.62,20.69,5.7,0,Safe
100.19,379.01,88.82,48.06,3.88,83.84,18.04,100.0,3,Critical
113.58,127.82,75.04,33.98,1.79,45.87,13.97,57.9,1,Watch
33.07,70.56,71.01,41.02,0.5,40.23,20.32,36.3,1,Watch
0.5,4.73,27.07,18.95,0.42,6.35,34.17,7.2,0,Safe
31.24,47.31,72.49,31.91,0.94,30.07,15.93,26.3,0,Safe
0.33,22.6,29.35,29.76,0.47,5.68,23.32,2.6,0,Safe
81.18,322.0,94.83,38.37,3.91,89.68,15.42,95.1,3,Critical
0.15,11.48,31.55,29.77,0.11,3.8,23.96,0.0,0,Safe
36.01,112.95,86.27,37.34,1.13,34.85,10.45,39.2,1,Watch
18.06,110.09,43.39,21.64,0.95,25.56,22.37,15.3,0,Safe
9.35,119.86,71.9,29.66,0.94,24.73,17.45,16.1,0,Safe
94.38,191.21,74.29,39.74,0.91,45.73,16.48,63.3,2,Warning
28.55,32.01,74.57,41.83,0.76,27.69,16.57,23.9,0,Safe
0.51,24.34,43.56,25.21,0.43,1.85,32.09,2.0,0,Safe
42.47,200.83,80.19,37.7,1.34,31.5,14.49,44.6,1,Watch
14.33,106.5,55.44,31.28,0.49,28.3,19.46,16.1,0,Safe
1.99,3.92,24.11,27.17,0.25,6.98,26.72,0.0,0,Safe
0.71,1.94,42.11,29.32,0.19,5.41,20.09,0.1,0,Safe
43.88,112.94,49.54,35.31,0.8,26.64,24.34,29.2,0,Safe
73.35,196.8,78.01,40.24,1.26,36.39,21.39,56.0,1,Watch
0.64,22.96,33.78,23.73,0.17,17.32,16.75,0.8,0,Safe
0.89,1.64,38.96,24.23,0.58,6.61,25.64,0.0,0,Safe
55.86,343.02,85.73,41.82,3.35,61.46,14.92,87.3,3,Critical
0.69,14.68,47.05,15.35,0.54,11.4,24.19,0.2,0,Safe
8.28,18.0,33.03,30.23,0.16,7.33,22.8,3.8,0,Safe
1.47,10.81,31.5,18.36,0.24,11.76,24.54,4.2,0,Safe
0.51,21.36,26.49,31.24,0.24,10.13,27.88,3.1,0,Safe
50.06,114.99,73.03,44.82,1.75,37.19,16.08,53.1,1,Watch
21.27,30.25,46.03,34.36,0.85,34.91,16.53,19.8,0,Safe
0.85,16.55,21.14,23.94,0.51,8.68,26.07,0.0,0,Safe
9.23,83.65,55.41,42.69,1.0,33.28,14.92,26.5,0,Safe
7.33,75.21,75.68,26.68,0.84,22.36,18.79,5.5,0,Safe
4.99,15.33,44.69,30.53,0.33,10.35,24.76,5.7,0,Safe
1.82,0.37,26.01,23.16,0.42,6.81,21.21,1.8,0,Safe
2.61,7.13,39.88,23.0,0.28,17.12,23.94,0.5,0,Safe
120.64,330.63,95.6,52.58,2.63,71.98,12.06,100.0,3,Critical
29.0,31.88,57.99,33.36,0.75,28.97,18.73,22.6,0,Safe
70.39,357.44,86.37,48.62,3.7,62.96,7.02,98.7,3,Critical
10.99,20.15,28.23,34.69,0.24,5.19,27.87,0.2,0,Safe
3.7,23.73,42.63,12.03,0.54,10.1,24.82,8.0,0,Safe
6.01,22.61,35.82,31.83,0.34,14.7,29.79,6.0,0,Safe
2.73,5.57,29.37,32.68,0.18,15.21,22.71,0.0,0,Safe
3.58,5.26,44.72,30.03,0.38,11.27,23.62,0.0,0,Safe
35.85,167.15,91.63,40.2,1.95,55.02,16.55,69.0,2,Warning
11.58,118.53,58.55,40.81,0.41,29.73,21.49,29.1,0,Safe
35.17,91.15,59.54,30.26,0.7,16.27,13.8,11.2,0,Safe
0.64,10.64,39.03,26.59,0.16,8.6,18.95,5.7,0,Safe
5.11,4.98,33.53,16.84,0.21,6.31,29.33,0.0,0,Safe
0.03,6.59,34.17,27.02,0.37,8.43,22.47,0.0,0,Safe
51.69,153.08,81.49,35.31,0.83,72.78,15.29,55.3,1,Watch
120.52,241.23,85.56,54.86,2.54,54.34,13.11,98.2,3,Critical
19.45,203.78,81.36,34.85,1.28,59.19,18.25,54.3,1,Watch
11.39,24.32,27.09,25.98,0.37,13.63,22.22,5.1,0,Safe
37.85,159.02,75.34,34.38,1.27,55.35,14.5,48.7,1,Watch
26.96,202.95,86.81,38.0,1.83,60.37,14.38,61.9,2,Warning
1.71,3.18,38.14,14.78,0.27,4.26,30.08,0.0,0,Safe
0.55,0.58,41.37,34.17,0.4,8.1,23.08,2.6,0,Safe
19.1,83.16,61.39,28.27,0.99,25.89,21.06,18.7,0,Safe
0.88,3.27,37.72,15.34,0.22,3.91,22.52,4.1,0,Safe
12.96,79.09,52.59,28.09,0.86,30.95,17.96,15.3,0,Safe
30.09,69.22,48.28,31.06,0.89,26.97,17.67,20.8,0,Safe
39.06,81.85,53.35,33.53,0.88,32.88,18.69,32.1,1,Watch
13.21,108.02,48.42,36.3,1.03,33.4,21.61,21.6,0,Safe
54.43,119.69,70.14,35.86,0.77,29.65,14.58,35.7,1,Watch
0.4,11.92,28.13,22.18,0.55,12.07,25.75,0.0,0,Safe
10.14,86.95,80.38,32.91,0.64,26.13,20.65,20.4,0,Safe
5.92,2.39,54.53,25.83,0.13,16.75,22.09,5.3,0,Safe
36.57,75.63,59.11,25.32,0.54,28.06,19.62,28.6,0,Safe
29.49,74.16,51.39,33.3,1.06,22.45,23.97,21.7,0,Safe
3.33,19.99,32.9,10.01,0.34,15.01,27.63,0.0,0,Safe
6.2,22.28,28.75,23.86,0.39,14.27,20.86,0.0,0,Safe
99.82,145.33,79.45,43.02,1.27,39.03,18.43,56.2,1,Watch
33.21,142.52,76.75,39.45,1.91,45.29,18.72,56.1,1,Watch
61.83,178.45,79.18,33.34,1.91,45.63,15.25,58.8,1,Watch
2.04,17.37,33.06,31.04,0.49,8.41,24.88,0.0,0,Safe
2.14,6.85,40.0,39.92,0.47,13.8,19.48,1.9,0,Safe
4.23,24.83,32.91,26.03,0.27,8.12,23.3,0.0,0,Safe
43.65,129.28,66.03,40.75,1.05,38.04,15.28,42.5,1,Watch
1.15,12.16,40.44,16.27,0.51,13.74,30.21,0.0,0,Safe
8.31,7.05,30.11,23.5,0.46,6.51,22.65,2.5,0,Safe
10.77,77.39,65.67,17.36,0.58,28.12,19.66,13.8,0,Safe
0.06,17.66,37.52,38.98,0.53,15.28,26.93,3.6,0,Safe
1.12,16.81,30.0,26.14,0.19,11.05,23.52,0.0,0,Safe
36.3,88.0,64.86,19.76,1.04,37.53,20.05,17.2,0,Safe
0.75,10.15,35.86,26.59,0.4,13.06,23.63,4.3,0,Safe
125.86,206.36,92.14,50.37,4.37,76.98,13.72,100.0,3,Critical
35.24,170.66,76.3,56.82,1.49,31.42,11.69,61.8,2,Warning
2.59,9.08,31.98,44.18,0.44,9.67,27.56,0.0,0,Safe
0.85,9.17,33.71,26.37,0.12,8.7,21.6,0.0,0,Safe
15.58,157.48,72.74,56.16,1.03,42.99,12.19,54.5,1,Watch
21.25,36.39,56.28,31.1,0.58,30.88,16.19,15.9,0,Safe
0.78,16.8,42.97,25.55,0.2,10.49,25.24,2.9,0,Safe
15.63,82.68,60.35,39.13,0.63,35.2,22.7,30.1,1,Watch
94.59,322.83,88.39,43.75,3.17,68.93,12.1,99.1,3,Critical
52.29,68.67,68.84,29.16,1.13,28.59,18.94,23.2,0,Safe
90.8,199.53,82.18,34.74,1.09,52.65,15.6,66.8,2,Warning
93.17,292.1,88.06,39.66,3.98,62.01,16.09,83.9,3,Critical
69.54,248.92,92.72,47.28,2.75,73.1,14.46,100.0,3,Critical
2.83,1.32,36.46,27.21,0.32,10.31,19.64,1.7,0,Safe
17.31,35.08,63.05,32.56,1.19,23.84,21.21,21.0,0,Safe
3.43,9.16,37.15,38.69,0.27,9.81,16.4,4.5,0,Safe
23.63,175.64,62.23,37.42,1.92,47.63,14.82,50.2,1,Watch
30.24,69.93,68.02,35.36,1.11,36.55,22.41,36.2,1,Watch
79.99,111.17,76.8,41.66,1.55,34.09,16.44,51.4,1,Watch
28.76,103.28,59.94,27.66,0.87,42.58,16.4,26.5,0,Safe
61.8,191.78,77.47,37.39,1.9,49.31,18.37,59.5,1,Watch
24.95,100.13,73.78,49.19,0.35,38.42,22.41,42.8,1,Watch
9.33,83.57,47.55,38.66,0.59,22.7,11.64,15.6,0,Safe
15.06,114.6,65.57,28.77,1.02,28.0,21.5,24.7,0,Safe
4.85,36.08,55.37,34.88,1.04,23.75,17.15,13.1,0,Safe
11.32,55.12,66.75,32.94,0.88,26.38,15.59,15.1,0,Safe
6.67,20.21,29.5,26.19,0.29,5.25,22.39,2.5,0,Safe
5.82,10.43,32.65,28.53,0.37,11.81,22.9,1.8,0,Safe
50.3,237.03,95.13,47.23,3.09,71.4,9.07,100.0,3,Critical
18.38,153.52,73.23,34.71,0.97,44.8,14.98,38.3,1,Watch
89.02,301.32,94.96,49.63,3.43,80.4,11.52,100.0,3,Critical
0.58,5.74,33.93,30.92,0.44,6.67,27.43,0.0,0,Safe
0.75,0.55,34.39,42.08,0.38,12.64,20.07,1.8,0,Safe
89.14,227.13,94.87,44.98,1.87,67.66,11.01,94.2,3,Critical
8.52,5.39,21.5,23.57,0.12,11.97,29.28,0.0,0,Safe
14.6,90.24,60.35,27.95,0.81,23.64,17.76,18.9,0,Safe
4.31,0.56,55.19,24.07,0.58,9.1,25.31,1.4,0,Safe
74.33,212.78,77.37,40.93,1.92,50.64,17.54,74.8,2,Warning
4.32,1.3,29.87,34.28,0.22,8.64,17.09,2.8,0,Safe
20.02,96.74,64.29,24.17,0.37,34.58,16.12,18.3,0,Safe
23.84,107.14,52.03,31.46,0.54,29.42,23.76,17.7,0,Safe
1.84,4.83,19.55,38.06,0.52,14.86,26.12,2.2,0,Safe
2.33,7.66,25.68,35.04,0.58,12.07,18.79,0.0,0,Safe
18.14,37.97,53.33,18.76,1.19,49.25,16.58,19.8,0,Safe
35.62,128.46,75.39,35.48,0.9,29.31,14.06,33.0,1,Watch
1.18,2.57,27.62,37.14,0.6,12.7,18.21,4.9,0,Safe
0.5,9.6,28.37,28.31,0.34,11.79,21.99,4.1,0,Safe
1.1,1.99,21.55,30.21,0.43,12.84,24.31,4.1,0,Safe
104.44,352.2,93.88,55.03,2.09,70.12,18.84,100.0,3,Critical
2.71,18.61,38.27,17.76,0.12,2.5,24.13,1.2,0,Safe
95.55,230.68,86.89,52.38,1.83,81.67,15.38,100.0,3,Critical
110.52,296.53,90.37,45.76,3.45,73.33,14.34,100.0,3,Critical
2.25,12.93,45.31,22.59,0.35,0.01,31.83,0.0,0,Safe
3.45,4.18,40.75,18.52,0.54,13.93,27.54,0.9,0,Safe
1.5,11.5,46.47,19.29,0.27,8.49,16.76,7.2,0,Safe
40.97,204.48,76.85,29.54,1.04,36.17,17.27,40.3,1,Watch
39.69,124.45,85.73,34.09,1.91,34.91,18.62,38.2,1,Watch
24.91,106.29,70.78,31.41,0.49,34.07,20.1,30.1,1,Watch
3.86,116.11,56.63,32.7,0.91,16.4,23.31,16.0,0,Safe
1.0,8.61,33.55,25.45,0.45,6.26,20.69,0.0,0,Safe
13.03,70.51,69.9,25.61,0.67,23.93,27.74,14.0,0,Safe
41.72,42.93,69.87,35.94,0.49,13.5,16.17,17.8,0,Safe
72.48,170.63,69.97,40.69,1.21,51.24,15.51,65.8,2,Warning
2.69,14.07,28.39,48.51,0.53,9.29,23.87,5.8,0,Safe
66.53,174.96,75.38,30.99,1.5,49.86,16.39,51.0,1,Watch
3.85,45.19,50.49,30.34,0.36,33.02,22.47,15.1,0,Safe
1.04,24.77,37.15,23.64,0.33,20.51,27.29,7.4,0,Safe
4.29,3.55,28.59,26.86,0.23,0.46,20.51,0.1,0,Safe
1.12,7.99,40.21,34.56,0.28,10.34,33.59,0.0,0,Safe
10.16,110.05,64.51,25.9,0.79,30.92,19.79,19.3,0,Safe
7.24,5.11,30.54,26.57,0.51,10.12,20.2,0.0,0,Safe
116.72,263.23,85.56,57.9,2.63,66.9,13.64,100.0,3,Critical
1.48,23.51,31.48,14.34,0.51,10.98,19.84,0.9,0,Safe
81.6,313.04,85.08,43.03,3.83,61.79,15.92,98.1,3,Critical
3.33,110.72,51.9,28.96,0.73,20.52,13.67,16.7,0,Safe
27.94,72.24,53.11,36.28,0.62,28.58,21.23,22.1,0,Safe
82.45,154.74,76.53,35.52,1.57,53.58,15.92,69.5,2,Warning
25.98,57.85,80.46,37.28,0.39,21.46,24.52,17.0,0,Safe
34.22,92.29,55.73,22.08,0.8,27.44,21.38,18.4,0,Safe
37.89,58.77,81.57,27.08,0.33,22.48,18.28,13.6,0,Safe
54.9,104.95,68.25,25.57,0.94,32.6,22.39,26.5,0,Safe
19.92,48.77,51.26,33.73,0.34,32.69,18.17,16.8,0,Safe
37.09,56.65,64.35,32.13,0.72,43.79,17.7,29.5,0,Safe
64.81,326.13,87.83,52.97,3.46,59.2,13.3,100.0,3,Critical
2.27,7.13,31.39,28.41,0.59,6.36,24.8,3.2,0,Safe
25.14,159.31,78.8,30.82,1.23,46.44,16.48,35.8,1,Watch
55.19,372.59,90.26,36.18,3.86,62.63,9.59,76.7,2,Warning
57.55,117.94,74.26,37.92,1.51,57.57,21.44,58.2,1,Watch
85.82,281.13,98.26,53.77,3.63,66.97,14.21,100.0,3,Critical
14.49,110.37,59.04,25.85,0.3,27.43,14.93,14.2,0,Safe
5.35,85.77,59.99,27.28,0.87,21.21,18.84,13.8,0,Safe
3.14,17.9,41.28,26.03,0.56,10.63,27.6,0.0,0,Safe
4.39,15.09,32.76,30.99,0.17,18.82,17.84,5.3,0,Safe
42.19,185.17,66.67,38.14,0.92,34.25,11.36,41.3,1,Watch
34.75,111.36,52.41,36.84,0.37,35.56,20.66,31.7,1,Watch
49.05,160.85,74.82,40.93,1.08,50.39,20.47,55.3,1,Watch
59.9,289.41,92.25,39.94,2.2,60.87,14.09,75.2,2,Warning
2.65,7.22,34.6,31.81,0.58,0.0,22.61,0.0,0,Safe
0.19,12.11,40.78,17.63,0.21,6.63,20.81,5.6,0,Safe
89.77,271.22,86.34,53.14,1.99,85.78,22.17,100.0,3,Critical
51.27,91.57,40.93,19.78,0.69,30.83,11.71,20.8,0,Safe
81.39,210.83,94.77,55.74,2.91,66.47,11.99,100.0,3,Critical
14.98,49.68,64.8,34.96,0.73,31.51,11.1,20.4,0,Safe
12.91,211.61,75.51,38.3,1.29,43.55,14.63,47.9,1,Watch
1.17,1.38,30.69,27.88,0.56,13.16,20.0,1.6,0,Safe
129.97,281.07,96.98,38.39,2.51,65.97,15.38,82.0,3,Critical
12.86,85.1,45.8,24.24,0.74,20.46,20.0,12.6,0,Safe
38.41,39.47,64.45,42.9,0.31,26.55,18.62,20.0,0,Safe
4.13,13.62,35.83,30.0,0.37,10.13,21.12,0.0,0,Safe
26.52,30.34,81.67,35.33,0.61,24.77,18.16,16.9,0,Safe
2.67,18.24,45.96,25.25,0.38,9.12,25.85,0.1,0,Safe
61.48,208.67,75.19,41.08,1.36,38.13,15.06,56.4,1,Watch
3.57,7.57,42.25,29.89,0.41,11.62,26.52,0.0,0,Safe
61.87,199.87,80.1,37.38,0.93,29.36,11.16,51.4,1,Watch
26.23,117.76,38.68,42.42,1.01,30.09,17.59,30.1,1,Watch
56.25,189.71,70.41,51.66,1.3,33.98,8.14,62.5,2,Warning
2.96,10.06,29.92,15.76,0.49,7.27,21.88,0.0,0,Safe
4.13,5.89,44.56,48.12,0.22,8.39,27.16,6.1,0,Safe
88.67,281.26,91.69,49.58,2.9,65.98,14.84,100.0,3,Critical
9.28,52.12,55.14,38.66,0.38,29.84,20.57,20.3,0,Safe
75.15,339.6,93.01,55.21,3.99,90.55,15.8,100.0,3,Critical
0.51,5.36,36.14,33.81,0.12,12.45,25.42,2.4,0,Safe
36.46,103.76,60.71,34.89,0.48,17.97,20.53,23.7,0,Safe
44.64,180.31,77.36,31.14,1.69,35.18,14.88,41.5,1,Watch
27.18,63.51,68.89,38.79,0.7,48.02,22.69,39.4,1,Watch
33.04,58.85,65.39,32.43,1.2,25.98,17.29,26.2,0,Safe
4.82,2.49,26.08,38.58,0.52,7.87,32.99,0.0,0,Safe
51.23,99.38,77.69,25.34,0.88,19.71,18.94,17.4,0,Safe
75.95,193.61,79.19,32.6,1.61,34.0,21.55,51.1,1,Watch
42.94,175.72,84.48,32.9,1.94,53.28,10.65,51.3,1,Watch
0.28,8.56,32.13,21.85,0.4,13.24,23.46,0.0,0,Safe
0.7,22.81,38.16,21.12,0.13,8.74,26.05,3.4,0,Safe
17.72,119.67,79.1,40.73,0.85,36.12,12.1,31.9,1,Watch
70.05,374.59,93.93,38.68,2.0,72.65,13.23,81.7,3,Critical
4.95,14.45,37.02,34.5,0.16,8.2,20.38,1.8,0,Safe
10.5,39.03,62.9,35.46,1.0,27.16,20.05,15.4,0,Safe
23.71,95.28,49.68,26.08,0.75,19.18,21.75,15.3,0,Safe
0.51,18.84,20.12,23.75,0.17,12.21,28.19,6.2,0,Safe
28.44,114.02,65.75,35.4,0.45,31.22,19.56,29.2,0,Safe
27.87,59.22,71.2,37.06,0.3,23.18,21.02,19.2,0,Safe
0.8,6.58,38.57,29.77,0.23,13.26,23.55,0.0,0,Safe
0.66,13.92,44.68,25.94,0.27,5.74,19.07,0.0,0,Safe
30.37,93.32,74.12,37.7,1.18,28.99,18.26,36.8,1,Watch
78.5,379.57,98.49,54.07,3.17,66.26,17.89,100.0,3,Critical
79.55,259.7,90.65,55.68,2.26,83.82,10.53,100.0,3,Critical
28.96,165.49,85.08,40.06,1.47,49.82,21.09,53.5,1,Watch
1.1,1.33,41.37,28.12,0.53,8.8,26.24,0.0,0,Safe
37.48,208.12,72.63,43.49,1.51,53.88,21.94,68.5,2,Warning
3.98,13.33,35.0,25.03,0.26,7.29,29.59,0.0,0,Safe
13.7,107.18,61.41,32.52,0.59,30.46,22.66,19.4,0,Safe
89.19,147.52,81.27,41.59,1.46,52.99,13.44,63.9,2,Warning
22.9,88.49,54.79,27.94,0.53,17.58,19.79,9.4,0,Safe
19.69,52.82,60.08,35.74,0.98,26.5,21.88,23.1,0,Safe
0.42,16.48,39.53,23.84,0.44,9.22,17.27,0.0,0,Safe
104.78,204.42,76.64,34.08,1.28,33.68,10.88,42.3,1,Watch
1.21,8.76,28.43,34.25,0.43,7.81,21.76,0.0,0,Safe
21.51,59.47,73.06,34.49,0.34,20.84,12.09,16.5,0,Safe
13.41,114.73,44.11,36.61,1.03,21.06,17.0,16.4,0,Safe
18.8,116.26,56.8,33.87,0.87,31.41,14.06,24.6,0,Safe
64.9,198.45,90.23,50.7,4.2,87.56,10.19,100.0,3,Critical
45.93,176.37,71.02,46.84,0.85,51.9,17.98,61.7,2,Warning
6.85,76.75,57.23,39.24,0.89,37.28,23.85,29.6,0,Safe
36.74,132.66,72.04,34.61,1.34,43.69,14.78,41.8,1,Watch
40.11,91.9,53.55,33.93,0.46,31.82,20.99,25.0,0,Safe
73.16,208.32,84.9,35.07,1.8,59.57,18.53,73.5,2,Warning
14.86,92.68,67.89,30.59,0.91,28.74,14.89,24.2,0,Safe
3.79,2.83,42.53,29.65,0.48,14.03,22.42,0.0,0,Safe
7.77,64.04,68.9,30.65,0.77,26.59,15.18,14.0,0,Safe
0.62,0.8,27.91,22.43,0.41,14.33,31.26,0.8,0,Safe
16.94,112.88,68.94,35.85,0.61,32.0,16.42,30.9,1,Watch
18.93,84.28,54.27,32.25,1.06,10.67,17.25,17.3,0,Safe
1.28,8.25,24.48,22.02,0.35,4.6,23.38,1.7,0,Safe
46.84,154.34,76.46,32.94,1.51,46.86,11.36,49.7,1,Watch
125.58,216.84,88.2,40.37,4.8,70.78,12.84,97.7,3,Critical
19.63,65.41,43.69,36.8,0.64,35.29,20.29,17.9,0,Safe
57.01,119.42,86.51,36.63,1.03,47.37,13.99,51.7,1,Watch
46.56,187.63,79.44,41.36,0.87,42.93,13.26,48.1,1,Watch
113.94,211.28,73.83,41.82,0.98,29.37,15.01,57.7,1,Watch
1.48,16.06,42.73,15.68,0.45,10.88,20.03,0.0,0,Safe
23.82,75.06,66.74,26.1,1.1,27.18,17.58,15.5,0,Safe
8.89,16.85,22.41,13.93,0.42,13.98,20.59,1.9,0,Safe
3.57,15.23,29.18,28.85,0.38,11.59,24.12,0.9,0,Safe
24.75,160.53,87.82,28.53,1.21,43.18,13.57,37.3,1,Watch
35.35,96.18,65.29,15.39,0.83,29.55,22.18,17.0,0,Safe
2.69,14.33,33.65,32.86,0.22,3.69,18.5,2.1,0,Safe
0.58,0.85,16.15,26.13,0.26,16.98,26.74,2.0,0,Safe
96.32,181.84,85.85,35.96,1.99,48.06,18.46,62.4,2,Warning
15.34,168.11,79.0,34.77,1.32,36.79,14.18,34.5,1,Watch
1.13,8.01,45.51,28.13,0.32,15.06,23.62,2.5,0,Safe
20.58,183.94,76.16,30.4,1.61,28.78,16.25,33.4,1,Watch
32.27,35.39,63.36,42.12,1.14,38.72,20.2,32.1,1,Watch
34.9,165.31,85.09,31.38,1.66,35.64,17.13,40.5,1,Watch
24.42,30.23,63.78,32.56,1.06,20.61,17.78,16.0,0,Safe
36.48,139.66,84.26,32.11,1.27,24.39,13.53,28.8,0,Safe
0.21,20.96,39.29,17.68,0.45,7.54,26.61,4.1,0,Safe
105.92,301.52,89.36,54.7,3.85,88.7,15.66,100.0,3,Critical
3.91,16.25,28.34,24.65,0.39,9.08,35.03,0.3,0,Safe
52.3,195.11,76.95,40.1,1.35,45.65,17.16,60.5,2,Warning
8.89,83.23,69.32,26.85,0.66,20.98,19.07,14.5,0,Safe
0.22,3.64,47.34,29.97,0.48,2.97,23.52,0.0,0,Safe
23.54,136.93,61.62,34.63,0.85,54.5,13.72,40.0,1,Watch
46.28,90.66,55.49,34.74,0.94,18.7,19.93,21.4,0,Safe
97.78,371.1,88.0,37.16,3.58,80.88,8.79,96.6,3,Critical
1.13,0.09,31.86,34.01,0.39,12.33,31.66,2.1,0,Safe
0.33,16.34,31.07,19.92,0.52,8.36,24.54,4.5,0,Safe
0.61,0.89,32.37,33.72,0.47,3.72,25.32,0.0,0,Safe
0.27,20.83,33.91,33.15,0.15,7.23,17.5,5.6,0,Safe
31.78,41.18,63.4,22.04,0.47,20.7,19.3,12.4,0,Safe
22.01,101.98,75.2,27.05,0.72,23.55,25.78,14.6,0,Safe
2.48,3.65,24.12,31.45,0.46,4.71,27.84,0.7,0,Safe
115.01,335.49,95.07,37.84,3.44,69.81,10.85,88.2,3,Critical
8.48,43.32,65.12,33.4,0.66,30.72,20.19,22.1,0,Safe
18.8,102.32,60.95,43.44,0.39,23.12,16.79,27.8,0,Safe
96.44,141.09,75.75,36.6,1.61,34.67,12.83,47.6,1,Watch
0.16,6.46,31.26,41.63,0.42,10.04,26.71,3.4,0,Safe
4.95,1.0,50.21,35.82,0.6,6.77,24.98,8.8,0,Safe
9.97,31.0,59.79,39.68,0.67,24.49,18.86,9.4,0,Safe
64.35,146.91,76.9,42.14,1.48,56.13,17.53,69.1,2,Warning
0.77,1.25,30.64,33.22,0.18,3.04,19.78,0.0,0,Safe
9.23,30.79,66.42,35.11,0.5,26.76,24.03,16.5,0,Safe
1.02,13.36,26.15,19.21,0.15,12.44,20.15,2.4,0,Safe
11.85,70.83,46.94,24.35,0.62,28.67,17.05,12.0,0,Safe
61.58,112.79,56.71,31.31,0.63,29.37,18.48,27.5,0,Safe
34.32,97.04,68.99,29.51,1.12,31.68,23.97,26.0,0,Safe
48.2,138.52,70.61,44.04,0.83,42.89,21.38,51.5,1,Watch
3.18,5.53,34.38,20.7,0.49,9.05,18.38,2.0,0,Safe
17.14,111.54,81.17,49.88,1.56,46.74,15.41,49.5,1,Watch
2.39,16.04,45.17,27.36,0.35,1.8,20.01,0.0,0,Safe
5.16,20.78,27.09,26.68,0.4,11.25,26.23,6.7,0,Safe
54.03,178.05,75.6,49.15,1.4,54.23,16.8,70.3,2,Warning
74.24,120.27,69.17,31.67,1.66,46.56,14.08,43.9,1,Watch
47.92,205.88,68.32,37.16,1.03,39.03,16.06,46.9,1,Watch
112.95,298.26,91.69,51.36,4.41,85.49,13.8,100.0,3,Critical
1.19,17.48,27.57,24.51,0.34,14.53,25.82,3.0,0,Safe
37.19,180.24,80.32,41.46,0.84,28.1,14.1,40.9,1,Watch
39.95,193.59,85.3,30.28,1.14,42.44,11.9,43.0,1,Watch
51.62,200.71,89.42,54.12,4.19,62.96,13.73,99.8,3,Critical
47.0,121.43,86.1,41.66,1.58,53.75,19.01,61.7,2,Warning
1.62,8.83,33.55,39.38,0.28,1.43,29.0,0.6,0,Safe
4.74,20.03,43.8,29.85,0.11,6.56,21.46,4.6,0,Safe
0.79,24.84,11.25,30.24,0.24,11.22,23.08,2.1,0,Safe
0.52,24.66,29.82,25.49,0.13,19.3,21.49,2.6,0,Safe
42.47,76.21,59.72,25.72,0.3,23.44,18.25,17.0,0,Safe
0.17,5.67,50.1,21.69,0.39,8.05,22.06,0.0,0,Safe
14.6,62.15,54.92,29.72,1.17,25.13,20.4,17.1,0,Safe
7.24,6.26,20.79,19.44,0.56,14.13,21.89,2.6,0,Safe
0.33,11.18,35.96,31.51,0.17,10.76,23.08,5.2,0,Safe
8.54,2.95,30.27,34.64,0.27,11.33,24.88,4.6,0,Safe
1.97,10.99,36.98,25.01,0.23,8.28,28.09,1.4,0,Safe
34.24,38.9,55.95,38.63,0.59,32.45,18.58,20.6,0,Safe
9.54,102.98,67.4,25.67,0.96,26.11,19.53,13.8,0,Safe
45.69,191.65,74.26,34.21,1.63,50.44,17.08,55.0,1,Watch
0.57,22.41,46.19,30.46,0.57,9.36,25.87,0.0,0,Safe
2.57,18.26,49.45,25.42,0.33,19.71,27.83,3.5,0,Safe
0.09,17.34,52.96,30.89,0.33,15.76,21.5,1.3,0,Safe
1.65,5.49,25.33,26.11,0.5,6.4,29.66,0.0,0,Safe
53.83,200.49,97.71,53.92,2.22,65.72,9.09,97.7,3,Critical
13.68,107.58,72.21,36.67,0.4,30.83,19.04,24.1,0,Safe
0.01,12.41,26.44,20.3,0.11,18.92,20.47,0.1,0,Safe
2.91,11.43,37.1,28.81,0.15,8.47,27.02,0.8,0,Safe
12.42,112.71,67.42,31.96,0.79,12.19,21.91,11.8,0,Safe
0.17,22.56,28.63,30.99,0.13,7.95,23.61,5.7,0,Safe
0.61,4.15,44.12,32.22,0.18,7.08,21.49,0.0,0,Safe
31.55,206.26,76.5,36.62,1.38,37.25,17.38,50.4,1,Watch
35.47,90.03,63.17,30.94,0.4,23.69,18.84,19.8,0,Safe
32.41,99.54,64.35,36.67,0.85,33.47,21.68,32.6,1,Watch
36.99,35.68,74.26,32.25,0.9,16.52,21.53,13.1,0,Safe
15.1,55.06,43.7,40.13,0.71,39.83,16.4,17.5,0,Safe
4.39,6.23,37.87,23.44,0.39,9.34,27.02,0.8,0,Safe
1.15,23.85,43.14,24.88,0.2,12.04,23.11,3.8,0,Safe
0.92,16.41,49.86,15.72,0.15,9.88,17.97,6.7,0,Safe
55.69,183.08,74.0,36.55,1.82,43.63,8.59,56.1,1,Watch
51.35,62.88,62.25,27.46,1.15,27.13,17.29,24.8,0,Safe
47.59,129.92,71.69,45.75,1.46,38.71,18.21,57.2,1,Watch
128.69,196.5,94.23,49.03,4.35,78.63,17.62,100.0,3,Critical
40.58,112.11,54.36,23.49,0.96,25.1,21.61,18.2,0,Safe
24.05,97.14,59.21,17.52,0.97,29.81,19.33,13.5,0,Safe
32.12,124.05,78.82,36.85,1.83,37.23,11.88,43.1,1,Watch
4.61,3.41,33.99,24.85,0.16,12.1,22.98,3.5,0,Safe
0.35,23.68,36.88,36.12,0.18,18.16,30.67,1.9,0,Safe
0.42,5.35,29.33,19.02,0.2,14.57,16.08,0.0,0,Safe
28.63,97.82,71.81,30.61,0.6,24.88,15.41,25.5,0,Safe
4.29,16.55,43.47,30.42,0.49,7.58,26.8,2.7,0,Safe
8.5,19.94,23.09,20.87,0.19,5.96,23.01,2.3,0,Safe
26.86,148.68,88.7,24.29,0.9,54.36,11.02,35.7,1,Watch
43.55,102.82,65.53,30.6,0.94,27.59,16.83,24.4,0,Safe
94.9,260.56,93.72,36.41,4.27,69.56,9.84,88.4,3,Critical
22.14,193.12,83.35,47.54,1.05,39.76,19.52,55.9,1,Watch
28.31,143.62,69.11,38.08,1.66,48.47,15.22,43.6,1,Watch
0.94,4.03,41.48,25.38,0.25,10.15,26.9,1.5,0,Safe
11.67,109.55,59.27,39.79,0.8,32.27,25.02,28.5,0,Safe
71.12,156.5,80.99,44.83,1.53,43.88,15.09,68.2,2,Warning
4.07,2.89,22.11,25.63,0.21,11.16,25.79,1.9,0,Safe
0.93,2.64,35.53,35.72,0.28,14.32,28.32,1.2,0,Safe
1.35,19.57,33.12,29.06,0.28,2.28,21.87,4.2,0,Safe
1.12,23.96,38.97,28.92,0.29,9.32,19.79,6.1,0,Safe
0.13,16.67,29.03,35.09,0.34,8.14,15.86,2.0,0,Safe
85.33,362.55,92.94,36.16,2.83,84.15,21.32,89.0,3,Critical
128.38,305.64,87.25,56.21,4.6,66.61,11.94,100.0,3,Critical
46.13,54.44,45.21,33.16,1.03,30.48,19.9,28.5,0,Safe
12.01,81.45,72.07,35.71,0.63,27.5,17.13,21.4,0,Safe
85.94,349.09,90.43,46.13,2.36,90.92,10.78,100.0,3,Critical
103.46,355.3,91.05,42.22,2.65,59.31,16.18,85.8,3,Critical
20.18,47.5,66.84,28.68,0.95,33.69,17.75,19.2,0,Safe
34.25,135.84,83.54,33.8,1.84,39.6,13.03,38.1,1,Watch
116.73,365.87,98.2,43.38,3.09,57.54,14.81,96.1,3,Critical
41.34,82.65,47.17,24.64,1.11,34.37,17.71,21.5,0,Safe
1.04,23.62,30.63,41.68,0.39,13.04,18.03,5.5,0,Safe
18.66,116.05,71.32,41.16,0.81,23.93,20.15,29.8,0,Safe
3.27,20.97,29.29,19.58,0.44,13.75,22.24,8.1,0,Safe
13.24,96.18,68.23,32.74,0.93,21.45,20.52,16.2,0,Safe
3.76,6.17,23.26,26.33,0.51,6.26,20.77,3.7,0,Safe
11.9,74.35,63.93,28.1,0.61,15.19,19.81,11.1,0,Safe
49.53,125.45,65.14,34.91,1.06,51.74,15.66,48.1,1,Watch
0.98,2.56,39.65,32.09,0.47,11.71,27.94,1.0,0,Safe
3.58,23.53,38.58,35.64,0.47,7.03,25.73,5.4,0,Safe
0.46,16.09,23.75,27.09,0.2,9.43,23.09,0.3,0,Safe
36.14,105.61,62.09,23.67,0.94,32.81,16.92,18.0,0,Safe
0.88,24.46,40.6,34.43,0.42,8.73,28.03,0.9,0,Safe
73.81,360.96,97.12,38.09,4.7,56.64,8.87,82.0,3,Critical
41.78,137.82,82.13,31.63,1.21,29.66,16.18,35.2,1,Watch
2.46,3.77,32.92,23.57,0.14,13.2,28.83,0.0,0,Safe
127.06,341.64,87.2,52.66,4.01,84.51,14.02,100.0,3,Critical
1.37,20.79,47.24,28.12,0.3,7.89,21.6,0.0,0,Safe
86.13,140.1,79.92,30.35,0.81,43.46,19.22,44.4,1,Watch
1.57,0.46,25.62,34.56,0.22,12.14,24.49,0.0,0,Safe
11.98,73.93,38.32,30.06,0.98,38.84,15.42,26.5,0,Safe
3.17,20.45,37.36,10.32,0.43,5.19,18.66,0.0,0,Safe
32.13,40.87,56.86,31.4,0.34,45.81,17.6,30.7,1,Watch
19.61,95.38,69.76,33.26,0.48,26.66,21.0,23.9,0,Safe
74.25,276.01,90.42,37.29,4.65,61.93,13.87,81.4,3,Critical
24.09,98.81,59.84,33.68,1.15,17.33,21.3,26.1,0,Safe
29.53,108.69,49.22,27.1,0.58,37.17,15.29,26.2,0,Safe
0.89,4.43,38.85,41.45,0.29,8.96,26.46,0.0,0,Safe
2.16,1.06,35.35,23.33,0.16,14.89,21.44,0.0,0,Safe
24.96,110.03,76.93,37.43,1.32,46.37,22.92,39.3,1,Watch
11.45,65.31,59.62,24.08,0.9,9.32,15.77,10.9,0,Safe
1.23,14.98,26.06,26.66,0.19,9.28,24.51,1.5,0,Safe
15.83,106.07,73.54,30.6,0.36,20.98,18.95,15.4,0,Safe
3.64,8.32,41.43,29.33,0.55,15.44,33.44,0.0,0,Safe
1.28,21.75,35.53,22.31,0.44,14.56,27.34,2.1,0,Safe
2.73,22.35,34.0,29.32,0.3,11.76,29.75,6.0,0,Safe
1.42,21.79,36.24,22.18,0.13,14.52,23.7,0.0,0,Safe
26.69,33.34,69.65,19.19,0.55,24.54,17.39,8.0,0,Safe
30.7,163.48,78.76,46.5,1.7,38.86,16.61,56.9,1,Watch
1.79,14.77,35.02,37.6,0.22,9.43,20.53,4.6,0,Safe
25.74,75.47,68.82,37.52,0.99,13.31,16.23,20.8,0,Safe
3.33,1.82,42.38,22.77,0.39,10.98,13.67,0.0,0,Safe
61.91,199.79,81.26,36.58,0.86,41.72,12.83,48.9,1,Watch
2.57,17.58,36.54,31.53,0.29,7.89,31.89,3.7,0,Safe
73.55,193.88,72.81,41.73,2.0,68.0,9.34,86.7,3,Critical
0.68,4.98,29.69,18.18,0.45,8.83,24.06,2.8,0,Safe
1.01,20.7,26.33,37.0,0.33,8.26,27.95,1.3,0,Safe
0.02,10.09,33.82,19.18,0.31,6.81,31.04,0.0,0,Safe
12.07,85.61,63.79,32.04,0.33,30.68,15.66,19.3,0,Safe
2.83,11.36,33.1,13.85,0.14,7.56,23.33,0.0,0,Safe
0.42,10.35,51.25,20.45,0.48,8.87,20.54,2.1,0,Safe
43.77,114.92,75.74,46.61,0.61,19.29,20.07,34.5,1,Watch
5.53,9.66,36.58,31.56,0.37,7.56,18.81,0.9,0,Safe
38.98,210.63,92.38,39.34,1.35,37.76,15.95,48.2,1,Watch
24.43,113.66,44.71,35.92,0.76,24.38,21.58,15.6,0,Safe
2.44,13.73,35.58,23.87,0.25,11.7,23.16,0.0,0,Safe
0.02,14.43,18.83,26.57,0.59,4.42,24.41,2.0,0,Safe
27.97,64.4,56.2,35.86,1.1,35.27,18.46,28.2,0,Safe
0.86,2.7,33.44,23.66,0.15,9.69,20.75,1.7,0,Safe
9.16,42.09,62.46,30.79,0.95,30.5,20.27,13.7,0,Safe
50.05,53.02,65.81,21.84,0.76,25.94,12.85,18.0,0,Safe
6.14,19.16,39.63,23.29,0.17,8.28,23.37,1.8,0,Safe
3.42,1.1,35.43,12.48,0.22,5.7,28.6,0.0,0,Safe
5.54,8.06,35.91,38.02,0.11,10.71,19.69,3.4,0,Safe
0.49,22.96,37.51,20.04,0.34,7.24,25.63,0.0,0,Safe
51.91,170.59,72.73,34.78,1.56,40.11,13.24,46.5,1,Watch
18.27,78.6,63.71,37.86,0.37,31.92,18.31,24.1,0,Safe
11.56,49.8,55.55,32.07,0.68,18.51,18.79,10.9,0,Safe
2.58,15.5,36.46,25.58,0.13,9.44,24.39,1.0,0,Safe
11.8,58.93,79.91,31.41,1.09,33.76,15.96,23.9,0,Safe
14.91,74.38,65.32,40.23,0.64,27.81,13.12,25.7,0,Safe
1.46,4.23,37.33,44.22,0.53,14.52,23.88,5.5,0,Safe
117.24,373.28,95.04,39.44,4.49,90.91,18.46,96.7,3,Critical
1.94,11.9,29.29,24.62,0.25,7.5,21.86,0.0,0,Safe
14.67,89.61,70.84,39.21,1.19,39.22,21.12,33.2,1,Watch
38.54,103.15,48.98,31.41,0.51,26.95,15.29,21.8,0,Safe
92.64,187.29,78.84,37.95,1.06,47.62,18.26,62.7,2,Warning
15.05,116.85,62.0,38.76,0.36,38.35,17.99,30.8,1,Watch
77.04,201.48,85.38,47.87,3.91,83.5,10.44,100.0,3,Critical
37.43,109.3,56.99,28.72,0.35,33.62,17.72,24.9,0,Safe
40.2,159.79,70.07,42.55,1.91,57.32,19.35,65.0,2,Warning
5.28,12.1,25.29,26.95,0.52,4.2,19.97,5.0,0,Safe
26.09,55.82,61.21,25.1,0.57,19.32,18.61,13.1,0,Safe
59.67,200.57,80.41,33.45,1.65,54.19,17.35,59.1,1,Watch
7.05,11.28,29.67,29.14,0.23,8.06,28.8,1.3,0,Safe
3.03,9.13,48.95,32.81,0.13,8.91,18.94,3.3,0,Safe
87.55,347.83,94.6,46.02,4.2,55.55,12.36,100.0,3,Critical
15.51,85.45,75.66,26.41,0.76,34.26,16.79,22.9,0,Safe
11.96,24.62,30.72,17.98,0.46,17.05,25.45,0.8,0,Safe
2.41,5.67,35.18,22.96,0.3,8.92,27.49,3.5,0,Safe
110.05,269.67,88.08,49.83,3.52,68.38,14.23,100.0,3,Critical
19.53,64.27,57.62,33.89,0.57,28.9,21.82,15.4,0,Safe
7.49,8.81,26.41,13.94,0.24,6.25,20.48,7.2,0,Safe
8.67,19.15,22.78,29.38,0.33,10.36,19.59,6.4,0,Safe
19.05,77.12,58.09,27.41,0.36,29.64,23.38,16.3,0,Safe
33.92,73.23,38.53,39.95,0.8,18.64,17.68,22.9,0,Safe
0.31,14.77,33.06,24.11,0.13,8.21,19.14,0.0,0,Safe
36.22,195.83,78.59,29.31,1.64,45.32,16.52,52.5,1,Watch
28.84,85.63,69.92,27.52,1.14,31.59,17.38,21.8,0,Safe
0.27,24.92,38.13,26.55,0.33,1.58,19.72,3.5,0,Safe
26.18,111.43,52.09,35.28,0.48,30.17,20.41,25.2,0,Safe
3.5,15.76,22.89,17.17,0.6,4.68,26.26,1.2,0,Safe
6.97,19.31,40.12,23.38,0.48,4.81,23.46,0.7,0,Safe
4.78,21.28,8.36,20.69,0.17,7.28,28.39,9.5,0,Safe
23.5,109.85,66.9,25.68,0.64,19.64,14.84,17.8,0,Safe
31.85,98.88,62.38,36.5,0.61,33.95,19.64,24.5,0,Safe
1.08,7.18,30.34,26.48,0.42,4.31,22.72,0.4,0,Safe
6.77,74.26,65.45,38.26,0.74,23.09,18.7,19.3,0,Safe
1.21,24.89,35.62,30.42,0.27,10.63,21.06,0.0,0,Safe
40.2,116.27,69.38,26.69,0.91,26.74,18.57,24.7,0,Safe
58.62,139.06,69.87,33.0,1.42,44.48,17.25,43.6,1,Watch
13.72,96.24,61.01,33.44,0.38,29.14,17.28,22.1,0,Safe
1.37,14.73,40.94,20.5,0.44,12.72,20.52,0.0,0,Safe
26.81,51.35,62.23,34.09,0.75,35.09,17.37,25.1,0,Safe
3.29,14.14,54.08,23.41,0.14,11.57,25.4,6.2,0,Safe
2.12,14.96,34.72,32.65,0.37,7.08,22.01,0.0,0,Safe
22.97,77.14,46.26,37.13,0.93,33.01,20.1,28.5,0,Safe
21.55,42.64,55.39,37.94,0.72,21.95,18.56,15.8,0,Safe
75.22,225.84,97.17,54.79,3.24,61.37,17.42,100.0,3,Critical
0.66,13.19,36.58,35.67,0.54,10.37,19.88,0.0,0,Safe
1.17,9.55,31.76,31.88,0.58,10.39,24.15,0.1,0,Safe
54.43,333.35,92.92,52.86,4.7,70.32,16.01,100.0,3,Critical
0.5,5.36,38.12,28.39,0.13,10.52,27.47,2.0,0,Safe
1.5,21.87,38.0,26.48,0.15,10.08,25.94,1.2,0,Safe
15.73,100.4,71.15,40.03,0.7,14.41,19.85,22.4,0,Safe
27.57,90.75,80.35,34.26,0.64,14.74,17.82,16.8,0,Safe
27.42,84.0,54.61,35.8,0.44,33.69,15.29,23.5,0,Safe
6.7,101.45,53.18,21.06,0.78,25.82,15.18,14.2,0,Safe
0.22,7.79,36.15,29.02,0.55,8.17,28.71,0.0,0,Safe
17.99,64.22,52.44,24.41,0.83,37.63,16.2,21.5,0,Safe
20.62,38.98,58.78,38.86,0.43,19.62,18.85,12.8,0,Safe
19.72,40.86,54.03,38.45,0.64,20.58,23.56,13.7,0,Safe
3.3,2.59,47.21,32.94,0.37,11.41,25.9,0.5,0,Safe
2.45,23.74,32.04,29.09,0.14,15.83,25.44,8.0,0,Safe
3.98,44.05,45.61,26.8,0.52,33.4,16.84,12.6,0,Safe
14.71,98.81,83.19,36.46,0.63,21.47,20.07,23.3,0,Safe
3.37,3.41,55.37,22.99,0.49,16.41,22.11,4.8,0,Safe
37.18,175.25,77.15,33.76,0.94,58.36,10.45,51.9,1,Watch
36.38,139.65,71.49,35.36,0.96,46.93,17.72,43.2,1,Watch
0.17,14.0,43.55,29.59,0.22,8.48,23.12,0.0,0,Safe
54.84,166.15,80.14,35.13,1.99,49.6,13.39,53.8,1,Watch
52.73,194.33,78.37,43.48,1.46,27.69,19.44,52.8,1,Watch
1.94,16.8,30.51,40.61,0.12,8.47,28.7,0.0,0,Safe
123.93,197.27,87.02,37.75,3.65,67.69,14.0,86.5,3,Critical
20.08,175.06,87.74,42.29,1.1,56.68,15.62,61.0,2,Warning
69.13,206.34,90.41,40.12,1.93,53.44,18.71,69.4,2,Warning
0.0,22.23,29.48,23.56,0.56,11.49,27.05,3.9,0,Safe
0.27,18.71,39.08,39.58,0.24,12.26,37.34,3.7,0,Safe
53.46,120.68,81.36,32.06,1.47,47.09,16.84,48.0,1,Watch
11.09,74.78,66.67,30.09,0.88,21.45,16.28,14.7,0,Safe
0.61,13.88,35.12,24.54,0.23,7.55,17.74,2.1,0,Safe
39.35,115.8,53.58,26.57,0.61,26.55,19.55,22.3,0,Safe
37.0,113.08,76.53,34.17,1.57,30.01,12.69,36.8,1,Watch
26.94,101.3,56.8,39.95,0.44,26.44,19.16,21.3,0,Safe
42.71,207.08,84.89,26.72,1.61,46.15,20.19,45.6,1,Watch
5.07,8.74,26.94,18.59,0.29,13.32,21.5,5.7,0,Safe
24.17,64.85,60.6,37.72,0.47,13.98,19.16,13.1,0,Safe
23.14,107.65,63.58,40.17,0.56,35.34,20.34,30.6,1,Watch
4.66,18.53,39.18,41.47,0.47,12.09,25.46,4.5,0,Safe
54.18,376.2,86.48,50.45,3.82,62.14,11.22,98.4,3,Critical
39.5,93.33,57.5,33.38,0.61,42.81,19.72,33.9,1,Watch
0.16,11.48,26.22,23.27,0.53,10.55,27.07,1.4,0,Safe
61.22,364.42,97.13,44.35,3.5,83.35,12.22,100.0,3,Critical
9.6,130.37,79.88,36.12,1.86,46.87,15.93,43.7,1,Watch
2.25,11.7,35.0,36.18,0.28,4.44,18.74,0.6,0,Safe
14.44,108.59,67.45,32.85,1.06,25.62,18.53,24.4,0,Safe
30.49,44.54,56.61,38.75,0.72,29.02,19.71,22.1,0,Safe
11.99,55.69,71.48,36.32,0.93,25.06,21.85,18.4,0,Safe
70.33,55.12,66.11,24.88,0.52,16.56,21.56,17.7,0,Safe
29.49,34.16,62.36,27.03,0.38,9.4,18.38,7.0,0,Safe
1.72,13.41,22.88,27.95,0.2,9.63,24.89,1.8,0,Safe
0.13,23.63,33.77,12.34,0.18,7.17,19.82,1.0,0,Safe
51.51,68.96,45.73,28.72,1.02,40.23,15.53,32.0,1,Watch
1.04,10.66,24.37,26.79,0.55,7.53,25.89,1.0,0,Safe
100.33,191.72,97.39,53.68,2.13,55.46,12.95,97.4,3,Critical
37.45,202.26,74.65,35.17,1.31,37.13,13.52,45.4,1,Watch
0.13,23.77,29.74,41.5,0.5,12.91,27.07,0.0,0,Safe
92.79,377.13,89.57,46.81,2.51,74.74,14.73,99.1,3,Critical
38.44,166.08,74.59,30.03,1.54,33.95,19.7,40.7,1,Watch
30.72,51.31,70.87,27.33,0.75,33.55,20.03,20.9,0,Safe
35.04,117.58,77.27,34.5,1.9,47.72,21.49,41.2,1,Watch
7.12,6.18,36.28,30.24,0.45,6.67,16.58,1.4,0,Safe
25.09,84.48,57.3,36.28,0.41,30.51,20.48,23.0,0,Safe
0.94,12.3,40.98,29.22,0.49,8.42,20.83,0.0,0,Safe
38.56,195.15,74.05,35.96,0.85,51.41,19.5,44.9,1,Watch
6.55,16.68,36.77,27.59,0.27,5.13,17.35,9.0,0,Safe
7.92,20.53,34.72,25.74,0.35,6.65,23.01,0.3,0,Safe
1.32,7.14,34.77,27.74,0.51,2.19,24.71,0.0,0,Safe
1.52,7.16,31.15,22.64,0.48,6.8,25.68,0.0,0,Safe
2.13,15.37,44.7,18.42,0.15,10.71,24.12,0.0,0,Safe
1.77,11.92,21.1,33.08,0.57,14.78,25.56,7.0,0,Safe
5.4,4.32,50.09,24.35,0.48,13.44,18.49,5.2,0,Safe
45.08,188.8,86.32,41.16,1.23,50.76,19.61,61.3,2,Warning
118.64,307.17,87.34,53.67,4.0,67.37,10.86,100.0,3,Critical
26.59,88.35,54.11,29.4,0.61,30.13,23.71,18.6,0,Safe
19.58,215.21,85.17,42.75,1.37,30.27,18.35,50.5,1,Watch
25.85,120.59,88.37,41.29,1.56,31.97,20.03,33.9,1,Watch
0.39,21.85,52.76,16.12,0.34,4.84,27.41,0.0,0,Safe
7.43,5.84,45.36,26.05,0.44,3.83,19.52,1.6,0,Safe
10.36,7.08,30.7,24.56,0.14,13.04,23.09,2.5,0,Safe
49.38,140.78,78.12,49.21,1.32,41.72,13.21,60.2,2,Warning
1.89,2.11,33.6,36.85,0.52,11.72,27.2,0.7,0,Safe
129.96,135.2,78.39,38.58,1.12,50.58,21.09,62.6,2,Warning
4.04,13.56,17.7,23.33,0.48,12.4,26.07,0.0,0,Safe
3.63,7.86,54.49,26.54,0.13,19.42,25.96,3.4,0,Safe
2.16,13.54,32.26,34.92,0.31,4.43,25.02,0.0,0,Safe
0.44,19.2,40.7,34.47,0.34,9.22,26.75,0.0,0,Safe
41.3,78.89,67.46,30.12,0.4,35.48,15.2,27.0,0,Safe
0.28,12.19,33.72,28.29,0.24,6.65,17.71,4.6,0,Safe
8.47,112.11,64.97,27.97,0.55,27.4,20.33,19.3,0,Safe
13.48,105.63,58.4,27.08,1.01,38.2,20.37,22.8,0,Safe
38.6,132.05,79.81,43.74,1.43,31.53,17.53,41.9,1,Watch
0.53,21.93,35.81,11.59,0.48,2.14,26.12,2.9,0,Safe
0.75,21.29,35.7,21.29,0.1,17.04,21.51,2.2,0,Safe
39.59,219.26,86.93,34.09,1.44,45.96,18.37,50.0,1,Watch
37.63,65.72,55.89,20.9,0.58,23.78,19.03,12.1,0,Safe
106.42,346.2,89.6,54.99,3.2,53.13,21.47,100.0,3,Critical
21.02,64.76,70.05,31.66,0.67,24.08,15.52,19.4,0,Safe
5.16,7.53,24.56,30.45,0.12,5.01,24.61,4.8,0,Safe
97.34,361.52,88.03,46.84,2.81,80.3,12.68,100.0,3,Critical
0.19,10.14,39.88,15.95,0.29,10.81,25.36,0.0,0,Safe
14.77,76.81,63.16,36.01,0.73,23.8,22.43,14.7,0,Safe
25.86,137.37,77.62,34.8,0.82,55.07,14.02,43.7,1,Watch
7.02,20.52,35.72,36.14,0.39,7.56,22.53,0.0,0,Safe
0.44,9.41,46.13,10.62,0.59,7.43,18.2,0.0,0,Safe
4.06,18.4,25.2,31.52,0.48,13.82,25.89,3.7,0,Safe
1.42,18.77,15.18,41.58,0.41,11.16,26.45,7.0,0,Safe
2.53,0.33,36.45,23.86,0.14,10.51,21.83,0.0,0,Safe
1.53,17.2,35.38,31.63,0.52,7.26,26.32,4.0,0,Safe
9.04,15.95,30.55,28.51,0.53,16.14,28.11,2.4,0,Safe
1.71,19.28,31.62,31.34,0.37,16.73,15.97,4.8,0,Safe
1.96,24.4,32.78,29.18,0.17,12.86,22.05,0.2,0,Safe
0.35,2.25,20.59,23.53,0.22,11.27,24.18,0.0,0,Safe
4.54,12.8,25.92,28.04,0.57,9.75,27.64,0.0,0,Safe
0.47,23.04,44.27,28.47,0.57,12.58,21.33,0.0,0,Safe
15.93,91.96,47.5,25.98,0.55,19.8,17.88,13.5,0,Safe
0.95,3.51,39.05,31.97,0.47,5.15,24.29,5.3,0,Safe
58.51,58.74,60.58,28.26,1.0,35.15,24.78,31.9,1,Watch
94.13,259.09,85.75,44.56,4.26,83.78,14.03,100.0,3,Critical
0.41,0.24,36.66,18.85,0.44,12.98,27.17,2.5,0,Safe
34.96,101.47,52.28,38.21,1.16,24.76,21.08,28.5,0,Safe
52.3,78.84,69.44,38.11,1.1,14.49,20.86,25.3,0,Safe
2.2,4.39,33.8,34.39,0.42,7.07,20.12,3.3,0,Safe
9.33,20.71,26.01,29.06,0.24,11.94,25.44,0.0,0,Safe
42.02,96.19,76.72,37.32,0.44,38.84,16.97,30.4,1,Watch
23.76,103.88,44.63,39.99,1.08,32.97,20.83,25.7,0,Safe
3.45,19.8,39.84,33.08,0.56,12.35,22.8,4.6,0,Safe
23.9,85.94,75.3,33.71,0.78,23.27,21.2,22.4,0,Safe
1.41,19.96,45.85,28.43,0.35,12.49,31.25,5.0,0,Safe
98.22,199.88,75.77,46.45,1.91,24.42,15.86,64.8,2,Warning
21.71,32.88,68.9,32.55,0.75,32.76,20.72,26.9,0,Safe
2.71,9.96,47.64,26.97,0.46,6.99,18.32,0.9,0,Safe
0.05,20.89,43.72,21.48,0.47,9.57,29.16,3.5,0,Safe
9.25,114.75,52.06,34.15,1.01,22.47,19.6,18.6,0,Safe
64.71,276.13,98.02,53.18,2.84,88.76,11.49,100.0,3,Critical
21.06,101.19,58.97,32.79,0.77,29.15,17.22,22.8,0,Safe
4.89,12.45,28.37,35.7,0.25,7.27,25.83,2.5,0,Safe
114.72,322.03,93.27,49.18,3.96,79.54,17.77,100.0,3,Critical
10.69,110.51,70.43,27.46,0.78,30.05,18.8,19.5,0,Safe
7.53,15.16,39.71,34.49,0.26,7.16,19.12,0.0,0,Safe
91.25,138.3,85.01,41.61,1.09,54.02,15.84,63.8,2,Warning
0.49,24.14,35.38,35.73,0.11,10.11,11.28,2.3,0,Safe
0.45,19.97,35.04,26.24,0.41,4.62,20.19,0.0,0,Safe
35.95,101.16,49.5,24.79,1.04,16.36,16.55,18.4,0,Safe
5.62,7.03,21.62,19.57,0.42,18.63,24.46,3.9,0,Safe
79.12,109.33,75.82,37.39,1.19,38.15,18.84,46.7,1,Watch
115.11,216.46,97.22,53.33,4.05,91.53,18.56,100.0,3,Critical
1.27,23.31,39.04,21.02,0.29,0.2,26.61,1.1,0,Safe
24.79,75.04,58.11,33.61,1.01,37.48,18.56,29.1,0,Safe
52.15,60.3,82.73,39.05,0.45,29.98,19.77,39.9,1,Watch
38.39,212.75,75.08,31.23,1.16,40.71,13.4,43.9,1,Watch
0.36,22.79,31.8,27.76,0.22,20.53,28.57,0.0,0,Safe
4.54,79.35,63.27,38.03,0.42,25.56,20.8,15.1,0,Safe
0.54,8.32,45.54,40.74,0.4,14.15,20.92,2.2,0,Safe
58.6,219.98,70.05,47.38,1.53,56.04,7.6,81.9,3,Critical
4.98,10.17,36.8,34.64,0.29,14.7,16.63,2.0,0,Safe
12.57,112.02,66.66,43.67,0.33,35.13,16.82,31.3,1,Watch
116.53,334.54,91.96,49.7,4.57,53.95,14.38,96.7,3,Critical
60.11,176.7,79.51,43.26,1.9,47.83,14.69,65.9,2,Warning
4.02,19.1,49.25,13.86,0.19,10.75,25.62,4.7,0,Safe
7.78,0.56,37.31,25.45,0.49,9.73,23.17,0.7,0,Safe
89.24,206.11,72.37,38.52,1.72,34.71,15.47,59.6,1,Watch
1.74,20.71,41.3,39.37,0.48,9.6,19.96,3.3,0,Safe
12.83,104.02,71.83,39.4,0.7,33.77,11.2,29.4,0,Safe
26.54,65.76,62.79,28.05,0.7,40.01,19.28,16.1,0,Safe
54.8,287.05,96.81,50.92,4.47,73.03,13.88,100.0,3,Critical
106.02,375.3,87.32,56.54,3.46,52.49,16.35,100.0,3,Critical
2.45,11.76,16.31,32.06,0.23,13.64,16.03,5.7,0,Safe
36.86,114.8,72.77,31.03,0.84,29.55,16.87,29.3,0,Safe
30.46,112.74,66.23,26.96,0.75,18.85,21.02,15.7,0,Safe
4.01,16.93,26.46,32.17,0.29,10.34,21.12,0.0,0,Safe
2.3,23.06,39.5,34.08,0.36,16.45,25.52,4.4,0,Safe
3.41,7.13,27.28,36.93,0.29,6.9,21.66,1.0,0,Safe
3.2,4.28,35.59,26.7,0.42,12.84,29.27,1.8,0,Safe
14.43,116.66,66.94,41.18,0.6,21.71,15.62,19.3,0,Safe
0.93,6.5,42.88,29.52,0.55,10.74,23.93,0.0,0,Safe
39.58,45.56,59.42,30.16,1.19,17.27,21.99,20.3,0,Safe
36.24,53.42,63.47,34.01,0.94,27.05,17.87,25.3,0,Safe
34.66,82.85,75.8,34.93,1.18,34.39,20.22,28.4,0,Safe
4.3,13.44,30.31,33.02,0.56,8.92,19.5,6.6,0,Safe
18.4,46.43,85.49,40.55,0.75,28.48,21.33,25.9,0,Safe
42.66,40.79,56.18,32.96,0.61,33.53,18.38,21.9,0,Safe
0.16,14.15,35.59,25.3,0.12,12.0,23.15,5.8,0,Safe
65.15,312.86,97.75,55.63,2.57,65.1,14.02,100.0,3,Critical
0.26,7.23,37.26,32.6,0.54,7.26,23.75,6.6,0,Safe
17.56,61.59,70.65,25.6,1.18,19.56,15.57,9.4,0,Safe
2.82,3.3,30.8,33.75,0.52,11.67,21.99,0.0,0,Safe
48.67,147.02,76.82,34.77,0.82,60.37,16.25,52.3,1,Watch
30.48,36.18,35.76,25.72,1.06,27.53,17.93,16.6,0,Safe
0.73,18.5,31.48,33.84,0.33,5.72,25.37,0.6,0,Safe
52.3,366.1,97.68,42.05,2.9,54.8,15.34,75.8,2,Warning
81.84,239.15,92.39,54.42,2.54,75.48,10.06,100.0,3,Critical
32.9,53.82,50.19,39.07,0.87,32.07,15.35,25.8,0,Safe
22.68,73.55,57.22,28.33,1.15,36.72,17.95,21.1,0,Safe
2.44,9.21,29.78,35.97,0.14,7.09,26.66,4.1,0,Safe
3.46,14.56,32.48,33.0,0.19,15.29,32.19,2.9,0,Safe
3.35,13.53,35.62,35.74,0.56,14.01,19.69,4.4,0,Safe
84.78,122.58,85.01,38.38,0.85,44.3,13.1,56.5,1,Watch
12.52,37.63,41.77,19.9,0.92,18.47,18.93,7.4,0,Safe
19.17,37.55,67.88,33.38,0.76,34.33,22.61,25.0,0,Safe
101.18,255.6,89.94,40.48,3.71,60.55,13.55,88.2,3,Critical
4.31,8.4,32.55,17.18,0.37,9.41,27.73,4.4,0,Safe
3.42,4.46,30.63,43.55,0.36,9.49,21.46,2.1,0,Safe
4.41,6.46,48.46,24.53,0.47,13.12,30.93,0.0,0,Safe
38.08,112.55,75.25,45.77,1.19,31.37,19.82,43.5,1,Watch
31.58,42.65,74.23,35.29,0.77,28.88,15.46,23.3,0,Safe
74.71,367.43,88.78,44.36,2.07,79.74,13.52,96.5,3,Critical
97.45,297.98,87.16,39.77,4.5,63.7,15.85,88.2,3,Critical
56.77,124.69,76.35,40.63,1.63,37.37,14.47,49.0,1,Watch
0.31,15.84,28.85,33.23,0.56,12.81,27.73,2.9,0,Safe
65.65,289.32,92.83,43.69,4.54,77.48,9.62,98.3,3,Critical
59.36,317.21,89.6,46.59,4.04,54.51,14.2,90.0,3,Critical
1.85,3.17,28.23,27.71,0.42,9.57,24.31,0.2,0,Safe
19.48,90.53,59.08,28.21,0.42,30.42,19.44,14.9,0,Safe
0.35,17.03,40.76,31.59,0.56,16.76,23.71,5.7,0,Safe
4.89,24.97,32.36,31.65,0.43,1.82,15.09,7.5,0,Safe
1.78,22.65,51.07,20.58,0.17,3.2,28.7,1.5,0,Safe
5.32,11.55,29.62,18.09,0.25,10.75,33.23,0.0,0,Safe
0.75,14.03,33.12,29.52,0.17,7.81,27.73,0.0,0,Safe
65.36,110.5,71.73,40.1,1.33,44.9,19.36,51.3,1,Watch
1.06,15.48,34.42,26.82,0.23,7.52,30.11,3.7,0,Safe
13.29,102.69,73.76,24.75,0.99,21.37,18.48,21.3,0,Safe
10.75,65.04,32.14,32.17,0.42,28.93,21.07,11.0,0,Safe
0.43,4.13,37.56,33.55,0.36,6.76,23.03,2.3,0,Safe
0.04,24.5,29.13,16.73,0.29,15.76,25.84,0.0,0,Safe
2.84,22.41,30.33,31.7,0.11,5.86,26.28,1.8,0,Safe
11.99,95.9,51.51,41.43,0.74,16.09,22.24,16.1,0,Safe
36.0,54.97,50.96,40.29,0.55,32.2,15.17,24.2,0,Safe
38.97,48.38,53.32,40.49,0.67,39.8,24.51,34.9,1,Watch
29.53,30.92,66.32,33.01,1.13,19.5,19.79,17.1,0,Safe
2.82,10.12,29.42,48.86,0.35,6.58,25.96,0.0,0,Safe
26.93,182.72,65.34,40.34,1.49,46.77,13.1,49.1,1,Watch
96.1,355.72,94.86,54.76,3.46,68.52,14.74,100.0,3,Critical
4.67,70.85,70.19,28.87,0.4,28.55,22.45,14.9,0,Safe
119.55,370.1,91.1,50.24,1.96,83.83,14.05,100.0,3,Critical
100.41,235.01,90.05,53.36,3.28,79.89,12.37,100.0,3,Critical
78.73,237.24,95.31,50.41,4.14,69.2,12.14,100.0,3,Critical
85.3,255.4,86.95,41.68,3.59,89.05,16.63,98.7,3,Critical
0.95,5.83,37.77,33.55,0.23,4.74,23.11,4.6,0,Safe
2.78,6.71,45.41,31.29,0.31,15.03,21.35,1.6,0,Safe
47.45,177.8,84.48,33.4,0.95,59.91,15.4,49.6,1,Watch
20.73,55.03,73.28,33.32,0.86,28.14,22.4,19.9,0,Safe
4.11,10.18,36.78,32.37,0.19,13.13,19.54,1.0,0,Safe
60.49,118.76,82.74,20.7,1.32,29.26,16.59,24.3,0,Safe
0.57,11.34,34.0,23.98,0.18,8.28,24.5,0.0,0,Safe
72.42,178.84,72.21,38.71,1.0,51.06,14.47,61.8,2,Warning
1.81,17.55,43.29,31.1,0.1,11.27,22.81,9.6,0,Safe
0.9,2.83,34.86,25.41,0.2,1.8,26.6,0.4,0,Safe
42.9,197.59,90.39,42.52,1.72,53.06,13.57,66.3,2,Warning
0.64,10.72,27.78,27.47,0.39,7.18,20.71,0.0,0,Safe
51.89,71.44,52.98,36.5,0.55,22.86,16.39,26.4,0,Safe
3.04,81.37,65.77,25.33,0.64,28.14,19.11,9.9,0,Safe
1.59,23.77,21.91,23.76,0.13,10.25,24.98,1.7,0,Safe
2.92,1.35,39.06,28.82,0.19,9.1,14.79,0.0,0,Safe
86.82,111.17,86.14,38.56,1.49,44.28,15.14,61.3,2,Warning
1.86,10.97,35.12,46.95,0.55,20.41,23.0,1.5,0,Safe
58.52,178.44,79.09,32.75,0.97,38.49,12.71,46.1,1,Watch
0.31,12.72,36.63,26.0,0.22,5.4,19.2,3.9,0,Safe
70.0,228.41,86.1,40.29,2.27,85.11,15.19,86.0,3,Critical
8.9,11.03,25.2,27.14,0.34,13.22,21.07,1.6,0,Safe
13.12,52.62,55.26,39.82,1.19,25.22,18.73,16.1,0,Safe
1.07,21.43,47.15,27.83,0.36,10.7,24.63,7.3,0,Safe
2.01,8.51,28.17,21.72,0.51,15.14,28.32,2.2,0,Safe
77.54,346.28,94.47,43.51,3.88,55.4,12.22,91.9,3,Critical
1.18,10.44,31.74,32.12,0.57,6.89,28.14,1.6,0,Safe
75.25,325.65,86.08,54.27,3.51,91.32,12.11,100.0,3,Critical
60.74,171.23,69.33,35.33,0.92,31.59,17.37,41.3,1,Watch
6.0,22.24,38.04,23.1,0.5,10.38,19.94,2.4,0,Safe
41.75,145.94,68.52,45.49,1.49,50.71,22.41,64.7,2,Warning
0.53,6.54,37.94,24.47,0.55,13.36,17.95,0.6,0,Safe
28.77,109.76,59.81,31.57,0.65,38.7,19.47,28.4,0,Safe
61.6,135.42,69.13,40.02,1.15,35.11,15.31,43.4,1,Watch
20.03,97.91,70.12,29.93,0.98,25.12,23.16,19.0,0,Safe
27.56,110.01,71.9,36.04,0.87,39.43,24.05,39.9,1,Watch
2.5,24.2,23.86,20.82,0.51,10.22,19.6,0.8,0,Safe
54.17,171.08,82.78,40.1,1.6,55.3,23.02,66.7,2,Warning
53.69,177.17,71.27,39.94,0.92,43.72,20.24,50.8,1,Watch
98.78,223.82,98.15,49.93,3.55,90.72,15.08,100.0,3,Critical
20.82,57.68,61.58,38.99,0.93,27.59,23.6,23.3,0,Safe
49.81,160.63,83.67,42.07,1.96,23.25,15.36,50.1,1,Watch
0.26,18.63,45.4,24.81,0.47,7.57,23.41,1.2,0,Safe
17.78,196.17,78.85,39.54,1.07,51.75,17.24,52.2,1,Watch
11.96,118.34,69.76,30.05,0.71,17.44,13.86,21.7,0,Safe
12.43,73.56,69.4,29.16,0.94,33.01,16.52,21.5,0,Safe
66.14,335.82,86.77,42.17,3.57,67.15,15.86,94.8,3,Critical
0.66,11.93,37.18,26.54,0.11,9.29,30.49,0.0,0,Safe
2.22,0.77,30.91,29.56,0.17,9.77,25.42,0.6,0,Safe
10.24,2.51,34.15,17.07,0.36,9.13,23.44,5.5,0,Safe
7.16,91.25,53.34,25.3,0.84,29.96,22.26,14.2,0,Safe
2.83,19.37,37.69,25.27,0.4,14.91,27.04,5.6,0,Safe
53.2,142.45,82.85,33.66,1.15,46.1,18.79,50.1,1,Watch
21.18,113.42,50.78,39.78,0.35,21.38,16.44,18.3,0,Safe
46.76,132.46,90.33,33.81,1.12,49.62,19.98,48.6,1,Watch
79.87,348.14,87.4,50.18,1.82,65.33,9.93,99.6,3,Critical
66.71,268.77,98.79,39.53,1.86,57.57,16.54,78.2,2,Warning
97.67,242.76,93.76,54.05,2.35,55.48,8.87,100.0,3,Critical
5.26,117.32,58.81,39.23,0.85,30.0,16.93,25.5,0,Safe
0.05,5.99,35.14,20.87,0.29,14.3,23.19,5.9,0,Safe
5.08,66.58,56.28,31.33,0.56,31.37,19.94,15.2,0,Safe
0.26,8.84,46.46,36.24,0.43,13.66,25.64,0.1,0,Safe
4.19,13.87,39.21,36.45,0.53,10.87,22.5,0.6,0,Safe
2.49,24.3,30.8,28.88,0.14,8.85,27.91,0.0,0,Safe
0.21,18.02,41.11,30.07,0.47,13.05,25.36,2.5,0,Safe
52.67,215.81,79.87,34.75,1.07,45.79,19.33,57.3,1,Watch
16.16,63.87,58.85,24.95,0.89,18.71,18.22,15.0,0,Safe
7.38,102.96,77.71,27.13,1.17,17.74,18.78,15.8,0,Safe
4.88,39.43,64.63,30.44,0.54,23.51,18.48,13.6,0,Safe
29.17,181.02,79.42,48.64,0.82,37.61,16.51,52.7,1,Watch
6.85,14.6,34.59,30.91,0.47,10.08,22.48,0.0,0,Safe
117.51,264.11,93.75,50.29,3.7,88.33,14.6,100.0,3,Critical
4.54,9.54,33.15,22.23,0.24,8.59,18.76,3.8,0,Safe
0.73,6.42,36.7,21.16,0.42,12.93,25.6,0.6,0,Safe
0.49,12.97,39.79,32.55,0.45,7.81,23.58,2.4,0,Safe
37.21,207.84,78.09,35.06,0.94,42.58,17.49,47.7,1,Watch
43.6,143.3,80.69,27.22,0.88,49.28,14.28,36.0,1,Watch
12.73,83.16,44.37,31.38,0.87,33.06,16.1,17.3,0,Safe
15.9,36.09,68.62,30.59,0.31,27.28,16.86,18.7,0,Safe
19.15,53.33,70.33,41.97,0.48,29.51,14.45,27.6,0,Safe
82.59,142.12,90.03,33.15,1.64,51.3,18.4,63.5,2,Warning
44.17,127.27,79.67,39.3,1.52,31.74,17.39,51.6,1,Watch
63.04,202.64,78.01,36.27,1.8,44.35,14.76,56.1,1,Watch
2.56,16.97,24.5,23.43,0.5,6.56,28.39,2.6,0,Safe
29.35,111.4,66.09,38.3,0.73,21.33,20.49,24.9,0,Safe
18.14,47.09,62.66,30.3,1.18,29.68,15.53,18.0,0,Safe
0.15,2.94,40.06,23.69,0.36,9.83,19.1,0.5,0,Safe
10.16,62.93,50.66,29.03,0.7,25.87,20.27,8.8,0,Safe
22.17,118.94,60.7,47.44,0.5,21.64,20.75,29.3,0,Safe
2.39,6.05,29.59,16.72,0.28,9.9,27.27,3.7,0,Safe
26.3,118.44,74.97,35.86,1.65,56.31,13.45,47.9,1,Watch
1.66,4.97,31.2,31.05,0.1,8.79,28.26,0.0,0,Safe
1.47,16.07,29.48,32.93,0.23,0.59,31.29,2.4,0,Safe
23.24,83.54,64.34,29.41,0.59,18.81,17.19,13.6,0,Safe
6.72,19.28,26.08,22.18,0.38,8.27,26.65,1.1,0,Safe
31.98,121.63,66.25,40.12,1.95,35.99,21.29,40.7,1,Watch
5.47,72.6,68.68,35.84,0.85,21.07,19.45,22.8,0,Safe
40.67,216.46,72.18,35.12,1.35,37.93,10.94,43.1,1,Watch
4.21,21.81,29.05,28.97,0.54,10.97,23.71,0.5,0,Safe
15.49,95.38,64.97,41.03,0.69,11.44,15.43,19.3,0,Safe
5.3,20.24,54.14,19.89,0.12,10.58,16.68,3.9,0,Safe
64.07,198.61,88.42,38.67,4.25,71.04,10.86,87.5,3,Critical
63.77,198.51,86.09,43.57,2.16,65.93,13.37,86.4,3,Critical
22.68,141.27,71.74,42.42,1.97,44.52,21.13,48.2,1,Watch
1.39,15.48,45.29,24.33,0.44,10.63,28.97,7.5,0,Safe
39.87,42.66,58.51,25.12,0.43,35.0,23.56,20.8,0,Safe
2.43,4.88,36.5,27.88,0.53,7.37,21.38,1.0,0,Safe
0.42,2.68,30.78,28.15,0.12,8.26,20.93,0.0,0,Safe
48.23,166.07,83.98,27.2,0.84,41.74,21.37,36.6,1,Watch
0.59,10.16,38.67,32.21,0.16,12.26,19.23,0.0,0,Safe
27.74,38.2,59.9,36.61,0.92,21.65,19.17,16.3,0,Safe
35.65,114.46,73.58,34.7,0.74,32.97,16.54,30.9,1,Watch
0.6,10.4,41.25,33.13,0.26,9.48,29.95,8.2,0,Safe
46.33,138.31,81.65,42.4,1.06,38.51,12.3,51.8,1,Watch
3.67,17.64,39.44,15.49,0.41,13.53,18.61,2.5,0,Safe
1.45,4.49,32.35,33.55,0.51,8.26,22.8,0.0,0,Safe
27.83,167.61,62.12,40.38,1.48,31.0,18.24,39.1,1,Watch
13.61,93.62,83.84,37.42,0.42,42.48,14.29,38.1,1,Watch
20.68,59.15,69.44,38.8,0.8,32.69,26.29,30.1,1,Watch
62.1,367.47,87.24,56.87,4.05,57.82,9.66,100.0,3,Critical
0.34,22.24,33.3,36.51,0.37,10.92,21.24,3.7,0,Safe
92.35,277.47,87.01,38.85,3.79,65.77,15.9,85.1,3,Critical
68.02,126.65,76.02,43.62,1.81,38.64,14.57,55.5,1,Watch
35.77,95.38,49.72,34.89,0.48,26.74,23.03,23.1,0,Safe
42.83,75.73,50.22,28.18,0.97,27.68,21.06,28.2,0,Safe
83.67,368.61,96.95,42.74,2.31,80.19,17.43,99.1,3,Critical
2.7,20.07,46.98,25.34,0.19,8.03,28.07,6.2,0,Safe
89.11,369.15,87.66,57.81,4.77,57.85,14.9,100.0,3,Critical
47.78,122.6,79.46,35.92,1.82,50.26,12.66,52.0,1,Watch
127.25,369.04,97.13,41.78,3.22,81.76,15.73,100.0,3,Critical
22.17,53.64,51.59,37.72,1.08,25.67,18.75,23.0,0,Safe
29.87,33.65,61.86,37.41,0.76,39.06,18.62,26.7,0,Safe
0.91,24.66,42.75,25.64,0.25,6.59,20.55,2.3,0,Safe
0.14,7.97,34.2,30.59,0.19,10.08,27.2,0.0,0,Safe
27.62,51.47,55.24,37.8,0.4,24.96,22.81,20.7,0,Safe
28.03,111.29,82.51,31.01,1.77,37.91,16.16,34.3,1,Watch
34.58,96.18,60.75,28.32,0.88,25.11,15.58,17.6,0,Safe
38.1,116.99,78.89,34.64,0.84,43.23,16.21,39.9,1,Watch
29.31,129.01,74.73,33.3,1.54,30.98,12.49,35.4,1,Watch
122.99,361.71,91.42,46.75,3.36,57.62,18.58,92.6,3,Critical
22.65,97.75,71.26,26.39,0.91,32.61,16.57,23.8,0,Safe
7.56,83.96,71.55,33.23,0.84,38.18,15.24,27.5,0,Safe
43.51,119.25,68.28,40.95,1.08,36.5,11.93,44.8,1,Watch
56.94,293.01,98.43,51.06,2.28,69.82,15.99,100.0,3,Critical
43.82,143.22,80.7,48.18,1.16,59.46,17.1,64.2,2,Warning
3.29,18.24,34.88,35.79,0.4,7.48,24.75,0.4,0,Safe
111.14,361.71,88.21,36.17,3.32,87.87,17.11,92.7,3,Critical
15.27,58.48,55.73,25.79,0.8,30.39,22.26,19.1,0,Safe
17.71,146.03,77.85,42.22,1.08,61.91,18.39,52.7,1,Watch
0.3,15.84,36.33,38.05,0.24,14.88,27.68,0.0,0,Safe
29.37,93.18,65.57,31.63,0.61,17.47,17.98,18.5,0,Safe
57.81,148.79,80.73,31.62,1.91,55.35,14.45,54.3,1,Watch
23.78,48.43,73.09,30.78,0.82,28.15,23.31,19.3,0,Safe
1.67,1.21,30.48,35.99,0.13,4.32,21.88,6.9,0,Safe
26.75,111.81,64.69,20.05,0.36,19.64,20.51,16.0,0,Safe
2.5,19.5,37.48,32.82,0.32,10.71,31.1,0.1,0,Safe
12.76,30.33,73.09,28.56,0.31,21.53,15.79,11.3,0,Safe
9.19,52.3,55.75,24.23,1.2,16.29,21.6,9.4,0,Safe
6.0,2.66,35.85,28.81,0.2,8.63,29.1,3.5,0,Safe
2.1,17.68,22.19,14.36,0.54,17.55,27.28,5.1,0,Safe
3.52,18.87,42.38,38.61,0.18,17.92,22.46,6.1,0,Safe
43.06,120.21,71.91,39.34,0.97,40.87,13.71,46.9,1,Watch
3.9,18.45,35.6,27.48,0.18,12.3,20.47,7.8,0,Safe
22.08,81.96,50.94,32.2,0.67,27.06,17.07,16.5,0,Safe
15.9,72.59,67.09,36.65,1.07,26.01,13.7,25.8,0,Safe
57.67,166.3,83.38,32.95,0.95,51.67,13.79,54.0,1,Watch
2.72,21.97,36.54,29.54,0.56,13.13,23.5,5.6,0,Safe
60.85,172.16,84.42,30.8,1.04,53.79,16.16,49.2,1,Watch
13.12,112.58,71.24,33.18,0.37,23.67,16.76,23.0,0,Safe
94.37,342.93,88.54,46.99,1.98,53.72,12.72,91.9,3,Critical
7.56,5.03,35.94,33.73,0.52,13.59,20.96,0.0,0,Safe
0.15,15.49,31.47,35.97,0.51,4.95,28.4,4.3,0,Safe
1.79,24.94,44.23,19.59,0.46,12.7,26.45,0.0,0,Safe
29.95,111.76,67.14,24.07,1.11,26.53,23.21,23.3,0,Safe
76.61,206.06,78.7,35.07,1.93,47.77,16.62,63.8,2,Warning
1.69,9.26,41.59,32.43,0.53,6.47,18.82,5.8,0,Safe
42.67,76.11,56.42,41.51,0.36,27.4,17.73,23.1,0,Safe
79.77,264.56,92.13,53.53,3.84,61.49,13.28,100.0,3,Critical
95.21,324.25,87.27,57.55,2.23,90.13,8.81,100.0,3,Critical
57.1,144.0,88.09,26.56,1.84,31.92,23.12,27.2,0,Safe
122.04,237.86,97.4,48.71,2.28,84.93,14.64,100.0,3,Critical
4.77,6.94,34.4,32.34,0.52,8.09,24.3,2.3,0,Safe
0.75,0.35,35.46,34.67,0.57,3.53,20.51,4.5,0,Safe
16.2,109.83,66.13,32.91,0.67,31.01,20.91,24.6,0,Safe
0.06,17.65,40.89,25.31,0.33,11.22,21.26,2.0,0,Safe
121.19,361.6,95.83,53.2,4.56,89.2,16.5,100.0,3,Critical
2.14,14.9,34.38,17.8,0.45,5.07,21.25,1.3,0,Safe
29.12,46.58,72.49,28.69,1.2,26.82,19.05,19.6,0,Safe
0.45,21.48,30.09,25.78,0.21,18.48,20.27,5.6,0,Safe
63.55,123.52,85.65,40.91,0.95,41.55,13.03,52.0,1,Watch
2.85,22.26,20.17,25.08,0.24,5.76,27.54,3.4,0,Safe
12.23,113.74,71.36,36.87,0.98,29.67,16.43,27.2,0,Safe
16.97,149.56,83.31,38.36,1.69,39.86,17.84,38.8,1,Watch
0.23,12.28,53.46,31.3,0.26,10.27,26.7,4.6,0,Safe
3.5,12.11,42.57,20.69,0.42,5.34,24.1,4.2,0,Safe
3.34,5.48,36.82,39.14,0.11,9.45,29.35,0.0,0,Safe
122.97,308.11,97.74,52.87,3.84,91.98,9.79,100.0,3,Critical
35.52,96.78,55.93,24.32,1.05,20.93,19.53,19.1,0,Safe
43.74,140.46,78.55,40.62,1.99,31.07,20.63,46.7,1,Watch
11.13,49.94,72.84,31.54,0.86,33.74,16.33,16.2,0,Safe
0.58,14.16,31.24,17.19,0.24,9.91,27.84,4.7,0,Safe
2.82,10.91,32.48,22.99,0.27,5.97,27.01,4.7,0,Safe
1.58,19.05,46.81,24.65,0.11,13.78,29.67,1.3,0,Safe
2.9,10.8,36.85,29.17,0.4,3.7,27.34,2.1,0,Safe
54.45,206.02,91.95,43.72,2.6,77.11,12.38,91.8,3,Critical
0.42,10.87,38.98,26.67,0.16,6.87,21.92,0.0,0,Safe
78.24,330.63,93.26,57.65,3.99,54.33,12.96,100.0,3,Critical
4.01,21.45,40.3,23.35,0.51,17.16,21.69,0.0,0,Safe
36.86,85.36,66.5,35.32,1.03,32.27,20.47,34.3,1,Watch
79.97,372.7,90.75,40.19,2.66,91.24,14.89,94.0,3,Critical
2.58,24.73,47.63,24.05,0.48,5.04,29.03,3.9,0,Safe
69.79,163.1,68.93,37.43,0.92,31.32,17.39,45.2,1,Watch
17.42,70.63,70.16,42.14,0.88,25.76,20.01,21.9,0,Safe
12.62,71.86,58.75,19.73,0.7,25.41,24.02,11.0,0,Safe
0.11,7.29,38.44,23.58,0.33,7.82,20.76,0.0,0,Safe
36.35,117.46,74.87,48.46,1.73,38.93,16.73,54.4,1,Watch
119.58,329.35,87.44,52.61,4.0,58.74,15.18,100.0,3,Critical
12.74,42.81,67.34,30.11,0.66,14.12,16.24,9.7,0,Safe
23.77,130.49,71.08,40.69,1.15,43.63,17.3,44.3,1,Watch
5.11,20.4,34.5,26.86,0.31,4.86,23.77,0.3,0,Safe
4.48,3.87,42.26,22.54,0.59,7.89,20.63,4.5,0,Safe
18.61,179.15,67.93,39.76,1.2,41.54,19.9,44.7,1,Watch
2.48,15.59,37.11,25.49,0.39,0.0,22.45,0.0,0,Safe
51.77,359.4,86.79,50.08,2.49,85.35,12.25,100.0,3,Critical
0.34,9.13,16.05,31.68,0.15,4.88,19.15,7.5,0,Safe
1.87,9.34,43.67,41.97,0.48,11.76,26.53,4.4,0,Safe
23.57,52.9,46.57,33.46,0.73,38.63,19.78,26.2,0,Safe
65.41,98.83,79.35,37.02,0.97,30.02,21.32,47.6,1,Watch
0.56,22.24,25.58,25.93,0.44,5.51,25.19,0.0,0,Safe
57.09,349.06,94.16,44.76,3.43,78.23,15.96,96.9,3,Critical
29.69,141.84,71.27,52.84,1.85,44.68,15.33,65.7,2,Warning
1.6,21.72,30.96,31.65,0.54,8.74,32.91,0.4,0,Safe
75.74,116.99,81.96,36.93,1.3,51.87,12.64,60.6,2,Warning
1.18,7.65,34.78,28.17,0.2,11.03,21.44,0.5,0,Safe
20.7,113.59,59.3,31.24,0.85,23.5,16.6,19.6,0,Safe
15.15,38.07,57.14,30.22,1.0,28.57,17.52,19.5,0,Safe
22.73,128.82,80.77,46.33,0.81,25.89,17.09,39.6,1,Watch
53.29,176.86,89.77,37.53,1.3,52.0,15.71,66.2,2,Warning
18.66,110.13,51.98,41.69,0.46,23.97,21.97,18.3,0,Safe
28.18,97.48,68.65,31.22,0.68,23.27,19.5,14.9,0,Safe
5.17,19.01,34.9,37.22,0.34,2.78,24.0,0.0,0,Safe
2.27,0.97,43.22,38.34,0.39,9.34,26.47,5.3,0,Safe
39.06,44.34,73.26,36.01,0.76,21.27,23.38,24.6,0,Safe
0.52,1.09,40.7,35.08,0.31,8.9,18.57,0.0,0,Safe
3.73,10.99,38.54,30.23,0.39,11.34,20.45,2.0,0,Safe
6.18,8.91,39.19,40.49,0.59,13.48,26.6,0.7,0,Safe
1.52,22.77,46.66,21.44,0.17,10.27,25.99,0.0,0,Safe
74.54,264.55,93.24,57.79,2.04,60.22,18.02,100.0,3,Critical
0.28,0.78,33.65,24.45,0.5,9.14,23.82,0.0,0,Safe
0.02,20.28,23.39,28.94,0.55,7.55,23.11,4.0,0,Safe
20.26,84.29,53.62,32.37,1.07,13.58,17.63,15.6,0,Safe
3.19,42.02,44.56,36.78,0.3,16.04,21.75,2.3,0,Safe
86.48,266.57,94.42,37.57,3.06,56.79,15.77,82.8,3,Critical
93.29,219.65,74.74,38.14,1.22,44.55,18.09,61.9,2,Warning
5.11,6.25,38.15,35.02,0.6,9.14,23.08,3.7,0,Safe
13.43,65.24,63.54,39.42,0.92,16.51,17.29,20.4,0,Safe
1.05,12.14,32.28,21.38,0.36,4.73,19.37,0.6,0,Safe
0.44,22.72,27.78,23.05,0.45,7.69,18.38,0.6,0,Safe
59.97,199.64,86.53,38.45,1.0,37.9,16.41,52.5,1,Watch
26.06,66.56,67.2,36.62,0.43,23.11,20.98,23.5,0,Safe
74.75,155.65,69.31,41.15,1.71,52.81,18.37,65.4,2,Warning
30.54,142.72,71.25,37.22,1.42,53.64,13.38,49.2,1,Watch
0.75,8.33,32.73,29.19,0.41,10.56,25.56,2.5,0,Safe
2.34,15.17,11.21,16.86,0.46,9.38,16.34,3.5,0,Safe
49.96,217.58,77.57,39.1,1.45,56.08,17.21,66.4,2,Warning
35.49,76.55,62.11,36.11,1.07,22.68,18.34,23.5,0,Safe
12.15,60.03,58.24,34.22,0.95,30.05,21.25,16.0,0,Safe
2.75,23.0,24.34,29.21,0.29,12.93,18.82,4.1,0,Safe
13.05,116.5,66.21,36.31,0.56,21.59,21.07,22.2,0,Safe
6.85,32.36,54.18,37.37,0.87,19.57,20.51,8.3,0,Safe
0.64,14.51,41.61,32.36,0.29,10.22,26.33,2.1,0,Safe
3.13,12.74,33.3,32.1,0.33,10.39,21.14,1.9,0,Safe
21.92,72.59,79.65,25.79,1.04,35.75,20.37,21.9,0,Safe
24.8,30.99,60.25,35.85,0.67,23.23,17.4,18.4,0,Safe
2.29,12.18,37.82,25.08,0.14,13.17,24.68,0.0,0,Safe
103.42,226.26,95.58,48.03,3.58,80.37,12.05,100.0,3,Critical
26.42,67.55,67.74,28.36,0.36,31.96,17.01,27.2,0,Safe
17.29,72.51,62.26,32.58,1.04,36.89,16.79,25.2,0,Safe
3.78,9.78,35.45,24.19,0.43,8.08,17.44,0.0,0,Safe
40.04,54.83,59.82,32.03,0.78,19.76,13.38,13.3,0,Safe
2.27,5.75,29.89,41.63,0.2,9.68,29.77,0.7,0,Safe
1.54,21.99,38.44,34.15,0.45,10.51,27.6,2.9,0,Safe
37.47,133.71,78.77,39.4,1.92,38.23,13.76,52.4,1,Watch
63.02,142.58,73.12,26.16,1.92,44.89,14.2,40.6,1,Watch
1.83,24.37,34.47,22.23,0.12,6.92,25.49,0.7,0,Safe
125.6,331.85,90.15,40.31,2.62,53.53,16.48,75.5,2,Warning
5.35,2.2,33.52,23.05,0.49,8.44,21.32,1.1,0,Safe
19.59,112.9,61.61,42.0,0.93,27.96,21.07,23.7,0,Safe
68.42,282.03,97.79,41.11,2.94,89.17,15.97,99.5,3,Critical
45.2,36.75,67.0,29.33,0.78,32.22,19.8,25.5,0,Safe
0.08,2.49,35.75,29.67,0.18,4.8,25.55,3.0,0,Safe
55.91,134.79,71.42,36.57,0.92,43.92,13.36,45.4,1,Watch
30.42,58.67,66.74,33.69,0.78,24.91,20.93,23.7,0,Safe
49.06,33.34,58.7,29.7,0.95,27.26,21.25,19.9,0,Safe
29.42,109.42,56.7,26.76,0.95,25.54,20.82,21.2,0,Safe
60.71,122.9,78.65,29.58,1.85,47.42,21.95,45.4,1,Watch
0.63,18.91,37.15,17.66,0.37,8.03,25.31,0.9,0,Safe
1.92,24.01,49.58,15.41,0.29,4.57,25.45,3.7,0,Safe
85.25,309.42,90.1,48.03,4.07,56.32,12.4,96.6,3,Critical
24.78,182.89,79.34,40.53,1.89,40.78,9.28,53.9,1,Watch
2.87,3.27,38.15,19.88,0.24,10.45,33.31,0.0,0,Safe
5.86,94.92,66.17,41.8,0.86,35.58,20.11,23.8,0,Safe
128.67,364.5,97.85,37.56,4.72,58.91,9.07,80.9,3,Critical
8.34,11.08,42.31,27.41,0.21,10.12,29.57,1.9,0,Safe
66.52,287.86,85.45,56.62,3.68,81.23,13.09,100.0,3,Critical
28.38,34.01,54.05,41.27,0.81,27.67,21.08,21.5,0,Safe
71.14,163.13,85.86,39.38,0.9,51.08,17.19,64.8,2,Warning
7.22,15.1,27.05,44.98,0.29,15.57,24.85,3.2,0,Safe
26.64,79.88,72.59,26.48,1.1,30.03,20.05,24.2,0,Safe
5.99,9.2,17.93,24.45,0.41,10.12,17.27,3.1,0,Safe
46.76,176.17,84.87,36.41,1.07,25.06,17.65,40.8,1,Watch
35.43,181.99,71.87,50.83,1.66,41.39,13.83,65.4,2,Warning
24.09,211.78,83.18,47.8,1.46,56.56,17.68,68.0,2,Warning
30.75,132.12,83.65,39.94,1.92,27.46,14.27,42.9,1,Watch
76.63,59.9,70.88,39.56,0.6,30.51,23.18,35.3,1,Watch
33.23,32.93,66.28,37.24,1.02,35.29,17.33,27.0,0,Safe
42.14,135.15,85.68,38.87,1.39,28.26,12.91,36.0,1,Watch
56.59,213.53,93.38,49.5,1.8,83.19,17.83,100.0,3,Critical
101.49,370.42,91.72,46.23,3.76,74.77,16.72,100.0,3,Critical
30.49,33.56,62.52,30.19,1.12,27.14,19.78,17.4,0,Safe
9.77,1.07,44.86,27.44,0.49,5.21,23.46,1.1,0,Safe
0.86,24.41,39.57,27.95,0.18,10.61,20.42,2.0,0,Safe
3.59,16.35,31.9,10.0,0.16,12.13,25.91,0.0,0,Safe
22.62,54.11,61.65,26.9,0.54,34.1,15.92,21.2,0,Safe
0.89,3.92,29.69,26.96,0.44,4.66,21.58,0.0,0,Safe
11.56,113.47,52.03,29.35,1.02,24.77,22.57,17.9,0,Safe
54.44,202.85,77.28,37.37,1.39,36.48,15.79,52.9,1,Watch
48.36,119.59,74.25,48.43,0.87,38.99,13.99,57.8,1,Watch
34.66,99.69,50.29,30.27,0.88,23.64,18.05,22.1,0,Safe
4.62,18.64,46.71,40.19,0.32,8.74,17.21,4.8,0,Safe
78.03,184.72,72.3,37.41,1.78,49.48,16.77,62.1,2,Warning
39.77,152.36,71.6,40.95,1.89,46.86,14.51,45.4,1,Watch
32.28,209.74,73.42,47.59,1.39,43.75,13.1,59.1,1,Watch
3.37,22.79,44.5,20.15,0.6,14.97,23.12,4.2,0,Safe
0.88,9.05,35.08,26.87,0.3,5.72,23.4,0.0,0,Safe
74.38,195.41,85.7,38.79,0.95,55.41,19.74,65.5,2,Warning
1.82,3.52,28.57,22.89,0.39,6.73,17.23,0.0,0,Safe
57.76,193.02,80.45,36.67,1.45,33.6,15.04,49.1,1,Watch
2.33,10.42,32.06,40.12,0.31,16.03,19.88,0.0,0,Safe
1.7,18.55,40.97,27.94,0.17,4.19,26.1,0.0,0,Safe
1.57,3.3,40.1,29.19,0.22,16.72,19.76,0.0,0,Safe
28.42,34.21,68.07,29.13,0.55,29.37,20.46,12.8,0,Safe
0.01,22.78,36.75,33.93,0.31,4.45,27.88,2.3,0,Safe
19.64,201.64,71.02,40.19,0.82,44.54,8.68,44.7,1,Watch
22.29,59.65,49.14,38.59,1.12,25.22,13.34,25.3,0,Safe
4.73,3.79,38.11,29.66,0.49,14.98,23.49,0.0,0,Safe
0.72,13.96,33.93,29.7,0.48,15.86,19.1,0.0,0,Safe
0.98,20.8,26.84,39.8,0.3,12.45,27.41,5.4,0,Safe
82.26,272.88,88.96,45.74,2.17,77.67,12.24,100.0,3,Critical
1.31,9.7,44.4,30.25,0.38,14.85,23.47,0.0,0,Safe
0.99,20.24,47.9,33.44,0.2,17.98,27.63,0.0,0,Safe
93.36,299.64,88.14,42.79,2.18,80.44,17.01,94.8,3,Critical
18.47,64.63,56.75,35.07,1.0,34.16,21.77,24.0,0,Safe
26.57,54.54,70.81,32.39,0.46,40.74,24.42,24.4,0,Safe
8.03,112.39,61.37,44.05,0.36,25.16,17.95,23.6,0,Safe
16.01,39.53,57.76,17.4,0.97,25.04,15.8,12.3,0,Safe
2.62,17.15,41.37,24.04,0.31,14.95,24.6,1.9,0,Safe
64.26,164.74,88.91,26.52,1.18,35.98,16.41,40.8,1,Watch
1.78,14.01,41.98,28.22,0.55,8.96,26.18,0.0,0,Safe
7.8,99.91,70.81,27.59,0.63,24.78,20.57,12.1,0,Safe
123.11,369.23,87.15,46.52,2.53,85.43,13.45,100.0,3,Critical
86.91,151.06,73.33,42.21,1.32,32.79,21.09,56.0,1,Watch
14.59,40.69,59.95,31.8,0.86,41.61,19.37,23.2,0,Safe
24.01,118.47,79.17,44.35,1.45,48.53,20.89,55.7,1,Watch
1.93,19.88,35.27,34.49,0.6,4.03,27.26,2.1,0,Safe
3.36,15.07,21.62,28.93,0.42,6.89,17.51,0.0,0,Safe
3.47,11.02,29.89,40.83,0.19,9.8,18.63,7.0,0,Safe
2.59,9.39,38.46,34.97,0.23,8.02,26.74,0.0,0,Safe
89.6,198.69,91.91,36.22,3.55,79.71,11.34,89.1,3,Critical
25.55,199.64,74.73,33.37,1.56,38.85,11.66,43.1,1,Watch
0.81,9.7,34.98,33.11,0.52,11.58,20.49,0.0,0,Safe
0.36,23.83,34.74,27.86,0.55,8.46,25.14,0.0,0,Safe
13.24,94.9,67.25,42.53,1.13,31.36,24.44,36.0,1,Watch
57.28,209.98,82.56,47.65,0.97,43.69,17.35,72.5,2,Warning
5.63,70.88,62.36,29.17,0.61,37.14,18.88,19.8,0,Safe
3.79,23.12,25.43,25.15,0.23,17.63,17.53,4.8,0,Safe
0.18,6.01,38.32,39.54,0.45,6.59,26.27,1.9,0,Safe
10.54,74.72,58.5,48.22,1.02,12.96,22.97,16.8,0,Safe
27.56,117.32,76.29,42.77,0.8,36.45,19.79,36.5,1,Watch
14.27,41.51,77.87,36.63,0.37,31.82,15.59,23.9,0,Safe
1.1,0.94,26.12,25.17,0.38,13.68,18.13,0.0,0,Safe
2.53,8.55,36.31,24.17,0.36,7.72,24.57,2.8,0,Safe
0.33,0.32,41.11,31.96,0.6,3.74,28.93,0.0,0,Safe
5.15,18.29,32.85,31.76,0.54,3.73,30.99,0.0,0,Safe
103.24,362.64,88.09,49.09,3.6,75.43,14.07,100.0,3,Critical
0.21,0.91,34.58,29.75,0.22,12.94,28.2,3.7,0,Safe
2.05,3.51,27.12,30.87,0.36,8.7,23.7,0.0,0,Safe
38.64,90.97,63.02,35.63,0.86,20.29,19.07,22.4,0,Safe
73.72,129.74,78.96,35.63,1.83,56.3,18.01,55.4,1,Watch
7.92,0.92,38.61,29.11,0.56,17.22,26.68,0.0,0,Safe
18.22,59.86,64.33,30.56,0.91,29.52,18.19,19.3,0,Safe
0.06,2.06,40.39,23.85,0.6,2.05,25.52,0.0,0,Safe
26.14,114.78,74.74,34.3,0.34,35.94,17.71,32.5,1,Watch
40.29,116.61,61.38,20.99,0.42,24.47,14.53,14.4,0,Safe
46.4,186.94,80.96,37.08,1.6,41.69,9.9,50.7,1,Watch
4.0,2.61,48.42,29.03,0.43,10.25,29.89,0.0,0,Safe
101.65,240.89,91.05,40.39,3.49,77.38,11.71,100.0,3,Critical
78.8,89.76,54.66,39.16,0.6,32.91,23.33,41.4,1,Watch
11.79,31.05,78.14,31.0,1.1,27.67,15.84,15.5,0,Safe
27.3,154.81,75.08,32.65,1.31,49.87,14.43,45.3,1,Watch
59.75,132.41,78.11,52.34,1.88,41.06,17.85,67.8,2,Warning
2.07,8.05,27.81,31.43,0.33,12.04,17.42,0.0,0,Safe
1.93,2.56,53.75,31.54,0.55,1.21,27.08,4.5,0,Safe
44.18,133.0,68.7,31.41,1.2,28.22,19.08,29.8,0,Safe
7.56,17.75,37.78,31.76,0.28,7.27,19.59,3.8,0,Safe
29.26,138.92,80.55,41.53,1.7,52.61,15.09,55.1,1,Watch
15.24,14.7,25.59,29.31,0.19,11.43,26.35,4.3,0,Safe
92.08,334.21,87.56,50.96,3.44,90.92,10.97,100.0,3,Critical
2.65,20.15,37.69,21.93,0.26,5.97,26.63,3.7,0,Safe
17.86,58.89,58.53,46.07,0.31,27.98,19.54,26.5,0,Safe
2.52,6.34,27.43,21.15,0.28,9.25,22.88,0.7,0,Safe
41.93,176.06,73.75,34.55,1.4,30.39,15.31,38.7,1,Watch
2.19,22.48,42.72,34.15,0.48,10.24,19.13,4.2,0,Safe
45.75,213.88,69.2,21.68,0.91,53.38,16.43,43.6,1,Watch
0.1,18.62,48.41,31.86,0.11,6.31,19.82,3.3,0,Safe
29.66,139.05,74.67,45.79,1.59,43.37,17.47,53.7,1,Watch
0.44,10.24,47.09,27.08,0.33,10.58,15.92,0.0,0,Safe
0.02,6.6,32.18,46.13,0.24,10.88,29.55,0.0,0,Safe
21.46,31.13,58.55,31.97,1.11,32.94,22.14,21.3,0,Safe
28.28,87.18,72.32,30.15,1.01,21.55,19.76,18.6,0,Safe
10.77,113.59,69.34,33.58,0.94,18.46,17.63,19.9,0,Safe
61.35,173.99,77.24,41.12,1.36,49.82,16.89,61.9,2,Warning
71.49,186.62,84.61,38.67,1.26,23.28,13.28,47.1,1,Watch
5.01,12.87,25.45,31.98,0.38,13.29,28.99,0.0,0,Safe
56.89,374.92,86.94,39.05,3.92,79.67,14.43,89.8,3,Critical
0.22,13.3,22.32,15.41,0.41,11.31,26.46,0.7,0,Safe
22.45,84.64,66.07,30.73,1.17,45.07,24.22,27.0,0,Safe
32.32,118.11,83.5,48.92,1.8,53.73,14.84,69.2,2,Warning
2.34,13.85,36.36,14.24,0.3,6.4,28.83,0.0,0,Safe
25.84,34.64,63.24,29.03,0.33,19.17,22.82,6.9,0,Safe
3.73,9.83,30.2,35.44,0.17,12.05,20.31,0.0,0,Safe
26.25,112.27,57.08,36.73,1.06,23.94,17.98,24.1,0,Safe
2.44,3.53,31.88,30.83,0.55,9.0,25.74,0.0,0,Safe
1.42,12.56,26.64,23.38,0.44,11.84,23.97,0.2,0,Safe
1.54,2.97,44.47,27.09,0.57,19.14,23.57,8.7,0,Safe
2.03,13.84,47.13,21.28,0.25,6.9,24.94,0.0,0,Safe
24.09,48.95,62.25,39.41,0.54,31.61,23.86,21.7,0,Safe
9.93,3.16,42.41,37.18,0.11,12.31,16.27,6.9,0,Safe
33.59,189.75,70.21,36.88,1.0,44.48,20.44,49.2,1,Watch
17.61,100.26,66.79,31.47,0.78,30.47,17.59,22.8,0,Safe
4.46,21.49,45.25,28.9,0.4,7.1,21.57,7.3,0,Safe
2.4,10.93,39.39,27.83,0.39,9.16,27.16,0.0,0,Safe
11.37,38.97,61.44,33.23,1.0,28.29,19.96,15.0,0,Safe
0.67,5.06,33.38,18.92,0.48,6.65,21.92,0.0,0,Safe
34.37,118.92,73.0,39.07,0.95,46.61,20.97,47.8,1,Watch
15.13,71.18,75.8,29.32,0.96,19.07,20.01,11.6,0,Safe
80.05,121.46,79.19,40.23,1.59,52.25,15.88,67.3,2,Warning
4.04,12.68,34.81,17.27,0.5,10.56,18.54,0.0,0,Safe
13.65,47.84,62.21,35.1,1.13,35.85,19.47,26.8,0,Safe
3.07,4.1,29.47,23.03,0.55,3.45,17.91,3.7,0,Safe
40.92,144.39,67.77,39.21,1.34,28.03,13.21,39.2,1,Watch
20.62,107.31,84.68,36.76,1.08,28.55,22.02,31.9,1,Watch
18.66,49.45,72.2,33.58,0.53,23.82,23.17,16.5,0,Safe
77.89,206.8,74.01,34.14,0.84,35.82,15.2,56.8,1,Watch
1.16,11.77,44.78,19.8,0.59,14.25,21.5,4.5,0,Safe
1.21,10.74,29.27,28.28,0.42,15.6,23.69,0.0,0,Safe
2.52,20.1,31.09,27.95,0.56,8.71,27.86,3.4,0,Safe
18.83,105.21,65.29,37.68,0.67,31.77,24.21,28.8,0,Safe
10.44,13.35,47.28,28.9,0.33,16.32,23.04,2.8,0,Safe
62.34,292.74,95.86,44.6,4.1,85.53,17.08,100.0,3,Critical
0.8,9.58,46.23,17.7,0.26,12.85,21.49,0.0,0,Safe
48.95,138.25,91.2,41.65,1.87,58.19,16.5,61.7,2,Warning
0.15,10.9,50.17,26.03,0.48,5.73,35.03,3.9,0,Safe
5.23,19.03,43.01,24.61,0.32,8.02,25.79,1.8,0,Safe
16.01,22.34,28.84,27.07,0.38,7.68,22.11,2.9,0,Safe
69.89,85.81,55.1,32.98,1.01,38.17,16.2,36.0,1,Watch
52.98,117.47,78.64,32.37,1.87,42.55,18.46,41.8,1,Watch
3.17,24.89,37.33,24.73,0.48,5.65,29.0,0.0,0,Safe
5.61,1.7,38.48,32.0,0.34,13.59,32.76,0.0,0,Safe
43.84,63.53,67.93,29.19,0.57,38.87,18.73,23.6,0,Safe
18.18,116.46,44.75,30.13,0.78,33.93,19.71,21.4,0,Safe
52.28,170.11,82.95,37.21,1.64,48.85,14.2,60.5,2,Warning
2.21,20.72,17.94,20.56,0.32,10.64,25.74,0.0,0,Safe
67.27,131.23,71.33,41.19,1.96,36.34,19.38,50.6,1,Watch
16.12,49.76,62.48,23.97,1.0,39.34,20.64,18.5,0,Safe
4.79,15.59,38.83,33.49,0.46,10.5,23.06,0.9,0,Safe
21.93,91.65,58.21,37.57,0.34,28.73,20.69,26.8,0,Safe
5.06,21.37,35.79,34.43,0.22,14.63,23.75,0.0,0,Safe
107.73,272.17,97.2,51.04,3.52,67.4,16.49,100.0,3,Critical
0.79,13.24,43.14,26.84,0.28,15.0,26.66,1.3,0,Safe
49.37,70.83,48.83,30.88,0.31,21.23,17.38,15.8,0,Safe
2.43,22.03,46.82,21.18,0.55,9.04,26.55,1.4,0,Safe
71.96,194.03,85.21,34.39,1.2,54.08,15.36,58.1,1,Watch
4.55,45.87,65.21,13.06,0.31,31.04,15.01,10.0,0,Safe
83.71,214.87,89.6,47.2,1.41,49.83,14.26,82.6,3,Critical
0.06,12.81,34.59,22.49,0.35,9.98,21.1,0.0,0,Safe
0.81,11.27,44.22,19.53,0.43,15.57,28.68,0.2,0,Safe
51.82,159.88,76.92,41.84,1.69,44.44,15.0,56.4,1,Watch
58.27,169.48,77.1,44.96,1.39,52.55,12.79,66.0,2,Warning
4.53,2.51,40.47,22.51,0.36,14.51,17.63,0.0,0,Safe
1.62,19.92,36.62,25.84,0.53,8.75,24.01,0.0,0,Safe
1.72,3.0,27.12,28.44,0.28,8.41,27.54,2.8,0,Safe
0.19,2.67,43.24,28.05,0.14,18.82,23.73,3.7,0,Safe
25.6,42.4,59.35,34.43,1.05,15.6,19.81,18.6,0,Safe
33.47,124.15,85.04,39.68,1.67,44.68,14.47,50.2,1,Watch
23.47,39.92,63.03,25.39,0.36,30.93,18.36,18.4,0,Safe
2.92,7.23,33.3,24.71,0.44,7.98,30.1,1.8,0,Safe
19.56,49.18,57.35,32.29,0.43,25.89,19.48,11.9,0,Safe
0.37,3.54,20.54,29.5,0.52,8.47,22.14,0.0,0,Safe
2.16,24.76,30.3,23.78,0.51,14.36,23.09,0.0,0,Safe
46.86,34.27,77.35,30.3,0.73,21.06,19.34,18.9,0,Safe
2.49,7.13,40.8,40.42,0.17,17.26,31.82,4.9,0,Safe
16.48,70.29,68.28,28.84,0.41,33.28,24.41,14.2,0,Safe
7.83,18.71,43.67,31.15,0.49,9.34,28.52,0.0,0,Safe
43.15,132.99,71.94,35.94,0.8,54.31,15.62,45.5,1,Watch
0.83,4.04,49.68,32.62,0.46,8.69,20.65,0.1,0,Safe
6.59,15.17,39.92,22.15,0.46,11.23,21.67,0.8,0,Safe
2.42,19.43,41.54,20.07,0.4,10.01,28.54,0.0,0,Safe
1.06,16.97,44.72,27.07,0.41,14.29,26.84,1.7,0,Safe
4.66,23.47,30.61,34.67,0.27,13.59,25.13,2.8,0,Safe
0.88,15.02,35.44,21.45,0.17,13.19,21.02,2.1,0,Safe
6.0,1.67,49.93,22.07,0.15,13.32,25.8,8.9,0,Safe
33.55,96.69,69.03,34.85,0.43,36.81,17.24,32.3,1,Watch
40.93,167.24,77.82,43.23,1.45,54.71,18.26,64.1,2,Warning
36.08,109.51,57.97,40.51,0.64,27.68,19.44,28.5,0,Safe
1.86,1.58,33.98,28.12,0.48,10.13,23.52,0.0,0,Safe
0.68,2.34,29.92,35.54,0.26,0.0,24.63,2.9,0,Safe
86.79,171.29,81.24,43.04,0.89,47.43,16.5,68.5,2,Warning
28.98,58.93,46.91,32.02,1.02,44.23,17.94,29.0,0,Safe
17.7,80.71,56.22,39.15,0.97,33.46,20.3,25.5,0,Safe
47.28,153.23,82.19,42.51,1.14,50.35,20.27,58.2,1,Watch
65.74,136.83,68.77,24.55,1.84,31.71,18.43,34.9,1,Watch
34.49,184.57,78.66,37.77,1.36,49.77,11.72,56.5,1,Watch
5.76,7.73,32.56,31.22,0.52,7.92,25.14,1.6,0,Safe
1.83,13.13,19.39,18.9,0.44,16.55,27.68,2.9,0,Safe
102.45,373.66,90.91,49.09,4.11,65.71,12.6,100.0,3,Critical
22.78,98.37,59.08,22.0,0.8,40.67,15.66,18.1,0,Safe
125.6,351.88,96.45,36.38,3.41,80.85,11.67,93.5,3,Critical
48.47,66.14,71.18,39.83,0.67,17.06,24.52,22.1,0,Safe
39.9,155.08,76.49,36.25,1.0,40.64,15.35,43.8,1,Watch
80.04,209.52,98.31,48.66,4.61,59.8,15.61,100.0,3,Critical
0.42,0.49,57.74,20.29,0.28,12.12,26.32,0.0,0,Safe
15.62,115.66,41.47,45.91,0.68,26.66,19.47,20.5,0,Safe
109.76,266.25,88.1,57.32,3.57,84.2,13.41,100.0,3,Critical
68.75,259.04,85.02,37.68,3.63,89.36,17.42,96.1,3,Critical
5.32,0.63,41.27,28.46,0.51,8.69,22.86,0.0,0,Safe
75.41,191.6,86.26,57.08,1.9,61.32,14.03,97.4,3,Critical
0.82,10.8,42.57,34.12,0.42,2.59,13.58,2.6,0,Safe
0.3,6.78,29.98,20.8,0.57,9.09,24.52,0.8,0,Safe
37.58,119.67,88.88,36.85,1.44,21.68,22.25,31.7,1,Watch
5.44,14.72,48.6,26.15,0.49,4.97,24.23,6.9,0,Safe
1.02,1.86,38.37,25.01,0.35,11.24,26.12,0.0,0,Safe
50.8,262.01,89.57,45.51,2.77,89.54,16.65,92.7,3,Critical
31.77,175.06,83.3,40.09,1.25,45.61,16.31,46.9,1,Watch
7.58,7.74,27.91,29.41,0.31,10.43,26.92,4.4,0,Safe
14.73,13.92,43.2,27.32,0.39,14.85,24.42,0.2,0,Safe
6.64,54.72,75.84,41.76,1.08,24.04,16.39,19.7,0,Safe
49.86,49.8,68.72,37.04,0.37,22.67,19.93,23.8,0,Safe
65.7,344.73,86.52,56.85,3.03,89.87,14.79,100.0,3,Critical
71.08,142.81,71.36,28.22,0.84,51.23,15.61,47.6,1,Watch
0.15,20.63,46.77,32.17,0.32,6.93,25.84,0.0,0,Safe
2.51,6.74,27.11,22.06,0.56,10.78,25.62,4.8,0,Safe
19.09,71.6,76.25,32.83,0.73,23.81,18.44,21.6,0,Safe
21.88,34.78,57.37,42.48,0.54,32.68,16.93,24.8,0,Safe
3.96,14.46,42.9,32.77,0.1,17.94,15.88,0.0,0,Safe
46.12,109.15,56.47,32.14,0.52,24.31,17.09,24.8,0,Safe
2.07,6.57,19.91,15.0,0.4,11.17,29.17,0.0,0,Safe
7.66,95.37,45.58,27.89,0.84,31.55,18.53,18.1,0,Safe
2.16,3.74,28.21,23.42,0.41,4.77,30.63,0.0,0,Safe
28.01,122.57,75.99,36.2,1.6,50.45,9.83,46.8,1,Watch
4.56,6.13,28.04,18.78,0.42,8.82,30.79,1.6,0,Safe
0.16,9.23,49.65,30.27,0.2,4.62,23.27,1.5,0,Safe
24.2,111.97,59.96,33.02,0.56,21.39,15.58,17.0,0,Safe
59.23,348.8,87.53,55.25,2.62,87.68,13.73,100.0,3,Critical
3.11,19.32,34.09,32.86,0.17,9.89,24.37,0.7,0,Safe
57.37,219.59,92.93,42.33,3.6,54.65,9.51,86.2,3,Critical
13.19,51.55,55.98,29.18,0.87,28.89,15.81,15.1,0,Safe
91.88,212.25,90.48,38.55,2.12,52.66,15.46,77.2,2,Warning
96.08,226.45,88.44,37.93,4.25,64.82,17.1,87.6,3,Critical
119.22,264.05,88.42,43.63,2.71,90.34,13.18,98.1,3,Critical
4.98,12.85,48.27,30.56,0.55,3.76,19.78,0.0,0,Safe
24.42,53.43,70.93,24.29,0.84,40.2,18.22,22.8,0,Safe
50.38,198.16,65.94,36.39,0.91,30.41,12.83,39.9,1,Watch
0.08,1.72,42.82,26.58,0.13,11.34,19.6,1.1,0,Safe
1.75,21.84,42.49,30.09,0.5,14.92,24.21,0.2,0,Safe
71.18,216.14,79.55,31.12,1.48,48.93,15.21,56.4,1,Watch
39.1,94.43,38.3,41.19,0.58,27.12,17.23,29.5,0,Safe
101.61,157.54,71.19,44.01,1.98,50.64,12.89,74.2,2,Warning
4.07,2.46,52.53,27.2,0.57,4.7,24.63,4.7,0,Safe
1.54,7.41,39.57,38.34,0.2,13.24,24.14,4.0,0,Safe
24.03,97.16,55.79,28.42,0.42,15.08,19.43,12.3,0,Safe
5.92,113.93,78.57,30.25,0.78,33.69,16.17,21.6,0,Safe
71.84,301.37,89.03,40.77,3.21,59.28,6.99,87.0,3,Critical
2.22,22.63,31.78,24.28,0.14,11.66,21.62,3.7,0,Safe
86.98,107.14,58.71,24.27,0.36,33.06,15.9,27.6,0,Safe
2.41,13.95,37.12,22.39,0.43,7.73,16.65,7.1,0,Safe
58.41,136.99,77.64,40.67,1.33,37.6,14.31,51.2,1,Watch
16.01,118.26,75.54,38.7,0.46,27.79,20.47,31.0,1,Watch
5.02,3.7,38.63,31.92,0.21,13.22,25.29,1.1,0,Safe
128.23,229.99,87.43,42.28,3.87,56.59,13.95,95.7,3,Critical
53.24,94.7,61.97,28.89,0.45,31.3,16.58,31.9,1,Watch
1.19,5.32,29.46,37.31,0.45,10.82,23.96,3.4,0,Safe
6.62,42.32,61.71,34.4,0.49,34.8,18.02,14.3,0,Safe
46.98,68.18,53.29,27.19,0.48,40.26,18.99,25.7,0,Safe
48.92,50.32,49.58,38.2,1.17,39.06,19.96,32.2,1,Watch
58.98,111.01,72.59,45.19,1.88,45.4,18.34,59.0,1,Watch
98.79,209.3,91.67,44.29,4.19,74.48,13.95,100.0,3,Critical
27.65,102.2,55.87,29.13,0.45,26.4,19.19,18.5,0,Safe
17.2,60.24,38.72,20.52,0.41,30.99,20.89,13.2,0,Safe
64.27,158.46,81.93,40.71,1.54,56.14,23.96,69.1,2,Warning
2.76,9.94,32.19,25.24,0.38,13.89,29.22,1.5,0,Safe
59.43,219.42,89.75,48.9,1.99,77.5,17.88,98.7,3,Critical
2.63,12.02,43.07,31.19,0.23,11.23,24.55,6.6,0,Safe
49.04,150.32,81.13,25.52,0.88,30.91,22.74,32.6,1,Watch
26.32,66.77,52.57,31.06,1.15,26.88,17.48,18.3,0,Safe
3.99,20.94,27.96,32.84,0.45,12.14,27.08,0.0,0,Safe
12.28,88.63,49.47,36.87,0.39,28.9,16.34,19.5,0,Safe
2.06,48.26,61.37,30.89,0.38,24.69,16.48,5.4,0,Safe
82.24,254.92,86.38,49.18,2.83,62.36,11.14,94.7,3,Critical
2.19,10.72,37.55,31.38,0.42,11.86,22.92,2.4,0,Safe
41.87,38.19,65.26,35.23,0.92,27.43,18.35,21.4,0,Safe
124.29,307.82,96.67,39.05,2.13,75.94,15.83,92.2,3,Critical
2.47,0.25,35.99,35.71,0.59,11.36,18.53,0.0,0,Safe
0.76,15.13,23.93,30.05,0.51,12.76,21.79,0.0,0,Safe
43.1,174.99,75.94,35.31,1.35,67.98,19.08,58.4,1,Watch
1.26,11.91,50.7,36.37,0.24,3.44,26.96,10.6,0,Safe
33.87,59.78,64.1,31.62,0.43,33.95,20.43,22.0,0,Safe
76.39,193.13,78.44,35.02,1.01,36.99,17.28,48.8,1,Watch
106.23,229.07,96.96,51.06,3.96,53.27,19.07,98.9,3,Critical
37.38,52.85,56.84,30.37,0.65,28.3,22.59,20.9,0,Safe
0.32,9.1,33.52,34.29,0.39,10.91,15.43,0.0,0,Safe
70.82,138.21,80.52,39.17,0.91,43.57,13.54,60.3,2,Warning
32.16,116.09,55.68,34.42,0.63,34.84,9.67,29.9,0,Safe
0.18,17.69,33.07,29.51,0.12,5.63,20.64,3.5,0,Safe
7.73,21.73,19.84,27.07,0.32,6.56,20.95,0.0,0,Safe
53.25,110.22,82.52,32.19,1.04,22.67,20.44,26.7,0,Safe
112.88,196.4,96.91,56.03,2.19,66.24,14.13,100.0,3,Critical
82.22,230.99,89.48,39.65,4.76,69.84,15.45,92.9,3,Critical
35.58,85.97,69.93,24.68,0.71,6.73,21.29,18.5,0,Safe
1.79,11.76,33.11,24.8,0.45,10.2,22.1,1.1,0,Safe
65.3,203.89,95.69,48.15,4.18,91.62,18.9,100.0,3,Critical
1.12,0.82,23.07,23.06,0.16,3.25,22.9,0.0,0,Safe
50.64,115.64,77.34,31.92,1.44,49.09,20.51,42.8,1,Watch
20.71,36.41,74.66,34.29,1.19,30.22,20.56,23.3,0,Safe
16.24,66.63,53.29,32.26,0.53,24.67,21.25,16.0,0,Safe
4.38,22.36,27.03,36.99,0.29,6.16,24.43,0.0,0,Safe
8.24,71.91,49.78,32.56,0.52,26.85,19.21,12.7,0,Safe
125.59,231.64,91.3,48.95,3.7,58.12,13.43,100.0,3,Critical
14.59,85.6,67.19,31.58,1.14,24.88,17.23,19.6,0,Safe
1.89,12.13,36.42,45.14,0.29,11.16,19.57,3.0,0,Safe
10.71,19.51,36.82,28.13,0.11,9.4,19.32,4.4,0,Safe
0.52,3.8,55.03,34.64,0.13,6.28,17.55,1.3,0,Safe
36.25,218.98,77.24,48.34,1.46,31.88,14.25,58.4,1,Watch
54.59,217.4,80.47,38.96,1.48,44.85,8.91,62.4,2,Warning
1.25,7.45,28.08,38.94,0.57,14.54,27.57,0.5,0,Safe
14.69,84.09,64.63,28.07,0.32,32.98,17.32,17.5,0,Safe
1.65,10.89,18.21,16.88,0.42,17.01,21.72,1.1,0,Safe
9.91,19.14,30.42,31.93,0.52,8.78,31.67,4.3,0,Safe
18.27,82.05,64.92,38.8,0.37,36.3,18.75,24.9,0,Safe
25.93,163.65,80.91,31.5,1.38,49.57,18.06,43.3,1,Watch
2.54,19.45,43.37,21.98,0.54,10.49,18.71,1.5,0,Safe
3.19,14.12,31.24,29.1,0.15,8.45,21.64,2.3,0,Safe
1.76,8.88,43.9,27.37,0.4,10.02,21.11,3.6,0,Safe
0.53,6.74,35.23,25.37,0.18,16.41,20.43,2.3,0,Safe
52.43,176.97,79.0,33.54,1.1,30.9,15.16,37.9,1,Watch
31.82,90.61,71.75,44.2,1.07,30.15,19.56,36.7,1,Watch
16.49,43.42,80.49,35.59,0.73,17.4,16.64,14.6,0,Safe
2.61,24.49,37.87,32.75,0.24,8.38,24.88,0.7,0,Safe
0.96,16.15,29.35,29.47,0.26,8.78,30.05,0.9,0,Safe
6.66,77.8,59.51,40.39,1.1,41.05,18.09,28.2,0,Safe
1.16,3.94,36.39,15.88,0.26,11.56,26.8,4.5,0,Safe
61.84,140.42,71.86,33.71,0.95,38.36,17.81,44.9,1,Watch
4.75,18.93,38.45,30.33,0.35,13.19,26.51,6.3,0,Safe
47.7,159.84,74.98,32.76,1.27,58.05,15.98,51.0,1,Watch
43.04,137.42,80.54,41.1,0.8,54.14,17.47,49.9,1,Watch
8.4,6.53,40.14,10.57,0.53,3.89,27.48,1.7,0,Safe
0.88,4.33,47.17,19.07,0.12,20.13,22.46,5.9,0,Safe
11.68,110.2,48.11,28.81,1.04,33.25,17.75,25.2,0,Safe
73.86,258.09,97.15,56.36,2.23,70.78,14.56,100.0,3,Critical
3.54,18.85,33.24,34.16,0.53,13.11,28.36,1.2,0,Safe
33.93,110.76,84.98,40.68,1.47,55.1,13.47,50.2,1,Watch
1.3,23.18,31.73,18.49,0.22,16.26,28.38,3.7,0,Safe
48.17,162.16,77.67,33.95,1.77,54.94,15.74,47.4,1,Watch
3.71,14.34,32.9,31.6,0.16,13.81,28.31,3.0,0,Safe
2.72,4.14,39.62,39.57,0.12,5.84,24.86,1.2,0,Safe
67.52,190.29,81.67,56.19,1.33,37.54,10.99,76.6,2,Warning
16.83,85.27,64.94,37.83,0.87,24.11,20.46,19.5,0,Safe
1.09,3.87,31.71,28.56,0.43,13.1,22.53,0.0,0,Safe
4.95,13.35,36.18,21.83,0.15,4.31,28.38,6.6,0,Safe
109.29,367.94,85.32,44.95,2.65,67.73,6.28,93.3,3,Critical
0.65,5.5,36.07,34.85,0.36,7.2,21.25,3.2,0,Safe
31.06,212.14,79.61,39.16,1.41,51.57,15.85,55.1,1,Watch
16.61,41.43,50.67,34.02,0.49,29.86,18.74,19.1,0,Safe
2.06,0.21,28.83,40.73,0.36,13.0,23.61,0.0,0,Safe
10.6,53.07,69.33,26.1,0.6,22.56,15.58,6.1,0,Safe
5.17,24.55,29.96,23.99,0.43,10.51,24.76,0.0,0,Safe
40.89,121.97,78.48,28.54,1.46,43.2,11.96,38.1,1,Watch
75.46,160.5,79.94,32.35,1.48,36.95,18.97,44.0,1,Watch
43.01,139.15,78.56,35.85,1.78,46.11,15.94,48.8,1,Watch
1.89,19.8,35.42,26.81,0.18,12.38,27.66,0.0,0,Safe
45.59,51.76,58.95,29.72,0.36,24.84,22.07,16.1,0,Safe
42.91,115.87,61.84,30.66,0.41,29.47,17.72,24.5,0,Safe
66.97,216.99,68.46,37.05,1.8,50.72,18.22,64.7,2,Warning
9.67,79.75,67.06,32.92,0.91,27.78,18.89,24.4,0,Safe
23.44,162.03,70.6,37.26,1.9,38.43,13.94,42.9,1,Watch
19.24,80.07,50.83,27.91,1.01,25.18,17.46,14.4,0,Safe
23.71,58.06,71.4,31.9,0.48,28.24,19.71,16.4,0,Safe
36.42,216.49,69.02,39.67,1.38,47.16,15.3,55.1,1,Watch
54.72,169.25,87.83,37.86,0.87,64.8,18.3,61.6,2,Warning
4.25,21.76,12.44,45.26,0.59,9.62,26.94,0.0,0,Safe
11.81,83.7,48.73,31.18,0.34,35.05,19.58,15.6,0,Safe
3.38,1.27,39.08,43.34,0.18,8.95,28.88,3.8,0,Safe
1.49,0.83,47.69,40.78,0.41,2.56,20.55,0.0,0,Safe
42.92,100.3,58.07,22.7,0.83,32.04,18.58,19.7,0,Safe
3.92,24.71,32.44,24.92,0.52,6.78,21.82,1.3,0,Safe
1.02,11.9,34.59,28.85,0.36,11.42,23.36,1.7,0,Safe
22.31,89.95,62.72,39.12,0.56,32.43,14.69,33.4,1,Watch
20.88,79.42,65.36,34.73,0.31,25.93,16.77,22.0,0,Safe
2.42,1.81,28.96,24.14,0.43,11.37,21.93,0.0,0,Safe
0.06,0.51,36.08,35.18,0.27,6.57,28.31,0.0,0,Safe
43.84,178.84,68.19,29.86,1.62,48.88,14.89,38.4,1,Watch
26.52,44.35,72.87,28.32,0.44,37.04,15.67,20.5,0,Safe
0.09,15.7,33.76,47.1,0.48,7.9,27.72,7.3,0,Safe
71.28,310.1,92.73,53.82,3.19,55.7,15.66,100.0,3,Critical
48.09,46.38,45.68,22.44,1.05,11.67,20.0,12.1,0,Safe
11.74,105.61,66.66,35.83,1.03,16.86,18.84,17.3,0,Safe
36.88,61.66,40.51,35.81,0.96,26.99,19.87,22.0,0,Safe
0.99,20.11,29.97,29.99,0.34,15.15,20.88,0.3,0,Safe
14.02,49.25,70.93,38.51,0.72,21.57,20.85,20.4,0,Safe
108.52,345.31,89.09,51.71,3.87,61.37,14.36,100.0,3,Critical
62.34,207.2,71.79,49.07,1.28,48.26,17.95,73.5,2,Warning
28.2,56.83,62.51,31.6,0.56,22.97,17.32,18.1,0,Safe
35.01,117.57,70.29,28.33,0.95,32.22,21.12,27.5,0,Safe
58.74,61.26,58.66,33.11,0.84,24.99,19.86,25.8,0,Safe
35.48,153.77,76.14,42.61,1.45,51.72,15.16,59.3,1,Watch
4.06,12.06,50.75,19.59,0.34,4.0,25.21,0.4,0,Safe
2.44,6.57,39.93,10.28,0.14,9.45,25.21,0.0,0,Safe
31.94,119.08,61.7,29.9,0.76,38.56,17.19,25.7,0,Safe
65.54,155.79,77.26,29.81,1.09,59.14,11.77,54.3,1,Watch
3.04,5.54,34.54,29.79,0.23,13.4,20.76,5.2,0,Safe
3.52,2.05,32.31,26.94,0.25,10.82,22.57,4.7,0,Safe
11.6,31.38,54.41,32.48,0.59,33.71,19.12,14.9,0,Safe
5.89,4.11,43.87,33.2,0.45,13.76,23.5,0.0,0,Safe
9.62,70.91,65.35,39.55,1.1,42.44,18.85,27.3,0,Safe
0.87,9.64,38.04,28.44,0.36,6.1,22.15,2.8,0,Safe
0.44,14.3,38.27,35.57,0.24,13.69,23.9,0.0,0,Safe
0.45,20.18,36.79,31.54,0.24,8.9,17.28,0.0,0,Safe
13.72,61.89,67.68,25.4,0.9,23.75,22.0,14.1,0,Safe
24.62,84.66,49.3,22.68,0.81,25.47,15.94,15.3,0,Safe
16.18,100.2,57.87,30.41,1.08,28.84,20.87,17.5,0,Safe
1.54,14.67,27.02,26.16,0.45,10.63,23.92,0.0,0,Safe
6.33,37.91,75.08,34.44,0.7,25.23,20.71,12.2,0,Safe
41.46,100.62,43.78,27.96,1.01,28.65,17.35,26.5,0,Safe
23.33,111.02,66.36,35.64,0.36,29.0,22.89,26.9,0,Safe
3.06,14.88,39.79,29.41,0.31,14.36,20.32,0.0,0,Safe
0.76,21.74,41.56,35.22,0.33,12.36,15.92,9.9,0,Safe
1.46,7.27,33.22,20.05,0.39,5.46,22.33,0.0,0,Safe
8.12,41.5,67.03,32.07,1.08,41.03,18.94,24.9,0,Safe
18.38,63.28,52.99,27.75,0.49,27.24,23.62,19.0,0,Safe
34.69,36.39,58.33,29.66,0.84,21.82,15.04,16.2,0,Safe
69.56,341.81,93.27,39.53,4.3,87.57,11.76,98.4,3,Critical
2.38,1.31,40.51,16.99,0.11,11.44,20.03,2.7,0,Safe
1.9,14.28,31.34,24.57,0.47,20.21,16.62,4.9,0,Safe
1.26,22.81,37.8,26.24,0.19,6.99,24.95,3.8,0,Safe
51.38,216.79,82.44,29.85,0.91,45.75,19.94,46.9,1,Watch
1.7,7.09,45.07,28.93,0.35,11.51,20.55,3.6,0,Safe
3.47,12.71,38.5,32.7,0.16,13.23,22.95,1.5,0,Safe
10.79,2.36,26.13,20.52,0.47,13.11,24.77,3.8,0,Safe
0.41,6.68,29.46,24.44,0.23,7.6,17.67,1.3,0,Safe
0.55,8.84,32.0,29.08,0.12,7.14,19.18,6.2,0,Safe
28.69,78.55,53.98,31.65,1.16,29.49,20.18,24.1,0,Safe
1.45,21.66,34.64,29.82,0.12,6.75,19.69,0.9,0,Safe
1.28,12.59,35.24,31.09,0.14,7.64,30.11,0.1,0,Safe
34.05,107.92,64.57,33.88,0.98,27.13,20.48,29.2,0,Safe
5.22,5.5,42.95,32.02,0.55,5.79,25.7,3.4,0,Safe
3.59,14.57,24.81,33.76,0.59,12.0,29.22,3.2,0,Safe
14.6,97.57,77.22,31.27,0.59,21.38,15.94,20.8,0,Safe
14.29,35.34,67.11,37.49,0.44,28.99,21.64,17.4,0,Safe
9.59,93.15,49.78,24.69,0.97,29.29,20.55,15.1,0,Safe
1.44,18.87,22.12,40.32,0.55,7.66,24.6,0.4,0,Safe
29.55,106.62,42.23,28.47,0.57,19.3,15.78,12.9,0,Safe
20.43,174.06,75.42,38.91,1.41,53.53,12.38,52.7,1,Watch
1.95,22.19,34.97,20.92,0.49,6.27,23.23,12.2,0,Safe
40.43,191.83,81.55,37.77,1.27,54.19,12.7,62.5,2,Warning
39.2,117.0,78.61,30.72,0.76,30.6,15.04,32.0,1,Watch
22.06,89.57,65.78,35.07,0.71,27.71,24.97,22.8,0,Safe
2.52,6.84,34.08,22.73,0.29,14.45,22.42,0.8,0,Safe
37.96,88.07,67.12,39.53,0.94,19.85,20.84,25.8,0,Safe
11.39,97.28,68.92,35.5,0.68,30.93,17.46,22.5,0,Safe
38.02,160.49,79.23,35.26,1.02,47.41,16.75,45.6,1,Watch
1.88,17.85,28.33,21.26,0.39,15.28,21.21,2.4,0,Safe
0.33,4.29,46.88,10.0,0.33,10.33,21.71,0.0,0,Safe
5.6,99.12,53.71,20.67,0.78,27.42,16.28,14.1,0,Safe
89.24,110.92,74.76,29.58,0.99,33.57,20.19,40.6,1,Watch
45.46,117.19,79.8,43.3,1.15,43.66,20.97,52.9,1,Watch
23.49,68.74,68.85,36.03,1.08,25.89,19.76,23.4,0,Safe
2.7,13.64,32.58,37.14,0.46,7.39,27.01,0.0,0,Safe
123.41,275.44,97.59,46.38,3.2,53.58,13.46,97.1,3,Critical
69.7,133.24,67.69,51.63,1.95,42.32,13.4,73.4,2,Warning
37.46,106.01,58.71,39.34,0.93,37.11,18.92,34.6,1,Watch
20.32,145.06,86.16,39.92,1.05,44.2,14.08,45.8,1,Watch
6.24,23.95,41.66,28.49,0.23,10.18,31.29,0.1,0,Safe
14.03,91.6,54.78,27.98,0.68,35.28,19.39,26.0,0,Safe
66.81,181.31,73.9,32.92,1.36,38.35,16.18,43.2,1,Watch
58.01,216.04,75.29,37.08,1.94,46.25,19.8,67.6,2,Warning
71.18,274.79,86.34,38.63,4.5,55.8,11.76,82.5,3,Critical
6.9,15.04,34.89,34.36,0.4,6.76,22.39,3.7,0,Safe
7.33,19.6,41.02,16.12,0.55,13.81,24.27,6.1,0,Safe
31.86,66.89,46.88,34.81,0.96,39.28,18.33,23.8,0,Safe
24.28,133.49,85.87,35.73,1.05,45.4,18.6,43.5,1,Watch
26.72,215.31,73.72,38.57,0.97,46.77,10.58,48.0,1,Watch
25.86,165.11,83.61,47.35,1.08,60.82,18.45,63.7,2,Warning
7.21,56.64,59.38,28.7,0.62,35.75,22.85,16.3,0,Safe
0.57,12.15,49.63,25.97,0.59,6.31,27.29,5.5,0,Safe
57.02,91.04,59.58,35.79,0.3,35.93,21.38,35.7,1,Watch
0.06,3.39,21.68,17.37,0.39,13.86,22.78,0.7,0,Safe
0.65,5.37,38.07,37.48,0.16,17.73,24.2,4.8,0,Safe
48.31,100.78,60.04,35.26,1.05,18.42,20.55,25.5,0,Safe
33.51,69.39,56.79,31.49,1.02,36.03,21.35,27.3,0,Safe
1.73,76.67,56.74,30.12,0.75,18.93,21.65,16.4,0,Safe
0.91,17.84,31.16,29.86,0.18,13.96,26.67,0.4,0,Safe
17.52,38.6,69.15,43.31,0.76,27.97,23.25,24.0,0,Safe
1.47,15.15,36.32,38.13,0.33,13.25,20.88,3.1,0,Safe
27.07,47.12,56.7,32.71,1.07,20.79,17.14,18.3,0,Safe
28.47,45.86,82.03,35.09,0.48,28.67,16.66,23.2,0,Safe
16.56,58.0,67.15,35.83,0.41,33.71,15.36,25.3,0,Safe
0.79,21.75,30.59,35.98,0.31,7.11,25.72,2.7,0,Safe
38.16,160.74,71.79,27.29,0.93,53.12,12.08,45.5,1,Watch
2.33,110.85,76.64,27.91,0.35,29.56,23.42,12.2,0,Safe
0.55,4.84,28.51,17.87,0.36,8.02,31.3,3.5,0,Safe
67.48,220.83,85.19,54.35,3.76,86.21,12.26,100.0,3,Critical
4.34,11.51,35.27,28.38,0.31,10.13,26.38,2.6,0,Safe
1.5,10.82,32.41,23.87,0.29,8.39,28.0,3.7,0,Safe
91.42,182.69,78.61,46.59,1.54,49.2,10.23,79.2,2,Warning
0.08,23.71,42.78,29.76,0.2,6.83,28.8,0.0,0,Safe
1.35,17.76,43.46,37.4,0.42,9.39,31.4,1.9,0,Safe
20.34,38.72,74.44,35.68,0.44,14.36,22.01,11.8,0,Safe
0.03,18.01,32.81,26.74,0.51,15.8,24.13,4.0,0,Safe
1.04,12.48,44.86,26.45,0.28,13.56,25.24,0.0,0,Safe
38.54,108.5,62.9,30.26,0.48,27.19,16.21,22.9,0,Safe
67.7,303.87,87.69,56.11,1.94,77.54,15.41,100.0,3,Critical
2.41,19.54,32.19,32.25,0.44,6.15,19.91,6.4,0,Safe
1.04,1.01,39.17,28.83,0.4,13.34,25.19,3.0,0,Safe
0.05,4.28,38.87,33.57,0.27,5.04,24.32,0.0,0,Safe
15.1,93.61,53.65,21.87,0.51,26.03,15.49,9.4,0,Safe
8.99,90.19,62.69,32.19,0.65,40.48,23.07,24.6,0,Safe
12.24,101.37,56.35,35.59,0.45,24.95,20.52,17.1,0,Safe
30.31,126.23,82.33,33.91,1.31,46.28,21.8,39.2,1,Watch
63.84,134.13,76.75,34.21,1.67,26.12,16.5,42.2,1,Watch
26.11,65.81,65.17,25.25,1.01,13.71,20.29,13.6,0,Safe
14.36,84.8,52.75,28.94,1.1,27.57,20.98,23.6,0,Safe
10.74,54.49,64.85,36.89,0.84,18.43,20.62,15.5,0,Safe
71.18,152.56,79.96,44.38,1.2,46.97,19.78,60.1,2,Warning
14.31,118.99,63.07,35.73,0.57,27.25,17.53,23.5,0,Safe
1.45,14.9,43.53,17.23,0.5,10.2,22.18,0.0,0,Safe
68.68,338.21,96.67,42.11,3.08,63.96,7.03,87.5,3,Critical
123.4,211.98,95.33,37.56,2.6,54.75,13.2,80.7,3,Critical
49.63,161.8,85.63,42.4,1.71,46.04,14.54,64.3,2,Warning
1.99,12.41,32.24,29.51,0.48,3.97,29.45,4.9,0,Safe
42.44,162.22,74.62,36.74,1.31,37.57,18.6,39.9,1,Watch
0.23,23.76,29.89,37.57,0.26,18.48,24.26,5.7,0,Safe
52.86,337.43,96.61,50.61,2.21,61.07,17.78,97.1,3,Critical
1.93,21.62,29.61,25.3,0.56,6.55,25.92,0.0,0,Safe
0.82,3.18,39.18,24.03,0.37,6.73,23.89,0.0,0,Safe
51.81,52.28,58.78,41.52,1.18,34.38,19.52,35.0,1,Watch
0.27,23.76,32.3,31.98,0.3,10.3,22.37,3.6,0,Safe
1.41,4.06,32.74,31.3,0.22,13.87,24.2,0.0,0,Safe
25.54,130.53,75.24,39.39,1.91,47.53,18.52,50.2,1,Watch
2.15,9.13,35.73,25.2,0.44,5.61,20.88,3.9,0,Safe
94.54,291.67,98.91,43.54,4.5,91.94,6.5,100.0,3,Critical
1.2,19.24,40.26,27.17,0.54,10.57,16.96,5.6,0,Safe
5.95,3.27,39.63,16.84,0.45,10.36,21.23,0.5,0,Safe
99.14,269.4,95.11,42.26,2.86,77.59,15.55,100.0,3,Critical
39.56,112.08,56.44,34.01,0.8,22.91,15.78,27.3,0,Safe
2.28,15.08,38.04,25.88,0.28,13.07,25.53,0.0,0,Safe
10.09,69.88,65.67,25.98,1.09,11.72,22.14,10.2,0,Safe
0.35,23.63,29.98,35.42,0.15,7.58,31.89,2.3,0,Safe
2.19,22.34,34.22,29.16,0.5,11.78,21.67,5.7,0,Safe
38.16,172.04,68.79,32.66,1.16,44.68,12.6,37.9,1,Watch
29.73,122.32,82.94,33.31,1.54,44.88,17.23,42.1,1,Watch
0.98,0.76,25.03,26.38,0.12,5.46,24.13,1.0,0,Safe
39.26,189.9,80.77,50.09,1.32,47.18,13.53,67.6,2,Warning
112.06,248.37,92.3,36.75,3.63,89.28,12.06,89.1,3,Critical
2.19,4.87,37.5,19.18,0.51,11.02,19.1,2.8,0,Safe
41.29,171.24,81.62,34.81,1.4,44.69,19.91,50.8,1,Watch
0.03,8.0,36.13,10.03,0.23,10.61,21.36,5.2,0,Safe
1.87,0.02,31.27,40.59,0.4,0.29,28.33,0.5,0,Safe
36.07,209.73,84.29,37.55,1.7,33.59,15.98,44.6,1,Watch
3.38,2.65,36.29,33.49,0.57,14.91,19.23,5.0,0,Safe
33.67,73.0,59.36,37.45,0.99,28.11,14.18,28.2,0,Safe
22.56,61.08,62.95,33.71,0.4,19.74,16.02,13.9,0,Safe
106.5,375.93,88.59,38.13,4.17,87.21,12.31,89.5,3,Critical
44.45,116.23,80.87,39.8,1.55,52.41,16.89,61.0,2,Warning
52.92,81.54,57.73,36.42,1.13,29.6,11.86,34.5,1,Watch
0.88,20.68,34.94,24.59,0.45,12.32,19.13,0.9,0,Safe
3.98,21.33,31.63,34.34,0.51,8.74,27.52,1.5,0,Safe
24.71,196.11,88.07,28.0,1.76,37.06,10.94,39.3,1,Watch
7.99,96.81,78.3,34.84,0.87,18.47,17.04,13.8,0,Safe
1.23,6.17,32.2,32.65,0.12,6.28,27.29,3.5,0,Safe
68.81,205.11,84.17,40.8,1.1,47.83,14.84,64.0,2,Warning
58.63,63.65,72.78,38.62,1.07,27.09,20.75,37.3,1,Watch
74.33,270.25,92.78,49.49,4.72,77.44,13.12,100.0,3,Critical
51.78,375.07,93.74,42.27,3.17,80.73,17.64,94.0,3,Critical
21.42,89.7,71.67,40.61,0.42,40.81,22.35,39.6,1,Watch
37.65,43.14,59.6,37.21,1.12,34.26,15.88,29.5,0,Safe
8.63,2.94,51.74,21.73,0.58,13.15,29.32,0.0,0,Safe
0.87,5.37,44.88,15.97,0.43,7.69,30.19,0.0,0,Safe
2.51,0.21,29.71,24.69,0.19,10.76,16.55,0.0,0,Safe
30.59,192.1,76.31,33.5,1.61,37.55,20.29,40.5,1,Watch
15.27,48.2,71.88,35.67,0.47,31.62,18.58,21.6,0,Safe
1.7,18.49,19.19,24.06,0.14,4.38,24.8,5.6,0,Safe
1.96,19.97,33.78,29.22,0.57,9.25,18.27,2.0,0,Safe
95.66,334.06,90.77,47.15,3.61,83.56,17.42,100.0,3,Critical
0.33,5.77,49.16,20.32,0.56,12.39,24.29,3.6,0,Safe
116.83,298.92,88.56,45.26,3.49,70.72,13.11,100.0,3,Critical
22.92,56.8,62.39,32.11,1.15,18.86,15.28,17.7,0,Safe
0.71,4.1,19.69,20.07,0.41,10.46,25.45,2.0,0,Safe
0.47,9.0,38.24,28.63,0.42,8.98,14.09,0.0,0,Safe
4.26,20.98,36.14,24.42,0.26,5.3,20.08,6.0,0,Safe
41.24,118.23,77.29,39.12,1.65,53.86,11.38,62.6,2,Warning
24.52,42.01,62.4,29.21,0.61,24.71,17.04,18.1,0,Safe
1.74,19.57,54.53,34.45,0.3,5.55,21.03,4.1,0,Safe
20.76,83.66,51.11,26.1,0.83,41.73,20.13,25.6,0,Safe
1.45,5.95,28.31,31.41,0.39,8.4,26.07,0.8,0,Safe
77.07,187.22,73.45,47.88,1.3,50.24,14.56,81.8,3,Critical
1.29,7.4,29.2,18.81,0.33,15.71,27.34,0.0,0,Safe
7.61,23.99,24.85,27.04,0.47,6.06,28.96,0.0,0,Safe
23.08,67.6,57.27,32.61,0.71,31.82,22.81,24.2,0,Safe
14.07,44.11,66.51,37.54,1.14,43.0,19.94,30.1,1,Watch
20.65,66.32,61.62,32.29,0.38,33.87,19.48,22.3,0,Safe
2.01,6.69,37.55,33.74,0.33,0.0,27.73,2.7,0,Safe
71.86,346.98,93.82,45.98,1.94,67.95,8.28,93.5,3,Critical
60.39,219.75,80.22,29.05,1.48,44.33,14.58,46.1,1,Watch
0.44,2.88,39.53,31.24,0.32,8.01,25.34,0.0,0,Safe
1.09,21.72,35.54,26.41,0.2,14.52,26.65,3.3,0,Safe
0.31,7.19,38.91,22.38,0.43,9.68,23.4,2.5,0,Safe
17.28,62.3,68.15,39.27,0.76,32.2,20.15,33.2,1,Watch
24.25,99.31,59.89,29.06,0.95,30.62,20.76,26.9,0,Safe
66.18,223.26,88.38,41.73,2.16,57.88,14.9,79.8,2,Warning
77.15,169.58,80.99,39.79,1.87,29.2,13.87,56.7,1,Watch
0.64,21.73,42.41,38.4,0.12,7.79,26.47,2.0,0,Safe
106.04,270.71,90.14,57.37,3.89,58.68,13.96,100.0,3,Critical
1.92,22.01,17.16,21.85,0.24,2.13,20.15,0.5,0,Safe
0.28,21.88,23.18,25.27,0.16,11.34,25.19,0.0,0,Safe
4.5,11.56,39.07,33.32,0.23,6.46,26.14,4.5,0,Safe
10.46,96.53,60.16,29.39,1.13,31.19,19.5,17.2,0,Safe
31.06,67.51,60.8,38.14,0.53,29.51,11.94,21.9,0,Safe
31.73,32.93,36.47,44.84,0.83,23.28,18.23,18.0,0,Safe
121.63,267.48,95.65,48.02,3.54,85.03,9.8,100.0,3,Critical
18.19,198.71,83.26,38.69,1.62,52.83,17.37,51.1,1,Watch
1.69,8.52,37.2,32.19,0.35,13.27,18.62,0.1,0,Safe
56.32,96.82,65.25,35.27,0.94,44.41,18.42,39.7,1,Watch
2.34,20.42,37.97,36.13,0.37,12.82,28.61,0.0,0,Safe
13.64,102.76,65.74,37.14,0.58,26.2,20.32,21.5,0,Safe
0.5,19.73,40.0,29.8,0.21,13.08,21.7,5.6,0,Safe
2.11,4.24,38.79,37.47,0.59,12.6,22.21,4.2,0,Safe
17.06,109.44,61.92,42.76,1.17,17.14,14.89,22.6,0,Safe
0.74,5.37,50.58,16.4,0.47,16.26,24.49,4.5,0,Safe
0.68,22.52,34.49,21.27,0.33,14.25,17.87,2.6,0,Safe
1.55,4.28,43.62,18.5,0.31,9.57,31.03,0.0,0,Safe
2.38,19.43,44.01,36.29,0.56,5.3,23.02,3.8,0,Safe
3.03,20.79,50.75,31.2,0.19,12.85,27.72,2.7,0,Safe
0.9,12.55,37.19,28.56,0.56,13.57,18.45,2.0,0,Safe
85.94,286.1,86.74,37.51,2.01,88.99,13.09,88.7,3,Critical
50.4,69.72,63.99,23.28,1.14,32.75,17.49,25.3,0,Safe
2.21,9.18,41.11,31.36,0.4,12.65,19.49,0.0,0,Safe
9.58,43.46,75.26,28.37,0.36,28.14,25.75,18.2,0,Safe
11.83,54.1,60.27,34.66,0.48,11.9,15.63,10.0,0,Safe
7.89,19.53,52.9,35.5,0.55,4.94,31.44,9.0,0,Safe
0.45,23.34,29.25,26.75,0.16,10.3,23.84,4.9,0,Safe
5.22,113.09,59.64,29.22,0.94,41.43,14.56,25.0,0,Safe
0.36,4.11,32.03,20.81,0.53,17.42,18.7,0.3,0,Safe
39.79,33.22,65.77,39.6,0.36,27.73,16.6,24.6,0,Safe
92.18,195.36,77.4,45.99,1.28,41.19,15.84,69.4,2,Warning
14.47,68.82,63.71,36.05,0.3,24.15,13.44,13.2,0,Safe
36.88,128.1,76.55,40.83,1.38,39.93,12.18,45.6,1,Watch
34.4,39.47,77.46,30.35,0.84,24.47,18.52,29.2,0,Safe
21.07,35.75,53.28,42.03,0.44,28.21,22.33,20.4,0,Safe
4.06,5.28,34.55,27.1,0.45,8.25,21.2,0.0,0,Safe
15.07,39.07,50.92,29.6,0.99,29.7,15.51,15.2,0,Safe
12.1,117.63,65.72,31.2,0.71,27.07,17.62,23.8,0,Safe
29.88,173.99,80.6,36.35,1.93,37.67,10.37,49.7,1,Watch
25.36,98.43,69.85,35.39,1.16,26.2,23.55,30.7,1,Watch
0.88,17.58,20.83,17.24,0.31,13.95,23.05,1.1,0,Safe
1.33,5.86,43.49,35.79,0.48,11.17,30.14,4.5,0,Safe
46.95,124.34,70.77,49.73,0.84,49.21,18.9,59.8,1,Watch
10.07,67.5,57.21,39.8,0.33,28.14,24.18,17.3,0,Safe
53.7,174.95,77.21,43.82,1.0,32.33,17.98,48.7,1,Watch
1.72,14.74,40.47,19.35,0.35,7.88,24.78,8.3,0,Safe
47.78,150.46,66.51,39.97,1.39,51.31,15.9,54.4,1,Watch
119.28,301.25,86.31,49.06,4.43,65.78,11.42,100.0,3,Critical
4.33,21.45,35.23,34.32,0.31,0.88,24.32,3.6,0,Safe
64.46,371.22,90.22,44.09,4.32,87.34,13.02,100.0,3,Critical
29.04,98.51,74.02,38.36,0.36,22.12,16.11,24.6,0,Safe
0.22,0.3,37.88,22.19,0.22,10.76,26.37,7.5,0,Safe
22.2,70.74,57.74,27.58,0.97,27.78,20.71,11.2,0,Safe
0.21,6.8,59.33,29.43,0.34,8.17,23.87,4.7,0,Safe
1.68,1.01,39.67,29.22,0.18,4.58,25.09,0.0,0,Safe
0.41,0.84,19.46,29.4,0.57,15.12,29.31,0.0,0,Safe
38.16,199.32,79.97,33.73,1.27,45.82,17.01,42.4,1,Watch
79.36,225.19,90.62,49.17,2.82,79.15,13.14,100.0,3,Critical
1.28,24.2,31.53,39.44,0.5,11.82,22.55,0.0,0,Safe
0.37,4.6,41.58,36.79,0.42,9.76,17.16,4.7,0,Safe
67.44,342.14,90.52,36.29,2.76,58.9,10.22,70.6,2,Warning
2.03,8.27,41.92,38.52,0.2,14.07,19.96,0.0,0,Safe
0.05,18.91,15.33,23.3,0.39,7.32,24.6,2.7,0,Safe
4.25,8.56,35.44,24.0,0.24,5.94,29.09,0.0,0,Safe
2.79,22.84,39.39,22.63,0.23,8.56,25.8,0.0,0,Safe
23.59,94.23,55.08,29.42,1.04,34.94,18.96,22.3,0,Safe
92.18,375.17,85.39,39.08,3.43,87.71,18.07,97.5,3,Critical
8.23,52.11,46.27,26.41,0.9,22.99,19.74,7.2,0,Safe
0.61,6.04,35.23,31.8,0.29,6.61,21.34,0.2,0,Safe
75.86,155.84,81.46,31.31,1.73,45.15,15.09,53.1,1,Watch
16.47,99.39,68.7,27.35,0.92,22.89,20.36,20.5,0,Safe
18.53,51.93,45.97,35.22,0.67,24.73,13.83,15.6,0,Safe
1.13,17.67,46.28,28.22,0.3,18.16,22.54,2.6,0,Safe
25.27,41.86,56.66,32.65,0.7,46.7,19.08,28.4,0,Safe
16.41,102.33,61.35,29.83,0.33,30.17,23.45,21.4,0,Safe
0.65,18.31,39.17,33.7,0.51,2.43,21.92,1.7,0,Safe
105.06,292.01,89.82,46.81,2.97,77.04,11.94,100.0,3,Critical
51.92,358.28,91.11,43.11,2.12,90.42,15.8,87.6,3,Critical
30.6,183.65,67.73,37.55,1.0,42.0,16.26,45.2,1,Watch
22.95,89.59,59.27,29.97,0.57,17.96,22.29,18.0,0,Safe
67.62,171.86,63.24,50.37,1.71,51.88,16.88,78.3,2,Warning
2.36,18.06,37.0,33.39,0.27,13.81,30.17,0.0,0,Safe
3.51,3.09,34.38,28.4,0.48,6.72,19.13,0.0,0,Safe
6.55,21.35,38.2,16.99,0.28,14.94,24.44,0.0,0,Safe
87.55,303.36,91.73,38.31,2.79,91.56,13.71,89.1,3,Critical
0.23,21.91,42.51,22.11,0.39,6.99,25.05,4.3,0,Safe
1.04,14.84,32.61,10.43,0.26,15.54,36.04,3.2,0,Safe
37.32,88.81,65.0,41.98,0.36,24.75,21.17,25.6,0,Safe
30.13,219.11,72.24,36.59,2.0,49.18,18.85,50.9,1,Watch
1.53,18.75,34.32,14.01,0.41,10.42,23.16,0.0,0,Safe
5.15,7.38,22.09,19.64,0.43,13.04,29.91,0.0,0,Safe
62.19,216.84,68.52,42.45,1.36,51.69,15.84,67.0,2,Warning
6.76,13.25,47.17,28.59,0.5,6.33,21.45,2.0,0,Safe
1.29,6.17,25.95,28.95,0.15,10.12,17.63,0.0,0,Safe
0.23,2.5,32.17,11.83,0.6,10.29,26.13,4.4,0,Safe
13.45,100.99,58.06,37.76,1.18,20.08,17.74,21.4,0,Safe
40.08,133.57,68.71,32.77,1.4,51.2,16.19,45.9,1,Watch
128.34,122.36,72.79,43.71,1.08,45.5,16.1,63.5,2,Warning
3.07,6.25,40.54,29.64,0.52,11.58,27.82,3.0,0,Safe
63.35,367.88,89.5,52.43,2.41,76.12,15.41,100.0,3,Critical
4.31,2.18,39.0,20.38,0.1,9.08,22.55,0.0,0,Safe
42.97,157.53,68.1,28.86,1.52,41.02,18.12,42.9,1,Watch
2.82,20.53,38.98,32.94,0.45,7.3,24.39,2.4,0,Safe
11.59,68.8,60.39,38.87,0.6,30.11,21.29,19.5,0,Safe
49.8,178.03,75.75,40.63,0.91,37.76,16.06,47.2,1,Watch
2.76,2.42,43.91,24.02,0.24,10.8,25.73,0.8,0,Safe
39.69,179.49,75.58,30.57,1.58,34.47,21.18,41.1,1,Watch
27.77,77.36,48.47,37.6,0.93,27.03,15.4,23.8,0,Safe
52.01,276.52,88.39,47.35,2.67,70.05,12.67,99.2,3,Critical
1.39,11.41,42.6,29.71,0.29,2.7,20.95,0.1,0,Safe
40.22,185.73,74.78,43.06,1.22,52.77,21.45,63.1,2,Warning
24.87,62.2,78.19,49.18,1.0,28.81,18.25,33.8,1,Watch
0.21,15.73,30.43,35.33,0.18,17.06,20.82,3.0,0,Safe
28.41,119.63,54.62,39.19,0.68,25.23,21.01,25.6,0,Safe
40.57,143.15,75.82,36.3,1.5,38.05,18.3,47.6,1,Watch
1.15,6.14,41.06,17.29,0.53,9.3,22.08,0.0,0,Safe
57.72,199.88,85.24,29.22,1.15,37.13,13.17,41.5,1,Watch
9.26,81.34,45.45,33.94,0.47,29.38,15.17,13.9,0,Safe
27.66,68.56,83.5,29.52,0.81,16.27,16.99,15.5,0,Safe
1.94,5.73,31.35,25.41,0.14,8.01,25.39,3.6,0,Safe
13.31,93.33,71.74,33.78,0.69,26.54,19.01,21.1,0,Safe
18.91,129.17,69.59,35.6,1.51,34.33,15.73,34.5,1,Watch
1.68,18.57,37.66,30.41,0.55,0.68,20.31,0.0,0,Safe
0.2,19.84,28.15,33.03,0.3,16.77,26.58,2.8,0,Safe
3.72,1.06,40.58,19.87,0.43,7.59,25.55,0.0,0,Safe
36.75,203.18,77.02,35.3,1.19,44.96,17.81,49.7,1,Watch
0.38,0.58,28.3,14.59,0.4,4.81,22.23,7.9,0,Safe
50.96,363.26,86.18,57.89,2.87,71.57,11.06,100.0,3,Critical
3.58,8.47,46.27,22.51,0.45,7.05,20.07,0.1,0,Safe
51.85,119.83,79.41,38.25,1.99,51.69,14.87,59.4,1,Watch
33.32,72.08,61.5,35.68,1.03,38.54,19.09,39.7,1,Watch
1.76,24.34,43.7,32.74,0.41,7.17,29.93,5.8,0,Safe
38.69,133.45,78.98,39.81,1.11,42.08,11.81,48.3,1,Watch
15.39,61.32,72.13,43.23,0.89,35.63,16.34,32.9,1,Watch
76.5,197.21,85.18,52.2,2.2,63.67,8.86,99.2,3,Critical
8.19,69.66,67.34,35.35,0.36,27.66,21.07,14.5,0,Safe
3.05,23.87,32.92,27.87,0.31,7.93,24.13,0.0,0,Safe
38.64,79.56,74.1,42.48,0.85,23.32,13.97,27.4,0,Safe
98.58,332.13,90.63,42.07,1.8,82.23,13.0,93.9,3,Critical
7.62,71.88,51.22,30.17,0.93,40.2,20.08,20.6,0,Safe
38.52,110.99,63.67,43.23,1.05,26.44,19.06,35.1,1,Watch
33.67,101.77,55.41,36.89,0.74,25.9,20.89,24.5,0,Safe
22.86,45.43,51.28,34.48,0.97,13.96,17.47,17.4,0,Safe
11.95,83.92,80.32,37.21,0.44,33.62,12.59,24.8,0,Safe
13.63,47.78,65.2,28.04,0.87,23.61,16.76,11.1,0,Safe
7.24,16.2,43.78,24.22,0.27,15.52,21.9,0.6,0,Safe
19.78,83.44,44.46,28.35,0.99,29.33,21.23,17.8,0,Safe
0.45,5.77,29.22,33.07,0.58,12.9,23.96,0.9,0,Safe
1.7,5.92,35.27,31.43,0.26,12.33,17.88,1.7,0,Safe
1.08,6.71,35.37,22.96,0.29,9.51,24.37,0.8,0,Safe
0.59,23.1,35.25,27.0,0.15,13.54,26.1,0.0,0,Safe
24.69,91.37,61.26,31.51,1.08,28.3,14.94,20.3,0,Safe
11.83,59.28,70.8,31.18,0.42,20.32,21.74,10.7,0,Safe
0.33,8.78,26.65,28.03,0.6,10.61,19.78,4.3,0,Safe
53.92,219.17,84.91,47.02,1.88,46.26,14.28,72.3,2,Warning
53.11,358.49,88.91,48.58,4.09,78.21,12.19,100.0,3,Critical
3.72,11.78,17.34,27.01,0.48,9.24,13.96,4.1,0,Safe
31.12,47.61,54.46,35.75,1.06,16.79,22.99,14.4,0,Safe
61.53,165.34,75.6,32.15,1.29,48.04,19.64,50.9,1,Watch
31.27,185.25,72.95,28.94,1.39,54.04,15.52,49.0,1,Watch
5.89,12.8,39.84,41.69,0.31,18.49,30.54,6.1,0,Safe
31.29,104.05,56.21,42.45,0.67,26.95,13.79,28.5,0,Safe
59.77,352.61,93.74,42.11,2.16,75.29,12.99,88.3,3,Critical
0.67,8.41,25.55,34.17,0.38,3.33,25.21,1.2,0,Safe
7.86,105.31,61.33,19.35,0.94,21.35,21.81,16.2,0,Safe
21.68,34.12,60.06,31.09,0.41,24.94,21.43,15.8,0,Safe
6.61,21.18,43.99,28.1,0.55,9.43,22.16,4.0,0,Safe
21.71,62.08,47.01,31.55,1.05,36.5,17.15,26.3,0,Safe
0.09,5.72,25.96,40.05,0.53,11.9,27.74,0.8,0,Safe
2.8,2.02,40.66,20.06,0.27,8.75,20.19,0.0,0,Safe
29.27,34.8,50.51,35.22,1.11,29.51,18.18,26.5,0,Safe
86.0,343.41,90.43,38.96,3.69,59.3,15.86,81.9,3,Critical
1.46,23.69,26.12,24.4,0.16,16.87,23.1,3.4,0,Safe
2.27,0.5,34.37,32.18,0.58,3.53,28.59,5.6,0,Safe
41.21,39.66,54.57,26.24,0.52,24.1,14.75,15.4,0,Safe
0.98,18.17,35.29,29.92,0.24,13.56,24.73,2.1,0,Safe
2.17,17.38,38.34,44.23,0.32,9.03,22.34,3.2,0,Safe
23.66,168.86,68.15,40.95,1.46,41.92,15.15,52.6,1,Watch
9.28,55.61,61.85,34.32,0.75,42.69,19.4,24.4,0,Safe
103.85,264.05,94.27,51.89,3.77,90.65,13.27,100.0,3,Critical
53.3,203.65,84.58,34.12,0.96,52.84,11.17,56.5,1,Watch
43.73,58.72,58.89,28.38,0.79,41.53,19.82,24.4,0,Safe
10.43,46.38,72.84,41.74,0.37,21.75,25.85,15.1,0,Safe
1.3,23.16,30.45,27.06,0.54,10.17,23.29,4.1,0,Safe
7.63,51.58,76.86,24.18,0.49,28.16,22.84,14.3,0,Safe
15.11,101.63,60.03,33.81,1.19,25.78,17.53,24.2,0,Safe
1.75,22.03,45.77,39.73,0.34,8.0,19.18,1.0,0,Safe
86.77,260.78,85.55,47.3,2.55,68.68,9.18,100.0,3,Critical
28.13,161.53,84.22,40.91,0.91,28.85,11.57,43.5,1,Watch
1.77,17.25,39.88,37.47,0.14,4.82,26.41,2.5,0,Safe
108.37,304.9,93.91,36.91,3.64,85.79,15.03,88.2,3,Critical
33.43,71.92,59.33,26.69,0.78,29.66,23.96,17.4,0,Safe
1.02,17.74,31.88,29.44,0.4,5.34,23.05,0.0,0,Safe
19.66,34.91,58.49,32.74,0.59,27.76,17.48,14.2,0,Safe
22.26,106.49,58.05,32.96,0.97,36.2,20.58,29.4,0,Safe
63.6,234.38,92.85,50.34,3.44,62.0,10.02,100.0,3,Critical
47.23,126.88,82.13,34.61,1.86,44.68,13.14,52.1,1,Watch
81.66,218.99,88.03,45.56,3.78,52.5,11.35,87.7,3,Critical
61.2,181.59,76.16,30.11,1.94,42.8,12.99,46.9,1,Watch
57.99,94.38,80.56,40.34,0.45,32.18,14.33,41.3,1,Watch
63.27,200.26,98.28,36.56,3.76,76.0,13.89,85.4,3,Critical
11.67,101.08,71.15,33.5,0.57,27.17,18.12,27.6,0,Safe
0.24,23.52,38.78,38.42,0.46,14.54,19.5,0.0,0,Safe
1.82,12.6,27.0,21.62,0.56,9.64,20.3,0.5,0,Safe
20.59,59.58,58.99,32.05,0.37,38.97,20.72,18.3,0,Safe
0.15,10.59,28.61,25.99,0.52,13.0,19.18,1.1,0,Safe
13.02,38.15,64.79,27.15,1.19,29.02,21.95,16.9,0,Safe
41.32,114.22,69.11,37.31,0.58,35.96,17.51,26.9,0,Safe
0.04,0.09,35.9,17.25,0.58,14.01,25.53,2.3,0,Safe
2.62,23.08,12.51,18.54,0.49,6.09,25.05,4.7,0,Safe
1.8,0.66,49.64,23.93,0.16,10.34,20.75,2.6,0,Safe
4.22,11.52,28.44,35.68,0.51,13.69,25.57,7.0,0,Safe
26.13,96.25,64.58,31.77,1.2,20.53,20.29,21.2,0,Safe
30.64,127.31,79.88,37.63,0.8,55.19,17.19,44.2,1,Watch
11.72,62.21,59.42,27.46,0.56,32.78,18.32,12.7,0,Safe
97.36,120.73,84.31,22.34,1.34,41.33,17.0,37.5,1,Watch
17.46,92.82,60.08,38.7,0.88,29.76,15.98,22.7,0,Safe
62.0,365.34,95.4,40.68,2.72,70.82,17.52,82.8,3,Critical
0.1,9.74,36.5,30.03,0.51,9.75,24.75,0.5,0,Safe
10.11,72.39,81.05,38.57,0.43,36.46,22.4,29.4,0,Safe
3.0,70.74,71.11,44.95,0.55,19.62,20.11,18.6,0,Safe
9.55,66.79,72.53,22.88,0.9,29.06,22.38,11.1,0,Safe
63.89,193.11,75.81,35.65,1.55,59.83,14.03,61.6,2,Warning
19.25,62.45,53.11,33.6,0.82,48.75,24.69,33.1,1,Watch
1.2,22.11,43.89,23.31,0.42,10.3,26.46,3.7,0,Safe
34.01,77.27,76.29,35.63,0.62,32.02,13.09,30.8,1,Watch
3.34,3.08,40.43,30.39,0.17,9.01,27.92,0.0,0,Safe
55.57,235.72,92.2,36.95,1.98,77.29,20.93,85.5,3,Critical
67.75,136.44,84.47,39.96,0.82,53.42,12.92,63.9,2,Warning
0.06,14.52,37.92,25.75,0.42,5.0,30.16,2.1,0,Safe
4.23,18.01,35.3,22.3,0.27,7.57,19.34,0.0,0,Safe
0.43,16.19,5.0,19.19,0.57,4.01,24.1,0.9,0,Safe
51.05,64.43,52.37,32.93,1.09,27.23,20.36,27.3,0,Safe
45.34,98.63,57.2,29.14,0.79,30.44,15.78,26.6,0,Safe
67.89,366.21,91.48,56.11,2.39,55.55,8.5,100.0,3,Critical
42.53,84.69,54.57,31.04,1.12,26.99,17.15,17.9,0,Safe
1.89,21.42,35.09,18.81,0.59,2.01,29.26,0.9,0,Safe
5.64,8.88,41.27,26.96,0.29,10.45,25.8,4.9,0,Safe
38.78,45.03,78.83,26.89,1.04,20.59,16.81,18.3,0,Safe
0.06,0.25,44.67,26.76,0.36,15.65,25.08,3.8,0,Safe
0.35,16.77,23.36,32.64,0.32,4.65,25.33,3.2,0,Safe
0.84,19.58,27.22,30.83,0.12,8.82,32.22,0.4,0,Safe
22.16,54.13,48.3,31.56,0.7,36.01,18.27,22.9,0,Safe
5.3,2.28,32.27,31.66,0.47,1.76,26.69,6.5,0,Safe
21.12,32.48,62.19,26.35,1.03,21.56,22.43,13.9,0,Safe
5.41,114.4,79.92,34.97,0.87,16.91,14.54,21.5,0,Safe
56.21,182.52,77.58,43.42,1.57,52.23,17.33,68.3,2,Warning
2.72,2.62,28.52,26.38,0.57,4.54,25.26,1.1,0,Safe
14.2,39.93,71.25,35.52,0.42,47.75,21.03,26.6,0,Safe
41.58,160.11,81.23,44.95,1.67,61.16,18.34,74.8,2,Warning
0.35,15.55,32.94,19.99,0.31,13.32,22.42,3.8,0,Safe
14.47,95.23,63.72,32.52,1.05,12.46,10.27,12.0,0,Safe
38.06,172.54,74.67,31.79,1.11,36.9,16.23,41.0,1,Watch
22.36,48.14,58.49,33.32,0.33,28.88,20.48,20.1,0,Safe
20.53,134.74,76.97,54.87,1.84,45.37,18.11,62.6,2,Warning
9.78,5.01,32.53,32.13,0.41,3.39,32.62,0.5,0,Safe
27.93,85.72,62.7,25.05,1.19,22.45,18.27,15.6,0,Safe
0.98,11.44,43.15,17.24,0.33,13.3,24.3,2.3,0,Safe
38.75,52.93,73.06,30.64,0.53,24.92,20.18,18.0,0,Safe
0.8,22.81,34.52,22.62,0.33,20.27,13.81,7.6,0,Safe
25.57,34.74,49.73,33.24,0.53,23.86,16.62,8.3,0,Safe
0.03,13.31,36.23,25.13,0.46,15.8,26.04,0.0,0,Safe
0.54,17.95,30.3,28.55,0.47,3.84,27.97,0.5,0,Safe
92.66,121.19,72.97,35.34,0.96,35.7,16.26,42.4,1,Watch
79.48,182.6,65.01,42.71,1.72,37.38,9.73,67.1,2,Warning
0.77,20.46,39.74,30.15,0.26,12.98,20.34,3.5,0,Safe
0.15,15.73,39.64,33.11,0.25,12.74,27.87,0.0,0,Safe
61.35,191.31,90.6,41.2,3.23,59.06,13.08,87.2,3,Critical
0.08,22.25,29.48,21.37,0.46,9.86,25.83,4.3,0,Safe
121.27,259.55,98.67,49.06,1.92,54.82,12.84,94.1,3,Critical
5.68,18.72,38.61,21.64,0.53,12.15,25.09,2.8,0,Safe
4.18,6.64,32.83,22.45,0.56,7.64,21.06,2.0,0,Safe
10.37,107.32,60.94,35.47,1.06,33.08,15.07,22.5,0,Safe
38.71,82.7,68.72,26.84,0.55,28.18,20.6,20.3,0,Safe
81.46,175.79,78.9,34.8,1.99,54.68,17.35,62.8,2,Warning
95.24,262.86,96.25,38.14,3.88,85.77,7.47,99.8,3,Critical
5.01,95.08,56.04,23.12,0.68,32.38,18.92,10.0,0,Safe
121.66,286.55,95.16,43.02,3.82,60.54,12.17,97.9,3,Critical
90.33,371.09,98.71,37.89,3.94,63.48,16.3,82.0,3,Critical
87.75,252.23,92.39,37.04,4.25,65.34,12.79,83.0,3,Critical
0.79,8.33,33.0,18.45,0.14,13.25,17.92,0.0,0,Safe
2.58,10.26,39.05,30.3,0.51,11.27,29.66,0.5,0,Safe
41.76,83.57,61.93,34.81,0.36,33.03,20.9,26.9,0,Safe
32.19,159.53,73.63,41.75,1.76,40.66,16.67,51.0,1,Watch
39.86,149.69,78.36,45.29,1.85,48.35,17.49,65.3,2,Warning
41.56,204.28,72.26,39.94,0.93,47.14,14.84,50.8,1,Watch
45.04,154.72,79.54,39.21,0.83,60.4,14.17,61.8,2,Warning
16.15,101.93,56.52,34.13,0.79,20.76,20.75,18.3,0,Safe
42.57,180.21,72.7,38.93,1.88,37.78,17.82,55.8,1,Watch
27.82,166.11,77.99,44.55,1.23,35.9,17.12,51.2,1,Watch
85.6,266.99,90.11,44.46,2.66,87.95,13.22,100.0,3,Critical
17.17,92.61,48.8,35.26,0.88,22.6,18.78,22.3,0,Safe
19.67,108.35,56.09,28.95,0.77,22.03,20.41,16.2,0,Safe
114.81,273.74,96.4,43.39,3.13,87.98,12.36,100.0,3,Critical
0.03,2.51,47.31,28.21,0.45,16.05,30.15,0.0,0,Safe
9.16,63.59,51.85,30.32,0.92,30.25,19.69,19.4,0,Safe
92.56,186.28,89.88,35.75,1.05,35.91,12.47,56.1,1,Watch
55.87,32.4,64.05,32.53,0.55,36.03,24.55,28.2,0,Safe
0.8,10.42,33.19,22.91,0.33,5.65,30.15,6.9,0,Safe
0.45,17.57,35.02,37.48,0.52,5.51,27.95,1.1,0,Safe
0.11,16.19,35.37,36.27,0.46,12.34,26.67,1.4,0,Safe
91.79,241.12,91.35,43.29,2.68,73.29,17.52,95.0,3,Critical
0.05,2.82,33.64,22.61,0.11,14.46,21.95,0.8,0,Safe
2.36,24.24,34.13,21.39,0.6,10.6,27.72,0.8,0,Safe
1.17,5.62,46.36,25.28,0.35,15.68,23.54,2.6,0,Safe
25.13,77.39,54.68,36.27,0.41,28.67,19.59,19.1,0,Safe
61.45,361.28,96.36,51.74,3.91,58.06,9.93,97.7,3,Critical
123.01,146.54,74.49,34.26,1.52,57.77,18.23,57.6,1,Watch
1.43,11.17,49.81,32.88,0.6,13.13,27.62,3.8,0,Safe
35.4,53.73,60.7,35.51,0.43,31.91,16.32,25.8,0,Safe
47.21,205.39,75.42,39.2,1.89,41.7,17.61,51.5,1,Watch
0.1,23.58,32.36,25.98,0.3,10.32,27.08,2.6,0,Safe
1.58,2.02,26.44,35.73,0.18,10.15,19.78,0.0,0,Safe
46.72,116.13,77.07,40.59,1.03,45.13,15.58,50.8,1,Watch
4.38,7.57,46.08,31.9,0.36,11.71,28.76,0.0,0,Safe
12.95,33.87,53.47,35.85,0.42,17.98,18.89,7.6,0,Safe
101.89,283.56,86.96,44.01,4.52,81.66,13.91,100.0,3,Critical
12.07,65.0,56.44,33.62,1.02,23.07,21.88,22.1,0,Safe
12.51,86.53,55.91,28.92,0.82,26.0,19.47,18.8,0,Safe
72.78,173.66,80.23,38.89,1.39,48.53,15.39,66.6,2,Warning
2.98,13.59,29.29,19.72,0.37,12.74,25.46,3.9,0,Safe
23.59,39.51,62.83,34.14,0.86,32.12,20.08,22.9,0,Safe
24.81,60.03,62.14,34.47,0.77,33.68,21.26,27.7,0,Safe
25.8,81.89,57.74,28.84,0.89,29.86,19.36,16.5,0,Safe
62.29,200.23,78.35,46.9,0.92,50.81,20.25,71.2,2,Warning
2.42,7.47,49.65,38.96,0.12,10.9,23.06,7.0,0,Safe
29.35,91.69,72.68,42.69,0.96,30.61,19.3,30.6,1,Watch
24.22,197.4,73.6,42.26,1.51,41.69,16.17,59.9,1,Watch
0.91,20.72,24.32,33.36,0.39,9.83,27.1,1.6,0,Safe
87.58,253.89,95.66,38.17,2.26,91.09,20.45,90.7,3,Critical
56.82,193.65,65.78,44.41,1.71,49.63,13.4,71.6,2,Warning
1.07,6.05,38.86,26.39,0.17,2.33,18.93,4.2,0,Safe
4.93,7.5,32.29,23.74,0.46,12.86,24.41,5.9,0,Safe
117.45,377.16,87.98,41.95,3.11,81.42,15.89,100.0,3,Critical
18.96,34.25,63.45,26.28,0.69,31.89,15.89,15.8,0,Safe
4.46,8.85,37.78,34.65,0.23,15.19,21.16,1.5,0,Safe
10.47,71.8,59.0,27.77,0.42,39.19,17.73,17.0,0,Safe
0.03,20.15,35.37,33.61,0.18,1.38,22.41,6.1,0,Safe
58.94,338.66,92.93,55.71,3.89,86.83,8.51,100.0,3,Critical
21.71,85.57,69.09,43.92,0.49,23.22,24.48,25.5,0,Safe
8.85,58.77,66.09,24.25,0.45,23.3,19.47,8.2,0,Safe
77.08,257.03,92.71,53.01,2.89,69.97,9.73,100.0,3,Critical
31.72,102.7,75.12,37.53,0.44,27.43,19.37,30.3,1,Watch
0.91,1.35,29.76,21.57,0.25,6.46,25.29,0.0,0,Safe
7.46,70.17,34.59,31.06,0.87,30.91,18.98,17.4,0,Safe
30.42,89.44,54.39,29.93,0.42,33.74,18.61,23.1,0,Safe
1.74,16.32,24.0,11.19,0.23,21.23,18.36,2.7,0,Safe
44.21,163.89,78.7,28.22,0.89,57.04,18.14,35.4,1,Watch
39.57,197.88,64.08,35.19,1.87,31.13,17.64,45.9,1,Watch
38.52,213.94,76.26,40.85,1.53,38.63,21.57,53.6,1,Watch
3.78,16.04,40.11,32.59,0.56,7.1,25.64,0.6,0,Safe
48.96,56.9,58.12,30.43,0.98,24.74,18.87,28.2,0,Safe
14.97,90.05,53.45,35.3,0.31,20.14,20.49,12.7,0,Safe
0.8,19.67,48.72,30.18,0.16,10.31,19.93,0.0,0,Safe
16.31,114.44,72.76,47.49,1.81,36.73,17.52,45.3,1,Watch
0.52,12.26,37.02,27.55,0.12,6.98,20.36,0.3,0,Safe
111.76,184.12,74.13,26.87,1.34,41.47,15.09,46.6,1,Watch
104.07,210.88,91.53,57.71,2.59,56.58,10.32,100.0,3,Critical
119.62,357.8,96.46,39.44,3.61,83.33,17.33,92.1,3,Critical
7.87,70.48,57.46,27.29,0.99,13.23,19.45,15.5,0,Safe
38.55,67.49,56.99,31.61,0.65,26.74,19.24,25.8,0,Safe
11.15,8.62,35.29,28.29,0.31,11.64,31.39,0.4,0,Safe
100.37,247.95,93.39,51.75,2.14,75.79,15.11,100.0,3,Critical
88.78,220.44,86.76,43.31,3.65,89.84,11.66,100.0,3,Critical
3.17,16.87,41.2,42.51,0.12,9.41,30.03,1.1,0,Safe
17.31,71.8,73.27,35.21,0.54,39.73,20.92,28.6,0,Safe
84.48,317.07,96.33,37.02,4.63,72.72,13.26,86.6,3,Critical
25.09,31.8,80.64,37.02,1.12,24.32,19.51,22.7,0,Safe
3.26,16.26,37.19,19.18,0.27,6.01,25.64,0.0,0,Safe
6.63,10.38,35.93,22.81,0.53,9.48,25.53,3.9,0,Safe
50.11,154.95,80.8,28.59,1.99,41.16,15.22,43.4,1,Watch
35.67,95.71,62.85,30.82,0.39,26.11,19.37,22.3,0,Safe
3.31,1.99,30.14,28.68,0.2,6.52,25.66,3.8,0,Safe
129.78,192.34,87.89,46.54,3.03,70.03,12.3,100.0,3,Critical
0.77,17.31,20.22,30.56,0.35,12.4,23.93,1.1,0,Safe
49.48,158.59,73.57,38.64,1.02,45.08,12.0,48.4,1,Watch
12.8,35.4,62.73,37.36,1.2,22.84,14.38,18.1,0,Safe
86.32,366.88,93.43,45.49,4.56,58.17,13.22,96.3,3,Critical
5.19,72.48,57.13,17.25,0.43,25.16,14.04,17.0,0,Safe
76.63,234.48,86.71,37.8,4.07,70.92,10.62,88.2,3,Critical
2.82,2.27,29.68,21.55,0.42,19.89,25.99,3.0,0,Safe
0.8,21.67,35.06,18.68,0.32,8.65,34.71,0.0,0,Safe
17.46,122.3,82.68,34.16,1.31,43.98,10.95,42.8,1,Watch
17.04,38.47,48.84,35.11,0.9,31.28,16.55,24.5,0,Safe
40.73,205.91,78.77,36.71,1.89,33.28,16.58,46.8,1,Watch
39.35,36.63,65.94,31.68,0.45,17.02,21.08,18.5,0,Safe
82.38,166.36,77.01,41.57,1.28,31.96,20.58,56.2,1,Watch
1.68,23.92,37.03,15.81,0.2,13.05,26.53,0.0,0,Safe
1.93,14.94,29.71,32.56,0.53,11.13,15.59,8.9,0,Safe
1.46,14.53,34.87,27.94,0.12,7.15,20.75,3.8,0,Safe
78.57,356.54,86.94,43.94,2.32,56.63,6.19,86.5,3,Critical
110.44,302.71,88.75,42.64,2.64,56.56,14.16,85.1,3,Critical
1.4,20.48,35.13,25.29,0.33,14.03,25.52,4.3,0,Safe
2.88,57.09,58.85,29.95,0.72,34.76,22.24,14.4,0,Safe
21.39,112.37,44.6,28.21,1.16,17.83,18.46,15.3,0,Safe
28.97,85.62,55.47,32.75,0.31,10.12,15.94,15.2,0,Safe
32.85,176.66,64.29,43.08,1.44,45.2,17.04,54.9,1,Watch
34.03,98.01,71.49,26.2,0.36,28.6,18.33,20.8,0,Safe
117.17,373.54,87.94,51.01,3.19,82.72,11.55,100.0,3,Critical
10.44,7.91,42.25,24.46,0.53,9.55,24.25,1.0,0,Safe
42.63,143.86,77.98,38.46,1.87,49.85,15.87,58.1,1,Watch
1.17,3.46,33.4,32.54,0.43,6.73,31.86,0.2,0,Safe
1.13,18.78,35.74,38.01,0.42,5.32,22.1,0.0,0,Safe
59.14,97.36,61.34,30.03,0.85,45.82,21.74,39.8,1,Watch
5.27,18.0,42.08,19.4,0.22,8.03,21.6,5.4,0,Safe
14.51,74.4,65.75,30.08,0.97,21.14,19.81,13.3,0,Safe
118.3,244.4,85.85,45.78,2.8,60.8,11.42,97.3,3,Critical
86.49,321.6,87.26,50.65,2.76,84.44,14.56,100.0,3,Critical
1.85,8.61,58.31,24.45,0.36,5.2,18.07,2.1,0,Safe
12.87,55.68,68.85,25.16,0.53,33.07,19.45,20.2,0,Safe
21.64,88.52,63.59,39.13,0.68,27.77,13.36,23.3,0,Safe
22.47,65.8,73.25,24.33,0.71,23.68,16.65,15.2,0,Safe
4.83,18.04,31.76,20.73,0.58,10.3,26.83,0.0,0,Safe
2.46,9.55,34.57,34.15,0.27,10.95,29.13,2.8,0,Safe
38.72,101.56,61.56,32.46,0.59,40.0,17.85,29.8,0,Safe
28.05,56.41,56.15,37.0,0.64,26.97,18.1,16.1,0,Safe
103.97,243.48,87.33,46.05,2.3,89.49,15.63,100.0,3,Critical
106.04,238.29,91.19,44.96,1.94,85.88,10.5,98.8,3,Critical
11.8,100.97,71.95,30.79,0.82,41.16,15.61,30.9,1,Watch
28.89,187.97,83.71,38.97,1.01,38.3,18.06,45.6,1,Watch
30.06,191.65,76.23,33.01,1.12,42.33,13.35,45.1,1,Watch
26.43,98.92,68.34,42.13,0.9,31.0,16.32,38.8,1,Watch
28.65,117.03,39.64,35.76,0.32,31.79,14.66,28.0,0,Safe
1.46,9.16,36.36,22.23,0.1,12.67,25.74,0.9,0,Safe
8.65,117.54,84.2,35.49,0.49,26.22,18.4,18.9,0,Safe
0.4,15.37,53.1,25.02,0.3,13.13,31.23,0.0,0,Safe
8.37,71.67,56.35,30.7,0.72,37.95,14.88,18.5,0,Safe
17.46,165.04,82.09,44.26,1.15,40.13,14.15,46.0,1,Watch
15.62,71.22,65.2,29.68,0.55,28.26,17.95,19.2,0,Safe
120.24,301.1,97.94,38.13,2.49,72.24,12.43,86.9,3,Critical
85.46,245.87,87.96,38.11,4.71,64.36,13.38,89.6,3,Critical
0.3,21.52,24.9,25.81,0.54,13.32,21.36,3.8,0,Safe
16.13,55.97,55.24,35.61,0.45,19.26,15.91,12.3,0,Safe
2.85,13.73,36.01,28.85,0.16,12.17,20.22,0.8,0,Safe
20.02,108.14,68.48,36.43,0.76,28.44,20.2,24.3,0,Safe
84.18,298.09,85.77,54.38,2.92,55.71,13.88,100.0,3,Critical
4.61,23.26,30.76,33.5,0.59,13.01,20.7,4.7,0,Safe
71.29,374.95,96.77,41.51,4.7,76.78,16.89,99.0,3,Critical
28.45,140.96,80.72,36.43,1.6,53.02,15.41,51.3,1,Watch
20.24,46.99,48.6,27.21,0.51,30.3,19.98,15.8,0,Safe
8.37,75.49,67.41,32.43,0.7,29.57,16.8,20.9,0,Safe
37.33,63.59,58.84,31.65,0.68,40.05,18.6,27.7,0,Safe
21.26,119.32,49.07,36.36,0.38,19.16,20.28,20.2,0,Safe
2.46,119.95,55.57,25.88,0.49,31.54,21.38,13.5,0,Safe
0.59,12.4,45.41,30.78,0.11,4.93,21.79,1.0,0,Safe
63.19,302.85,95.37,43.8,2.41,83.99,12.41,95.9,3,Critical
9.85,118.12,63.05,32.11,0.34,27.03,20.55,22.3,0,Safe
47.75,216.6,87.48,42.77,1.15,48.34,13.26,61.8,2,Warning
2.85,16.31,34.36,25.14,0.51,11.29,25.28,0.7,0,Safe
1.27,6.42,44.48,22.47,0.3,9.22,21.38,0.0,0,Safe
5.89,0.22,35.53,31.71,0.3,3.07,23.02,1.1,0,Safe
48.17,217.53,76.68,39.46,1.97,42.97,14.09,59.8,1,Watch
17.26,88.38,63.92,40.09,0.72,19.08,20.4,22.2,0,Safe
0.52,5.44,20.74,25.24,0.42,11.78,18.2,7.1,0,Safe
7.97,36.93,51.22,31.01,0.75,22.94,21.9,10.9,0,Safe
3.58,18.08,38.99,20.83,0.21,10.01,22.01,7.5,0,Safe
45.59,156.62,78.99,31.02,1.98,48.94,12.21,48.9,1,Watch
61.65,245.17,96.45,37.98,4.17,65.68,17.22,89.6,3,Critical
2.68,9.21,34.86,24.74,0.3,7.5,30.54,0.0,0,Safe
7.78,9.31,36.0,32.08,0.47,11.98,27.82,4.8,0,Safe
2.18,19.07,38.54,21.83,0.45,7.91,18.86,4.3,0,Safe
2.32,1.81,27.62,21.59,0.17,11.44,21.95,0.0,0,Safe
124.47,222.38,88.64,36.82,2.72,53.65,9.78,70.4,2,Warning
32.02,32.87,72.89,24.22,1.1,17.51,17.29,13.7,0,Safe
1.01,0.45,36.08,22.27,0.28,9.34,20.91,0.0,0,Safe
22.69,70.3,67.51,30.63,0.33,25.65,22.64,17.6,0,Safe
1.38,8.69,35.76,35.58,0.47,13.89,27.56,0.9,0,Safe
1.36,18.22,34.63,15.03,0.37,10.26,28.28,5.1,0,Safe
1.1,3.16,36.74,26.59,0.16,8.99,25.47,0.0,0,Safe
33.55,86.15,59.86,42.5,0.37,23.68,17.47,26.0,0,Safe
26.75,103.89,60.9,33.91,0.37,32.5,19.19,28.7,0,Safe
2.77,0.27,39.11,36.54,0.11,4.57,27.67,1.0,0,Safe
6.7,98.96,69.74,33.53,0.67,30.59,19.44,17.7,0,Safe
1.11,8.61,38.45,33.92,0.55,15.31,22.25,0.0,0,Safe
3.06,3.15,45.02,35.19,0.29,16.14,26.12,0.3,0,Safe
3.14,18.86,26.3,25.01,0.34,5.73,18.74,2.5,0,Safe
11.7,119.44,77.22,37.3,0.73,24.05,22.66,24.7,0,Safe
1.01,6.13,32.62,28.84,0.18,5.23,19.29,0.2,0,Safe
37.13,208.48,82.03,38.05,1.1,55.6,19.06,60.3,2,Warning
4.59,78.09,51.72,27.87,0.93,1.92,15.78,9.1,0,Safe
0.12,13.63,32.05,23.88,0.28,19.85,23.91,6.2,0,Safe
91.46,265.15,92.73,49.28,3.31,54.96,12.48,100.0,3,Critical
70.88,148.39,74.49,37.7,0.83,45.9,17.41,50.0,1,Watch
61.46,181.66,85.34,31.67,0.99,45.86,15.92,49.8,1,Watch
5.07,1.76,35.76,23.46,0.12,10.45,20.45,1.2,0,Safe
13.79,83.45,44.31,22.98,0.61,23.04,15.76,10.5,0,Safe
3.48,10.09,47.05,33.52,0.28,7.85,22.86,0.0,0,Safe
2.42,20.92,35.08,39.64,0.21,11.99,27.58,4.3,0,Safe
0.9,3.36,34.11,33.21,0.34,15.91,17.27,0.0,0,Safe
0.55,4.3,33.15,28.24,0.14,8.41,23.47,0.0,0,Safe
1.7,5.57,25.75,37.87,0.19,6.2,18.67,6.1,0,Safe
7.15,2.27,35.55,29.58,0.45,11.17,21.59,0.0,0,Safe
22.67,78.38,64.12,21.85,0.96,21.42,24.57,12.5,0,Safe
61.71,204.39,69.65,30.35,0.82,52.77,19.14,52.8,1,Watch
1.02,12.66,33.81,19.4,0.59,9.29,23.05,0.3,0,Safe
26.65,40.56,68.6,25.34,0.86,27.03,15.66,10.4,0,Safe
1.37,0.63,40.32,40.53,0.35,13.89,27.38,3.5,0,Safe
33.22,90.28,66.01,32.71,1.01,37.84,24.47,30.1,1,Watch
0.71,3.02,32.02,19.61,0.26,11.65,19.74,0.0,0,Safe
88.53,226.59,86.85,54.05,2.93,53.67,10.36,100.0,3,Critical
0.49,0.23,33.77,37.54,0.29,10.18,21.37,0.0,0,Safe
30.52,80.19,72.14,40.73,0.86,29.18,24.46,30.7,1,Watch
6.08,0.55,45.29,32.93,0.36,4.53,27.62,2.9,0,Safe
3.9,1.23,37.47,23.57,0.51,18.83,26.11,4.6,0,Safe
5.38,17.36,30.83,37.83,0.12,12.16,23.36,4.0,0,Safe
8.51,55.03,57.05,38.48,0.77,39.57,21.88,22.7,0,Safe
13.32,82.29,62.46,26.29,1.13,35.0,21.03,22.7,0,Safe
0.88,16.18,37.79,28.88,0.57,7.1,23.96,7.1,0,Safe
103.71,202.56,92.63,50.03,3.79,57.11,12.15,100.0,3,Critical
102.75,289.39,93.61,42.92,3.2,57.5,18.34,90.3,3,Critical
44.45,181.64,78.14,36.06,1.87,34.77,17.07,46.8,1,Watch
0.35,14.3,30.83,31.64,0.45,11.25,16.28,0.0,0,Safe
68.77,133.21,95.73,35.32,1.62,55.27,11.11,64.7,2,Warning
10.54,98.59,66.78,36.09,0.62,30.8,26.81,24.1,0,Safe
61.05,203.4,81.94,32.81,1.64,50.91,18.24,59.2,1,Watch
55.25,317.83,90.44,47.04,3.95,69.76,12.81,99.7,3,Critical
44.65,125.31,87.13,31.64,1.3,35.29,15.67,35.8,1,Watch
17.62,176.39,78.23,39.57,1.84,46.47,14.93,50.6,1,Watch
5.12,6.02,33.32,23.7,0.37,10.08,20.34,0.6,0,Safe
15.93,52.93,54.44,24.3,0.85,28.5,19.38,12.4,0,Safe
39.38,121.95,77.57,42.29,1.42,33.52,20.08,44.9,1,Watch
117.41,270.83,87.83,41.33,3.97,89.17,11.63,98.1,3,Critical
1.25,23.67,28.5,26.89,0.29,8.65,21.23,7.0,0,Safe
1.08,4.8,30.33,24.39,0.58,17.42,19.72,4.0,0,Safe
90.48,276.45,90.51,37.16,4.64,86.0,15.75,92.3,3,Critical
1.68,4.84,41.93,29.21,0.4,5.52,29.27,0.6,0,Safe
1.18,2.13,32.83,41.86,0.5,5.69,18.11,0.0,0,Safe
110.39,145.87,78.19,40.89,1.31,56.44,18.44,63.1,2,Warning
8.15,59.03,53.86,29.77,0.8,24.34,18.36,19.6,0,Safe
0.33,19.75,30.08,27.71,0.51,15.09,23.36,5.6,0,Safe
0.64,15.95,29.09,38.39,0.26,9.09,25.34,2.6,0,Safe
32.48,48.85,68.06,33.6,0.59,23.61,18.96,18.8,0,Safe
5.71,1.35,26.85,40.63,0.38,8.27,21.33,5.2,0,Safe
0.43,9.72,38.44,20.05,0.43,12.0,19.33,4.8,0,Safe
64.37,322.21,89.36,55.29,1.9,71.33,16.28,100.0,3,Critical
35.39,117.31,81.3,35.38,1.74,43.29,17.78,46.2,1,Watch
4.32,13.43,35.89,26.07,0.38,9.79,27.87,2.2,0,Safe
10.49,72.29,79.25,35.82,0.97,31.15,22.15,20.6,0,Safe
15.66,78.16,66.88,36.23,1.14,27.68,14.7,23.7,0,Safe
26.36,198.29,84.91,23.75,1.8,44.63,10.02,39.4,1,Watch
2.82,6.56,41.81,29.94,0.31,17.26,23.81,0.9,0,Safe
42.33,207.24,79.62,44.09,1.12,36.36,14.72,52.9,1,Watch
3.13,0.13,16.81,32.73,0.55,19.6,22.07,1.6,0,Safe
11.68,58.18,72.11,26.37,0.65,39.49,16.38,12.8,0,Safe
10.69,82.45,64.0,34.25,0.99,39.1,24.38,23.0,0,Safe
27.69,144.58,77.01,27.54,1.78,48.65,17.04,39.0,1,Watch
61.62,186.17,84.67,46.07,1.73,47.3,15.4,72.2,2,Warning
43.82,90.54,66.08,42.86,0.53,33.34,18.74,36.8,1,Watch
84.33,244.59,96.79,51.57,4.43,63.17,11.4,100.0,3,Critical
24.59,53.45,60.86,35.1,0.8,25.14,14.09,22.0,0,Safe
75.44,237.7,93.67,41.1,4.45,62.91,15.18,94.4,3,Critical
5.61,24.98,32.51,38.01,0.55,9.73,24.07,3.1,0,Safe
23.89,112.53,66.1,28.85,0.81,24.45,15.35,19.0,0,Safe
3.08,17.71,36.47,34.59,0.49,0.0,26.02,0.4,0,Safe
1.5,10.13,34.5,24.27,0.19,4.85,31.98,0.9,0,Safe
90.61,180.52,79.35,47.9,1.21,48.05,16.1,79.0,2,Warning
33.46,114.11,82.99,51.03,0.88,44.72,16.22,57.0,1,Watch
78.72,305.65,90.94,38.61,2.72,61.8,16.15,82.8,3,Critical
56.5,177.91,88.22,36.59,1.72,50.17,10.63,63.3,2,Warning
61.89,283.59,98.89,38.39,3.5,80.02,16.87,89.6,3,Critical
17.88,96.92,79.83,28.4,1.04,24.35,18.71,20.4,0,Safe
0.54,21.47,43.3,25.89,0.23,7.22,26.1,0.0,0,Safe
28.93,154.56,73.52,41.5,1.76,40.98,12.72,48.9,1,Watch
83.54,350.59,94.41,53.64,2.45,55.35,16.36,100.0,3,Critical
18.29,91.48,82.1,38.61,0.73,34.66,19.17,31.8,1,Watch
28.81,50.83,54.57,22.2,0.56,26.15,17.09,15.4,0,Safe
51.7,215.44,85.67,44.52,1.55,30.0,19.2,55.8,1,Watch
22.87,81.69,66.88,27.87,0.32,40.61,18.81,21.2,0,Safe
55.69,179.48,79.69,30.43,1.84,33.83,19.67,40.0,1,Watch
85.49,215.09,73.17,50.14,1.81,26.71,16.34,67.7,2,Warning
49.86,214.49,77.86,42.8,1.28,57.03,14.65,66.0,2,Warning
92.53,208.37,82.0,38.84,0.92,49.71,16.64,70.6,2,Warning
61.67,212.91,94.46,36.47,1.86,55.36,15.9,71.6,2,Warning
26.08,54.06,70.71,36.66,0.68,23.08,19.5,22.4,0,Safe
53.91,44.05,75.38,34.11,0.31,30.9,15.93,25.2,0,Safe
4.87,80.14,68.31,26.54,0.7,33.43,20.48,11.8,0,Safe
84.48,170.3,71.5,35.45,0.88,36.12,15.65,47.5,1,Watch
58.73,115.68,80.41,30.3,0.78,28.14,16.77,34.2,1,Watch
49.01,163.61,69.48,40.14,1.58,52.17,21.11,58.8,1,Watch
2.69,6.43,37.75,22.08,0.12,13.53,26.83,0.7,0,Safe
80.94,350.68,89.07,49.19,2.68,73.11,11.27,100.0,3,Critical
1.88,2.61,28.83,43.14,0.16,11.62,20.12,2.1,0,Safe
48.43,168.37,72.84,45.3,1.48,46.03,18.67,60.7,2,Warning
49.2,46.68,59.19,34.28,1.12,40.56,18.82,34.3,1,Watch
31.8,199.29,80.72,42.22,1.94,43.46,16.62,57.2,1,Watch
25.32,70.27,67.96,35.45,1.12,15.1,18.12,15.6,0,Safe
76.39,312.64,98.82,40.42,3.77,87.25,13.62,100.0,3,Critical
24.51,72.43,45.78,33.14,0.87,29.26,21.31,20.6,0,Safe
5.54,118.87,58.92,22.47,0.78,20.25,17.63,8.5,0,Safe
81.82,217.97,80.11,34.78,1.46,35.76,12.33,54.6,1,Watch
13.22,35.52,66.95,36.03,1.06,24.12,15.92,18.3,0,Safe
45.69,159.22,76.84,30.97,1.81,51.11,15.04,53.2,1,Watch
14.96,119.44,57.53,31.0,0.91,33.97,18.43,26.8,0,Safe
17.4,82.67,51.67,43.97,1.0,26.41,13.54,19.4,0,Safe
0.56,5.35,30.14,33.43,0.37,14.97,28.93,0.0,0,Safe
7.16,0.45,38.26,25.85,0.45,11.48,23.77,0.0,0,Safe
2.21,24.95,28.27,23.79,0.31,11.42,23.81,4.5,0,Safe
40.82,47.32,51.38,27.31,0.69,25.09,14.35,14.7,0,Safe
18.37,72.45,51.67,33.7,0.53,19.4,16.42,11.2,0,Safe
61.51,361.17,93.67,45.29,3.89,89.84,17.89,100.0,3,Critical
1.25,24.5,54.0,26.27,0.14,9.18,25.59,4.5,0,Safe
21.22,47.31,58.02,35.28,1.14,33.64,15.97,25.9,0,Safe
4.93,56.03,68.94,26.97,0.32,26.1,19.97,13.1,0,Safe
6.39,13.17,42.96,12.02,0.47,12.77,19.24,0.0,0,Safe
15.67,165.84,77.2,32.15,1.33,52.81,14.3,42.0,1,Watch
71.5,308.37,85.65,51.23,3.0,74.08,17.7,100.0,3,Critical
60.91,167.41,74.03,32.72,1.04,42.08,14.62,43.3,1,Watch
5.47,19.17,48.7,34.3,0.23,7.37,21.21,1.4,0,Safe
55.12,43.76,56.82,36.16,1.12,29.76,16.67,27.3,0,Safe
90.4,363.52,85.74,46.33,4.09,85.67,9.86,100.0,3,Critical
26.15,63.51,54.63,35.26,0.8,30.09,19.26,25.3,0,Safe
6.89,114.45,48.48,39.56,0.73,31.07,19.29,22.5,0,Safe
0.51,23.58,32.96,30.96,0.56,2.48,19.61,5.2,0,Safe
21.26,64.86,56.72,31.7,1.03,40.35,21.07,29.2,0,Safe
86.3,129.8,78.23,41.61,1.08,19.5,19.73,52.7,1,Watch
29.51,73.51,64.41,25.01,0.78,33.9,17.41,23.6,0,Safe
74.21,276.85,93.82,57.62,2.18,88.38,10.02,100.0,3,Critical
7.1,6.84,37.88,23.33,0.19,8.49,19.21,0.0,0,Safe
1.41,13.81,27.85,22.2,0.48,10.09,33.75,0.0,0,Safe
1.07,20.99,33.67,30.24,0.24,8.61,24.71,5.1,0,Safe
14.55,42.58,53.58,25.75,1.1,25.87,19.99,14.2,0,Safe
43.28,133.91,77.94,37.19,1.59,31.81,15.29,41.3,1,Watch
51.38,315.63,86.56,37.39,4.76,66.31,14.89,84.2,3,Critical
12.45,32.36,48.78,14.79,0.77,33.41,15.42,14.8,0,Safe
54.42,79.22,62.97,17.15,0.48,36.33,17.39,24.3,0,Safe
0.78,0.26,36.44,32.15,0.39,7.29,20.26,3.6,0,Safe
18.54,54.51,59.82,48.3,0.75,31.47,24.81,31.8,1,Watch
15.23,50.27,54.36,19.1,0.5,22.9,20.17,12.9,0,Safe
4.33,18.65,47.9,26.62,0.44,7.56,22.19,3.5,0,Safe
1.37,21.44,19.6,41.0,0.48,24.77,27.11,5.1,0,Safe
2.22,21.33,39.68,34.03,0.46,5.1,22.46,0.5,0,Safe
86.07,154.06,77.32,43.21,1.02,42.96,15.38,64.1,2,Warning
45.93,107.51,55.37,36.67,0.95,24.77,15.15,35.3,1,Watch
9.83,21.15,42.49,24.89,0.4,14.26,28.47,4.1,0,Safe
17.59,78.92,48.85,44.69,0.88,27.02,22.12,20.7,0,Safe
26.94,78.04,62.2,34.48,0.59,28.38,19.99,25.9,0,Safe
28.95,34.74,71.39,40.24,0.37,16.93,25.47,17.3,0,Safe
8.2,62.81,70.48,38.72,0.74,26.91,19.49,21.5,0,Safe
42.62,196.05,74.17,37.34,1.78,49.27,16.68,55.3,1,Watch
18.21,187.96,76.5,34.76,1.56,58.75,13.73,50.9,1,Watch
22.78,56.26,31.33,35.75,1.03,26.03,22.85,13.6,0,Safe
27.2,151.55,81.49,28.76,1.62,49.05,17.75,43.3,1,Watch
1.06,10.67,37.8,28.52,0.41,15.97,28.07,4.7,0,Safe
32.2,95.77,65.51,31.47,1.05,27.77,23.87,23.3,0,Safe
3.32,11.32,47.43,40.23,0.24,11.47,26.76,4.1,0,Safe
2.72,19.81,41.29,31.37,0.15,3.38,29.91,0.0,0,Safe
9.99,93.18,64.8,22.46,0.9,26.43,18.9,8.8,0,Safe
79.14,224.28,86.87,43.72,2.74,85.74,8.39,100.0,3,Critical
33.21,190.95,76.72,37.93,1.51,38.75,13.68,53.4,1,Watch
11.3,94.74,52.06,27.34,0.76,36.72,21.42,17.6,0,Safe
3.73,15.65,32.32,30.77,0.17,11.28,37.12,0.1,0,Safe
24.72,37.89,68.5,36.8,0.59,23.32,14.86,19.2,0,Safe
2.98,13.25,32.17,19.75,0.3,2.85,24.3,0.0,0,Safe
103.45,126.38,67.57,45.51,1.58,44.69,17.91,68.8,2,Warning
0.72,4.0,27.31,25.65,0.51,8.21,26.75,4.7,0,Safe
39.34,31.99,55.88,20.03,1.18,21.53,17.49,11.9,0,Safe
2.87,24.57,23.96,36.88,0.58,9.12,20.19,1.2,0,Safe
7.56,2.19,26.31,29.36,0.51,1.95,23.74,0.0,0,Safe
23.97,33.42,58.67,35.71,0.63,26.58,19.01,15.9,0,Safe
1.17,16.21,29.99,26.26,0.36,15.66,25.2,0.0,0,Safe
110.34,356.15,92.08,46.59,2.99,90.47,16.2,100.0,3,Critical
15.27,103.75,74.85,38.41,0.98,29.93,17.71,29.3,0,Safe
0.88,23.06,32.17,30.82,0.23,10.44,20.63,0.0,0,Safe
56.06,192.08,75.96,31.2,1.85,44.28,17.13,48.3,1,Watch
0.17,2.39,19.97,22.53,0.46,12.43,28.5,0.4,0,Safe
42.05,216.24,71.13,48.26,1.53,52.05,15.81,73.0,2,Warning
2.8,0.53,25.96,22.97,0.1,10.02,26.81,0.0,0,Safe
48.31,203.66,73.11,44.72,1.95,45.65,12.31,63.2,2,Warning
35.08,151.04,70.31,34.91,1.18,40.06,10.85,42.3,1,Watch
64.06,215.79,86.19,40.83,1.52,44.32,10.26,65.6,2,Warning
0.08,23.23,27.04,25.0,0.21,15.13,26.64,0.0,0,Safe
16.49,80.82,64.09,35.71,0.72,18.33,19.94,22.0,0,Safe
2.31,7.59,40.66,41.79,0.53,9.7,29.66,1.2,0,Safe
10.54,34.33,61.69,25.74,0.37,22.16,17.01,8.2,0,Safe
4.5,20.83,51.79,29.19,0.53,7.62,21.54,4.2,0,Safe
1.31,18.09,40.63,27.38,0.54,9.93,22.02,5.0,0,Safe
12.34,9.89,33.5,30.58,0.25,7.73,24.01,2.6,0,Safe
84.49,43.91,79.24,22.27,0.78,30.7,20.42,22.6,0,Safe
36.44,63.24,63.62,36.61,0.81,33.54,15.94,25.4,0,Safe
45.94,77.04,58.32,39.53,0.95,17.56,19.95,20.3,0,Safe
0.06,11.41,45.3,24.36,0.36,14.49,17.89,1.2,0,Safe
1.65,20.13,33.05,20.65,0.58,6.96,23.7,0.8,0,Safe
0.64,21.32,38.71,36.31,0.16,9.76,26.18,0.6,0,Safe
2.18,19.33,28.82,36.87,0.32,13.16,27.01,0.8,0,Safe
33.51,54.04,61.45,33.51,0.48,31.14,21.17,23.9,0,Safe
18.79,114.58,71.16,31.61,1.19,36.03,17.44,29.2,0,Safe
16.49,112.67,71.44,37.98,0.87,36.86,15.72,33.7,1,Watch
0.96,18.65,36.63,12.46,0.33,13.51,27.24,2.1,0,Safe
4.65,57.79,62.29,21.48,0.67,22.46,16.51,8.8,0,Safe
43.59,116.59,68.27,27.07,0.54,32.06,19.53,25.3,0,Safe
6.16,1.68,22.43,42.22,0.25,7.64,20.8,4.0,0,Safe
108.48,300.41,91.04,50.68,2.38,55.58,19.99,91.9,3,Critical
21.14,99.01,48.47,30.59,0.32,25.32,20.74,18.6,0,Safe
57.85,106.65,83.73,45.13,0.83,38.59,13.58,52.9,1,Watch
5.52,111.54,62.53,37.35,1.13,29.32,19.32,20.0,0,Safe
1.28,10.34,31.76,24.01,0.3,14.18,28.73,0.0,0,Safe
0.71,9.74,40.36,32.44,0.43,13.75,23.79,1.9,0,Safe
5.25,89.54,45.49,37.43,0.77,37.71,15.35,22.0,0,Safe
0.95,12.45,46.51,39.88,0.59,4.68,26.78,1.4,0,Safe
47.04,124.01,72.36,47.48,1.83,34.64,11.33,53.7,1,Watch
21.84,59.02,59.58,24.1,0.37,31.68,16.77,12.4,0,Safe
47.8,137.8,73.64,33.74,1.09,33.44,17.86,32.8,1,Watch
0.98,3.84,27.6,36.36,0.13,8.45,20.17,0.0,0,Safe
26.89,81.79,52.79,34.56,0.46,30.58,18.54,23.0,0,Safe
1.44,22.74,42.49,20.5,0.22,4.26,19.35,0.2,0,Safe
4.23,17.45,17.6,17.08,0.52,14.93,28.02,0.0,0,Safe
2.34,4.82,42.11,40.89,0.43,10.36,27.15,5.2,0,Safe
2.25,8.08,29.78,26.08,0.17,10.43,21.98,0.0,0,Safe
51.08,260.98,89.02,49.82,2.39,61.1,14.41,87.3,3,Critical
0.42,9.82,44.06,21.35,0.21,8.12,20.97,3.3,0,Safe
45.86,46.3,59.78,26.45,0.42,36.45,19.87,21.7,0,Safe
6.0,4.02,25.32,33.56,0.16,9.46,20.92,0.0,0,Safe
1.86,13.67,34.25,21.84,0.3,8.55,20.18,0.5,0,Safe
31.56,112.49,73.88,50.46,1.07,31.41,14.38,39.4,1,Watch
22.26,134.76,75.78,32.72,0.98,54.09,14.37,41.3,1,Watch
3.58,22.2,27.2,28.56,0.51,5.6,23.23,0.0,0,Safe
1.15,23.4,29.45,33.13,0.28,5.03,23.76,0.7,0,Safe
4.76,96.57,52.78,43.96,0.44,23.37,20.56,14.8,0,Safe
2.95,9.92,26.05,35.68,0.14,14.08,23.02,0.0,0,Safe
15.08,66.72,63.44,29.82,0.77,22.29,22.17,18.6,0,Safe
23.75,173.8,72.58,42.47,1.31,34.07,15.75,51.0,1,Watch
3.19,2.76,25.88,31.42,0.24,4.71,24.17,3.0,0,Safe
23.86,87.49,61.0,45.69,0.77,39.03,18.65,36.2,1,Watch
13.64,4.89,51.69,28.6,0.51,12.88,25.22,5.6,0,Safe
13.19,54.46,64.76,36.48,0.41,29.01,17.59,18.4,0,Safe
30.33,205.73,78.24,39.04,1.89,44.26,17.67,58.6,1,Watch
16.04,79.9,56.17,31.21,0.67,25.99,21.81,16.2,0,Safe
4.03,5.94,60.12,25.51,0.57,5.77,21.51,0.0,0,Safe
0.32,6.12,38.19,32.14,0.6,9.29,18.5,0.5,0,Safe
129.62,314.54,92.5,45.46,2.33,85.73,11.87,100.0,3,Critical
6.96,48.85,63.58,30.27,1.14,19.56,18.66,15.0,0,Safe
30.32,152.55,79.05,29.67,0.8,49.45,15.31,35.0,1,Watch
19.35,88.47,55.02,36.17,1.11,19.73,18.53,19.1,0,Safe
7.68,53.59,57.3,24.43,0.49,26.06,15.58,9.3,0,Safe
18.32,117.07,63.77,36.55,0.97,14.1,18.32,18.0,0,Safe
86.27,205.24,77.05,44.27,1.38,47.04,11.62,70.8,2,Warning
51.35,136.05,74.38,42.44,1.01,44.42,20.01,52.9,1,Watch
101.43,251.28,97.73,45.59,4.67,86.45,18.63,100.0,3,Critical
119.74,342.33,96.65,41.59,3.55,66.63,15.93,92.9,3,Critical
53.75,177.96,88.76,33.6,0.95,46.51,14.29,51.0,1,Watch
1.08,3.47,28.4,20.03,0.39,1.39,23.88,4.1,0,Safe
0.26,5.39,40.42,31.8,0.2,14.15,20.31,3.5,0,Safe
54.43,202.96,85.98,42.27,1.6,28.83,12.16,58.0,1,Watch
1.16,0.81,28.77,23.77,0.45,9.71,26.86,0.0,0,Safe
44.56,99.53,63.58,30.81,1.0,28.81,20.12,25.7,0,Safe
86.18,202.2,93.18,37.74,2.35,83.08,14.11,89.0,3,Critical
16.64,110.04,54.44,32.82,0.93,20.95,18.89,15.6,0,Safe
14.24,23.15,25.46,23.14,0.15,12.28,19.88,6.3,0,Safe
28.73,119.1,63.07,22.79,0.69,26.16,22.8,19.1,0,Safe
34.15,62.41,56.2,37.37,0.77,30.93,17.2,22.9,0,Safe
68.38,176.37,81.3,29.32,1.45,44.2,19.1,46.7,1,Watch
30.49,30.47,66.68,45.92,1.06,16.45,21.89,24.4,0,Safe
100.75,226.73,87.5,47.96,3.5,79.86,11.5,100.0,3,Critical
71.56,264.35,98.19,51.95,4.13,63.88,10.31,100.0,3,Critical
105.75,338.34,98.61,44.64,3.3,68.3,15.19,100.0,3,Critical
53.8,108.01,61.54,30.36,1.0,31.54,23.42,35.2,1,Watch
82.16,284.53,91.78,39.54,3.81,88.41,13.97,97.9,3,Critical
0.39,18.04,25.41,23.03,0.34,5.07,31.13,0.3,0,Safe
49.27,43.21,62.59,25.12,0.7,28.64,22.34,24.6,0,Safe
2.61,12.01,27.44,29.06,0.48,10.97,26.98,1.0,0,Safe
2.53,21.61,34.36,28.06,0.21,0.0,18.16,0.7,0,Safe
18.85,150.3,77.92,34.03,1.79,63.11,17.82,52.3,1,Watch
29.8,74.93,60.61,34.21,0.43,34.75,14.96,25.4,0,Safe
19.1,82.73,75.98,29.5,1.06,20.76,21.13,18.4,0,Safe
6.53,6.77,34.33,38.26,0.51,4.19,26.69,3.8,0,Safe
102.27,359.92,98.39,36.09,2.14,65.63,10.84,77.4,2,Warning
41.35,76.05,56.82,23.46,0.72,25.05,17.55,15.9,0,Safe
6.63,17.35,25.45,24.08,0.17,13.91,17.86,0.5,0,Safe
13.95,11.35,40.39,17.37,0.47,15.0,15.53,0.0,0,Safe
110.42,362.71,96.49,48.35,2.04,55.07,18.17,87.1,3,Critical
12.53,84.15,64.03,40.24,1.15,30.04,21.49,28.5,0,Safe
92.33,350.09,86.72,43.5,4.13,83.04,15.81,100.0,3,Critical
0.28,19.21,42.37,34.12,0.39,7.83,28.25,4.8,0,Safe
11.67,110.65,57.97,41.54,0.5,34.29,14.3,32.4,1,Watch
8.25,8.6,34.41,23.03,0.24,12.6,28.57,1.4,0,Safe
0.93,3.99,34.1,41.31,0.58,12.95,21.46,2.9,0,Safe
36.42,93.3,53.12,38.05,0.84,36.52,21.16,35.7,1,Watch
20.43,109.89,61.13,39.66,1.19,18.31,16.13,23.0,0,Safe
6.72,24.04,41.39,31.24,0.54,11.07,27.31,8.7,0,Safe
21.78,71.57,67.23,23.33,0.97,27.03,13.8,18.8,0,Safe
0.12,5.68,38.21,39.61,0.32,13.01,20.07,2.0,0,Safe
39.71,128.63,81.37,29.94,1.89,41.33,20.43,39.0,1,Watch
27.23,62.27,55.25,34.26,0.48,24.21,18.33,19.0,0,Safe
55.03,112.12,78.26,35.63,1.56,34.72,16.53,39.0,1,Watch
80.32,116.35,70.2,36.08,1.78,35.39,17.85,50.6,1,Watch
8.65,179.19,81.25,38.3,1.25,46.88,19.04,47.3,1,Watch
35.32,149.09,78.79,23.04,1.76,41.31,11.94,32.5,1,Watch
90.96,334.96,94.25,41.63,3.82,84.96,13.13,100.0,3,Critical
0.2,20.08,34.19,19.95,0.54,9.31,20.97,8.3,0,Safe
116.08,250.16,94.09,50.86,4.7,61.93,14.38,100.0,3,Critical
1.02,16.03,15.89,23.42,0.33,13.39,21.9,0.0,0,Safe
18.92,32.74,73.69,37.69,1.12,36.67,21.67,26.1,0,Safe
3.95,11.25,47.46,25.69,0.21,13.55,23.15,4.7,0,Safe
57.98,300.54,86.22,55.21,2.34,88.47,8.77,100.0,3,Critical
23.8,32.06,48.95,34.05,1.0,36.01,18.2,26.1,0,Safe
1.5,12.53,40.03,29.59,0.27,9.57,25.82,0.0,0,Safe
0.72,0.76,35.03,24.72,0.25,5.75,22.69,0.0,0,Safe
38.33,167.0,72.5,23.06,1.77,56.84,14.76,39.3,1,Watch
129.62,247.97,88.21,37.74,4.17,71.54,14.93,90.8,3,Critical
0.23,18.81,39.18,25.58,0.4,11.65,24.61,0.0,0,Safe
14.44,99.29,52.94,27.23,0.89,27.73,18.85,19.9,0,Safe
0.61,21.47,38.53,24.36,0.13,4.87,18.7,0.8,0,Safe
29.28,30.99,63.32,32.09,0.66,32.97,11.69,22.0,0,Safe
71.97,200.88,77.85,45.19,1.78,57.28,18.85,77.5,2,Warning
2.56,7.54,36.0,26.16,0.11,5.39,23.54,0.9,0,Safe
2.62,11.73,22.06,26.41,0.22,7.89,25.67,4.7,0,Safe
30.48,60.79,53.33,35.05,0.99,18.27,16.29,17.7,0,Safe
42.52,64.42,52.99,35.8,0.77,29.19,16.24,22.4,0,Safe
3.91,9.87,29.53,25.14,0.18,16.32,24.92,1.2,0,Safe
2.38,10.21,45.75,28.99,0.22,12.25,24.51,3.7,0,Safe
1.41,23.98,35.57,13.69,0.36,3.98,21.78,4.0,0,Safe
1.62,23.08,13.34,20.57,0.42,9.68,23.6,2.2,0,Safe
1.95,4.81,51.84,31.97,0.26,10.71,25.34,0.9,0,Safe
30.22,52.05,64.62,36.95,0.56,19.9,18.59,23.0,0,Safe
14.55,95.08,62.64,48.37,0.53,28.62,22.74,22.0,0,Safe
0.29,12.84,33.82,27.92,0.36,10.08,23.83,0.0,0,Safe
5.29,9.31,38.48,24.65,0.19,11.72,30.17,2.0,0,Safe
18.37,54.74,69.65,33.48,0.55,32.64,22.06,19.6,0,Safe
18.4,77.03,44.33,29.21,0.37,28.28,15.31,15.4,0,Safe
25.02,191.79,83.97,42.44,0.81,53.87,7.98,58.1,1,Watch
12.24,11.4,40.65,33.09,0.11,14.04,24.64,0.0,0,Safe
2.35,73.2,64.63,42.24,0.49,30.26,22.34,18.0,0,Safe
18.99,67.25,62.02,32.22,0.62,29.74,12.71,19.3,0,Safe
17.67,62.28,50.5,39.1,1.1,29.24,19.32,24.6,0,Safe
20.21,143.87,89.64,40.68,1.04,40.63,19.62,43.8,1,Watch
0.22,13.28,26.43,42.71,0.19,2.9,18.98,1.3,0,Safe
0.21,0.18,25.06,28.22,0.28,1.54,27.1,0.0,0,Safe
47.24,177.59,92.79,38.1,1.06,32.12,12.97,51.8,1,Watch
79.56,177.52,72.09,41.63,1.7,50.8,21.06,71.3,2,Warning
1.11,4.89,37.05,30.8,0.6,8.28,26.78,0.2,0,Safe
0.27,11.64,34.46,10.0,0.37,14.03,21.99,4.4,0,Safe
19.41,59.88,59.82,30.44,0.75,26.9,16.17,22.7,0,Safe
63.53,161.51,79.42,28.41,1.4,49.57,17.62,45.4,1,Watch
91.44,173.12,70.22,38.81,0.99,37.18,15.02,48.2,1,Watch
5.24,6.2,42.25,28.12,0.41,16.94,19.98,0.4,0,Safe
1.59,3.47,37.99,36.13,0.36,7.28,23.99,3.3,0,Safe
11.14,111.09,61.48,26.43,0.79,24.19,18.02,17.7,0,Safe
4.71,20.0,41.27,42.5,0.46,11.01,24.56,0.0,0,Safe
16.87,84.62,69.89,27.67,0.85,22.0,19.69,17.6,0,Safe
18.43,36.01,64.69,26.31,1.08,25.45,14.89,15.2,0,Safe
71.6,149.81,71.72,36.78,1.78,48.87,10.78,58.8,1,Watch
76.65,248.36,98.4,47.29,3.8,53.06,17.82,88.7,3,Critical
2.67,11.39,24.07,22.75,0.54,5.19,16.7,3.7,0,Safe
1.99,11.86,54.88,34.29,0.51,9.4,22.57,9.5,0,Safe
44.6,73.78,48.14,27.88,1.1,40.95,20.18,28.1,0,Safe
3.73,2.67,35.04,27.84,0.47,6.83,26.06,3.7,0,Safe
2.09,7.91,31.18,27.15,0.38,10.72,27.32,0.2,0,Safe
124.29,261.16,87.96,42.24,3.73,60.06,10.54,90.4,3,Critical
0.79,16.84,16.85,20.78,0.56,10.68,25.93,4.5,0,Safe
3.22,2.94,46.64,31.32,0.11,17.18,21.91,1.0,0,Safe
39.11,189.13,75.3,34.63,1.79,41.57,19.55,45.6,1,Watch
0.59,4.67,45.4,30.87,0.34,6.06,26.19,3.4,0,Safe
11.56,40.36,58.73,40.28,1.05,24.8,18.17,17.4,0,Safe
66.29,134.61,67.11,38.28,1.14,31.92,18.63,45.7,1,Watch
30.37,171.95,84.0,30.7,1.39,47.79,21.9,45.5,1,Watch
53.63,123.56,89.86,38.08,1.72,51.28,12.31,55.6,1,Watch
12.53,114.93,73.01,26.85,0.46,32.46,17.89,17.1,0,Safe
0.2,16.19,44.1,27.74,0.11,5.78,27.06,0.0,0,Safe
4.37,18.25,46.07,25.35,0.39,0.96,25.28,0.0,0,Safe
3.56,2.36,27.97,33.8,0.57,8.21,22.98,5.8,0,Safe
41.14,44.56,66.63,26.3,0.51,31.57,13.01,15.0,0,Safe
47.59,201.12,84.6,27.22,1.85,48.9,17.17,46.8,1,Watch
75.47,114.03,76.09,26.89,1.8,71.12,16.15,53.0,1,Watch
57.73,116.13,88.77,27.51,1.77,45.21,13.0,41.9,1,Watch
18.33,109.38,65.67,31.27,0.69,34.44,18.59,20.4,0,Safe
0.27,19.88,28.57,28.44,0.41,6.74,22.05,3.5,0,Safe
0.61,5.63,34.4,20.08,0.36,12.25,19.06,0.0,0,Safe
2.87,6.32,40.38,17.42,0.42,7.45,27.18,0.0,0,Safe
0.42,2.87,31.08,37.85,0.2,6.44,20.13,0.0,0,Safe
82.01,137.0,72.15,34.52,1.16,53.65,18.56,52.1,1,Watch
0.54,10.8,40.66,30.73,0.13,7.3,24.92,2.5,0,Safe
0.67,10.81,34.5,26.5,0.26,8.77,31.85,2.9,0,Safe
9.57,72.2,68.49,27.46,0.58,35.72,16.29,16.5,0,Safe
129.42,339.16,85.73,55.51,2.51,87.15,17.82,100.0,3,Critical
36.78,158.86,73.28,30.97,1.78,58.85,17.08,50.3,1,Watch
0.47,12.57,27.71,31.86,0.34,19.39,23.38,0.8,0,Safe
0.39,7.79,49.17,38.04,0.52,7.31,28.76,0.0,0,Safe
27.25,93.97,74.11,38.52,1.03,35.31,16.14,35.4,1,Watch
67.16,211.84,78.42,30.28,1.65,54.12,12.97,60.8,2,Warning
81.2,199.53,94.58,42.38,3.83,63.28,22.66,93.7,3,Critical
31.28,112.1,64.39,33.35,0.73,37.21,16.95,28.1,0,Safe
28.53,88.63,60.63,36.49,1.08,19.88,21.15,23.7,0,Safe
2.69,5.48,37.87,23.2,0.4,15.21,27.16,0.0,0,Safe
113.23,288.79,85.1,46.96,2.71,76.44,11.25,100.0,3,Critical
16.83,79.89,79.41,37.48,0.69,28.17,17.11,18.6,0,Safe
23.24,55.68,62.97,24.57,0.4,25.38,21.61,16.1,0,Safe
1.05,4.39,43.36,22.92,0.2,5.28,26.4,0.0,0,Safe
25.02,198.4,87.69,24.67,1.57,61.67,16.86,46.3,1,Watch
12.54,79.21,49.58,30.27,0.45,31.2,22.69,16.5,0,Safe
0.02,5.25,62.02,33.79,0.53,15.56,21.31,1.9,0,Safe
1.66,13.52,32.52,33.48,0.56,7.66,22.28,2.0,0,Safe
41.76,55.82,69.42,31.57,0.34,21.18,16.91,21.9,0,Safe
0.08,13.34,31.02,27.32,0.35,10.94,18.41,0.5,0,Safe
55.21,233.96,89.31,53.71,2.74,89.22,17.12,100.0,3,Critical
56.91,91.13,57.39,40.12,0.92,27.29,18.3,28.7,0,Safe
0.67,10.84,25.89,28.05,0.44,16.4,25.69,0.8,0,Safe
3.33,8.45,37.16,37.0,0.31,11.12,17.1,0.0,0,Safe
0.08,12.85,56.0,21.81,0.11,10.39,29.92,3.0,0,Safe
1.63,20.82,37.53,40.44,0.15,10.48,28.7,0.3,0,Safe
99.38,213.03,96.3,43.86,4.07,84.03,10.7,100.0,3,Critical
29.06,75.07,69.51,36.16,1.15,23.31,14.81,23.6,0,Safe
126.16,222.28,92.68,40.21,3.39,65.25,17.35,92.1,3,Critical
97.35,115.03,75.66,41.45,1.69,60.93,16.53,68.1,2,Warning
36.13,170.67,94.08,23.39,1.3,48.67,18.7,38.4,1,Watch
15.24,112.39,77.31,37.06,0.76,29.91,20.96,25.4,0,Safe
0.87,13.93,40.14,35.66,0.56,12.99,26.26,0.0,0,Safe
98.87,206.32,94.6,41.11,2.49,80.72,14.92,99.6,3,Critical
19.97,105.31,74.95,31.34,0.54,35.11,17.24,29.7,0,Safe
63.74,229.08,93.75,42.59,4.52,53.82,7.33,86.3,3,Critical
28.07,66.91,47.99,36.2,0.44,22.27,18.45,14.6,0,Safe
11.89,117.08,66.0,34.43,0.98,43.27,19.42,31.8,1,Watch
25.36,90.17,60.44,26.38,0.95,25.99,22.44,17.9,0,Safe
33.74,124.06,75.19,39.05,1.45,32.75,21.36,37.0,1,Watch
45.21,32.93,55.63,29.72,0.61,39.42,13.52,29.7,0,Safe
70.94,114.33,93.09,31.49,1.02,36.03,9.97,40.6,1,Watch
29.84,72.0,62.44,41.27,1.08,32.51,15.79,29.8,0,Safe
5.27,21.77,35.28,29.98,0.26,13.32,25.83,1.9,0,Safe
1.48,16.42,42.33,25.06,0.12,9.18,27.24,3.4,0,Safe
114.26,113.72,68.94,40.38,1.18,49.75,21.18,56.4,1,Watch
2.26,1.79,27.18,29.19,0.36,15.97,22.76,1.9,0,Safe
9.18,34.67,69.67,30.82,0.82,30.38,17.49,15.9,0,Safe
65.98,92.52,50.19,39.28,1.19,15.0,18.07,28.0,0,Safe
24.89,103.13,55.08,37.18,1.08,38.74,18.24,31.6,1,Watch
0.86,17.67,40.81,28.26,0.1,12.43,23.04,0.0,0,Safe
3.51,4.35,47.38,21.02,0.19,9.08,24.93,0.0,0,Safe
38.21,208.74,76.76,38.67,1.16,51.45,10.92,54.2,1,Watch
9.04,22.27,39.2,22.15,0.41,10.08,20.45,1.4,0,Safe
13.75,47.05,63.16,34.14,0.63,20.93,18.81,12.2,0,Safe
9.04,91.16,55.94,20.9,0.98,41.59,21.41,21.2,0,Safe
114.01,208.59,85.29,52.25,4.02,56.58,18.33,100.0,3,Critical
62.67,204.27,80.83,37.16,1.58,42.1,13.23,61.2,2,Warning
40.75,66.68,70.88,36.45,1.06,28.84,23.43,32.1,1,Watch
4.54,23.73,17.29,24.27,0.44,2.89,19.04,3.5,0,Safe
2.5,4.98,37.57,29.45,0.58,6.71,22.49,0.1,0,Safe
14.16,153.3,85.42,43.25,0.93,53.49,17.94,49.6,1,Watch
10.17,112.51,60.38,35.09,1.08,23.26,25.44,21.6,0,Safe
15.93,58.8,73.93,31.91,1.18,15.27,16.09,15.9,0,Safe
47.35,71.72,60.97,33.97,0.65,25.34,22.11,22.9,0,Safe
51.13,123.29,79.2,44.22,1.73,49.5,19.58,61.8,2,Warning
0.85,13.31,36.79,28.31,0.38,15.01,26.27,0.0,0,Safe
61.7,246.66,95.17,42.32,2.61,55.83,12.45,82.4,3,Critical
3.08,111.0,71.65,28.77,0.61,33.97,23.58,21.1,0,Safe
2.38,11.65,37.5,27.1,0.23,9.49,23.28,0.9,0,Safe
3.48,20.54,47.61,22.9,0.51,17.67,26.07,5.9,0,Safe
3.38,12.52,26.47,21.89,0.41,13.86,30.77,0.0,0,Safe
21.8,51.13,44.69,36.63,0.78,33.93,22.62,21.1,0,Safe
33.79,31.04,68.0,43.83,0.39,11.46,22.06,16.0,0,Safe
1.54,24.0,29.86,38.96,0.15,6.93,23.88,2.4,0,Safe
32.42,74.67,52.2,32.95,0.51,19.8,18.78,15.4,0,Safe
0.4,8.7,44.89,25.7,0.58,4.12,21.3,1.7,0,Safe
5.29,13.1,37.59,32.17,0.44,14.49,19.29,0.1,0,Safe
20.07,83.84,66.36,40.44,0.44,21.34,14.84,14.5,0,Safe
70.7,301.53,98.7,45.88,3.5,58.57,11.97,95.0,3,Critical
3.1,16.12,35.1,12.1,0.24,13.14,27.3,0.0,0,Safe
0.31,24.32,41.61,26.51,0.4,2.82,22.03,8.1,0,Safe
3.25,23.1,38.64,33.65,0.47,17.78,20.48,5.8,0,Safe
1.35,10.82,22.02,19.77,0.44,11.14,28.43,0.0,0,Safe
5.26,14.03,37.51,31.51,0.2,7.2,16.91,0.0,0,Safe
15.09,66.07,77.1,38.16,0.47,21.85,16.97,18.4,0,Safe
95.62,377.65,96.96,50.31,4.39,83.35,13.67,100.0,3,Critical
34.25,158.46,68.34,32.7,1.53,36.66,18.56,42.6,1,Watch
1.04,3.24,33.79,32.02,0.32,16.65,18.37,0.0,0,Safe
4.45,15.93,32.26,29.33,0.17,17.68,27.66,1.9,0,Safe
69.41,216.93,93.01,44.38,4.07,53.56,14.34,89.4,3,Critical
0.47,10.37,30.76,28.8,0.17,16.96,23.7,2.6,0,Safe
0.3,14.05,25.65,40.4,0.39,10.01,17.5,4.1,0,Safe
0.2,12.03,21.91,35.3,0.39,12.66,28.52,0.3,0,Safe
53.57,166.74,77.5,26.92,0.86,42.7,14.5,34.3,1,Watch
7.03,20.42,15.94,22.43,0.24,8.19,24.86,0.6,0,Safe
64.06,280.29,93.88,47.3,2.28,78.6,16.9,98.1,3,Critical
13.5,119.3,64.75,32.04,0.47,12.88,26.22,15.4,0,Safe
56.25,205.24,89.41,52.96,3.79,81.51,9.98,100.0,3,Critical
0.52,12.83,33.17,25.29,0.13,9.95,29.92,0.0,0,Safe
27.27,94.85,60.08,38.14,0.89,22.15,21.18,28.6,0,Safe
16.23,63.18,70.18,29.67,0.76,36.16,23.27,23.5,0,Safe
125.41,379.58,88.27,49.81,2.9,54.21,11.14,97.9,3,Critical
51.72,350.22,88.46,57.87,3.99,64.11,14.03,100.0,3,Critical
4.94,3.85,25.63,28.33,0.15,6.4,23.8,4.2,0,Safe
22.58,31.07,41.83,30.8,0.31,36.76,21.61,16.6,0,Safe
3.03,12.31,46.39,25.53,0.17,11.24,17.28,0.0,0,Safe
0.24,14.41,39.19,25.92,0.33,8.39,21.79,0.0,0,Safe
2.57,15.16,9.0,28.57,0.43,12.21,21.95,1.0,0,Safe
1.36,13.35,24.51,31.45,0.48,8.99,22.04,0.0,0,Safe
30.55,35.0,46.97,39.16,0.9,29.71,20.18,22.1,0,Safe
16.11,67.44,69.09,39.04,0.77,32.26,17.39,26.1,0,Safe
30.74,137.72,77.0,35.39,1.91,49.02,15.15,47.8,1,Watch
63.51,176.14,78.13,34.28,1.21,35.01,15.48,45.6,1,Watch
64.77,317.12,96.74,49.21,2.78,73.4,11.78,100.0,3,Critical
4.08,38.03,66.2,33.11,0.86,19.92,14.02,15.9,0,Safe
121.6,250.52,85.55,46.37,4.5,81.56,11.66,100.0,3,Critical
14.27,55.67,59.32,27.35,0.38,28.34,13.72,12.9,0,Safe
110.57,225.95,89.68,54.82,3.09,89.18,15.74,100.0,3,Critical
107.62,224.37,88.13,43.95,3.31,55.38,18.09,86.8,3,Critical
71.03,342.69,93.67,45.29,1.82,71.4,12.94,99.5,3,Critical
20.87,36.94,67.26,36.5,0.96,9.27,19.67,16.9,0,Safe
2.34,3.06,22.38,30.77,0.4,8.59,24.37,0.3,0,Safe
28.51,75.85,65.32,30.54,0.71,37.52,16.19,28.5,0,Safe
25.51,152.3,64.49,50.36,1.44,50.16,19.49,57.7,1,Watch
1.55,18.01,41.33,38.41,0.3,12.76,22.16,2.6,0,Safe
67.08,67.26,66.88,35.4,0.94,34.56,18.04,38.1,1,Watch
17.46,83.63,82.1,31.71,0.39,21.03,20.03,16.7,0,Safe
0.48,11.17,31.63,34.92,0.26,9.49,22.14,0.0,0,Safe
63.14,152.22,74.85,40.13,1.32,45.11,21.35,58.4,1,Watch
5.73,73.8,61.51,36.11,0.78,34.14,13.89,23.7,0,Safe
0.1,12.71,30.97,35.49,0.26,9.23,22.65,4.6,0,Safe
3.25,14.42,30.89,28.99,0.33,11.45,26.95,1.0,0,Safe
10.29,10.65,42.16,22.17,0.34,9.76,22.13,3.4,0,Safe
7.34,85.85,61.03,31.95,0.53,25.01,16.6,11.1,0,Safe
63.69,113.83,84.65,45.24,0.92,65.51,14.28,74.9,2,Warning
28.97,72.35,50.3,24.81,0.8,30.13,17.21,13.2,0,Safe
27.94,205.89,80.49,31.74,1.7,53.01,13.99,45.9,1,Watch
29.45,74.83,56.53,37.1,0.87,23.22,17.57,18.8,0,Safe
54.37,203.44,65.13,39.54,1.75,59.86,18.87,68.3,2,Warning
11.97,73.6,64.27,30.18,1.08,34.44,18.03,18.1,0,Safe
28.57,42.89,61.98,18.31,0.92,24.42,19.96,15.8,0,Safe
1.29,12.13,39.95,23.3,0.16,13.1,27.45,0.9,0,Safe
3.99,18.85,37.31,27.31,0.1,11.34,23.42,2.5,0,Safe
4.36,14.63,32.76,37.95,0.35,9.76,27.09,0.0,0,Safe
79.0,168.72,84.83,24.55,1.81,49.15,13.67,47.7,1,Watch
2.27,7.11,39.9,30.31,0.18,17.23,25.53,0.0,0,Safe
5.43,1.37,33.46,18.58,0.34,3.2,22.46,4.9,0,Safe
14.39,87.1,72.45,24.6,0.52,18.09,15.75,12.7,0,Safe
0.13,10.02,30.44,22.92,0.32,20.5,23.79,5.8,0,Safe
45.17,187.01,91.01,43.37,1.75,39.06,11.55,60.3,2,Warning
5.51,32.02,63.75,23.43,0.88,30.97,21.04,14.5,0,Safe
25.17,104.64,59.28,33.07,0.37,8.94,18.45,21.8,0,Safe
1.29,8.3,30.29,20.65,0.37,14.14,24.43,0.0,0,Safe
1.85,1.31,29.98,21.81,0.11,9.39,27.14,3.7,0,Safe
121.05,330.15,88.25,55.43,4.02,82.57,18.59,100.0,3,Critical
4.09,6.12,34.23,23.6,0.36,12.81,27.0,6.7,0,Safe
1.91,21.83,54.52,27.58,0.44,9.49,24.28,3.9,0,Safe
0.5,2.58,42.43,34.66,0.15,3.09,29.84,0.8,0,Safe
2.9,21.56,40.81,28.69,0.27,12.39,28.43,0.0,0,Safe
3.3,10.53,62.43,30.09,0.59,8.51,31.25,0.1,0,Safe
3.35,20.88,54.35,28.43,0.58,8.24,25.05,8.2,0,Safe
0.68,3.82,49.1,27.61,0.54,9.88,23.8,2.1,0,Safe
29.82,112.41,54.33,36.69,1.0,22.08,17.69,25.8,0,Safe
55.63,144.04,76.45,44.13,1.03,39.05,19.89,54.1,1,Watch
2.44,21.56,45.64,17.44,0.35,2.51,22.51,0.0,0,Safe
35.83,163.69,84.99,37.79,1.54,49.12,17.29,51.3,1,Watch
21.52,174.77,75.03,38.24,0.91,50.7,18.69,45.6,1,Watch
2.57,2.86,20.77,33.42,0.54,7.98,17.61,3.2,0,Safe
17.49,71.32,78.87,29.74,0.68,32.26,23.82,20.5,0,Safe
2.92,2.25,27.2,25.22,0.41,15.12,30.26,0.0,0,Safe
4.42,22.64,30.75,32.27,0.21,12.99,27.87,0.0,0,Safe
0.34,18.12,34.97,24.86,0.46,15.61,19.56,3.4,0,Safe
0.46,2.24,30.79,37.37,0.47,12.02,19.46,3.6,0,Safe
0.57,8.27,29.37,27.34,0.51,10.9,28.29,0.0,0,Safe
2.19,17.57,44.37,30.18,0.56,16.56,22.73,2.3,0,Safe
52.72,309.59,89.31,54.81,3.27,62.78,15.22,100.0,3,Critical
14.16,24.35,35.74,31.8,0.2,8.69,27.06,9.0,0,Safe
19.63,34.4,59.08,37.67,0.73,30.47,19.14,15.4,0,Safe
82.5,129.6,80.93,36.81,1.05,48.82,14.65,48.0,1,Watch
21.64,48.17,60.92,37.72,1.11,35.58,20.56,27.0,0,Safe
16.93,106.16,62.46,35.99,0.54,41.02,16.7,33.8,1,Watch
92.37,204.23,88.29,45.69,3.95,71.69,16.65,100.0,3,Critical
3.63,22.81,33.42,35.29,0.19,12.11,23.24,4.8,0,Safe
0.07,4.2,36.36,25.98,0.47,17.43,21.64,1.8,0,Safe
55.34,125.67,76.35,35.71,1.49,61.05,13.44,59.4,1,Watch
41.51,124.02,76.95,42.09,0.99,44.85,14.69,50.2,1,Watch
2.69,14.65,31.75,24.99,0.23,5.01,24.64,2.3,0,Safe
20.81,142.78,70.42,36.09,1.28,44.96,14.28,43.3,1,Watch
24.82,197.76,72.1,47.33,0.96,48.67,11.86,63.1,2,Warning
22.63,81.19,69.03,31.91,0.86,31.57,19.07,26.9,0,Safe
2.0,59.13,67.5,32.46,0.57,21.38,16.3,8.3,0,Safe
0.96,7.86,15.55,26.71,0.41,13.62,25.94,2.5,0,Safe
5.57,50.44,66.09,32.35,1.07,20.57,20.25,12.4,0,Safe
63.5,171.67,81.44,39.17,1.15,42.75,13.77,53.0,1,Watch
0.36,16.0,30.7,27.79,0.58,8.69,25.01,1.2,0,Safe
117.54,218.27,73.19,44.63,1.47,41.98,22.15,67.4,2,Warning
9.66,16.94,23.77,26.38,0.55,1.68,12.4,3.7,0,Safe
30.14,38.99,57.0,24.6,1.17,29.02,17.84,15.0,0,Safe
47.66,48.68,57.53,44.97,0.6,25.63,20.6,29.7,0,Safe
15.84,119.65,41.63,32.82,0.39,28.89,19.58,22.3,0,Safe
23.61,139.04,74.8,32.27,1.95,36.91,19.63,34.7,1,Watch
38.06,123.65,70.91,39.16,1.26,46.46,15.92,44.9,1,Watch
3.03,1.34,30.69,22.13,0.15,13.97,26.17,0.0,0,Safe
2.44,21.16,35.15,20.67,0.11,10.35,24.03,1.7,0,Safe
40.66,79.18,62.1,37.13,0.38,18.41,18.96,19.8,0,Safe
2.6,16.34,26.93,30.59,0.29,10.07,23.06,0.0,0,Safe
11.65,76.41,68.69,23.18,1.04,24.63,13.4,13.2,0,Safe
77.69,375.08,87.43,46.07,3.62,62.24,12.78,97.1,3,Critical
67.77,192.3,76.48,41.84,1.78,36.25,10.72,59.3,1,Watch
39.18,108.72,60.46,40.59,0.76,25.38,9.92,34.1,1,Watch
12.16,57.59,56.92,30.05,0.66,29.25,18.94,12.5,0,Safe
50.62,114.42,79.17,28.71,1.57,43.48,16.11,40.7,1,Watch
1.49,10.62,35.93,28.62,0.29,15.17,35.69,2.7,0,Safe
5.24,12.66,32.46,31.94,0.15,12.5,19.79,3.7,0,Safe
116.55,279.84,96.21,37.68,4.01,89.34,14.37,100.0,3,Critical
3.57,2.46,37.27,17.05,0.57,8.46,23.07,7.6,0,Safe
34.59,63.63,68.61,22.92,0.94,21.34,19.62,18.3,0,Safe
8.59,24.72,24.75,31.64,0.14,12.76,24.27,3.0,0,Safe
0.02,17.0,24.37,33.98,0.29,9.77,21.92,4.1,0,Safe
54.46,169.33,80.2,35.56,1.77,26.52,15.75,41.9,1,Watch
1.05,19.03,33.08,28.99,0.13,12.58,24.9,0.7,0,Safe
11.49,101.64,63.73,32.82,1.12,27.48,21.15,21.4,0,Safe
2.66,12.35,41.8,31.33,0.19,10.97,21.22,0.0,0,Safe
69.56,167.42,87.91,42.36,1.31,49.68,18.52,68.4,2,Warning
51.95,228.74,89.61,39.74,2.17,68.9,9.91,75.6,2,Warning
11.59,58.03,67.92,28.11,1.08,40.19,19.63,20.8,0,Safe
58.47,81.8,62.27,30.43,0.33,21.73,19.96,20.7,0,Safe
20.36,99.61,58.79,28.45,1.15,36.11,20.74,23.8,0,Safe
1.04,4.04,43.89,30.77,0.35,9.0,20.47,0.0,0,Safe
19.04,59.37,48.6,34.21,0.45,21.03,18.69,9.8,0,Safe
4.16,7.77,31.93,28.64,0.11,10.29,22.75,1.9,0,Safe
27.04,118.61,85.99,34.7,0.9,56.12,16.09,44.6,1,Watch
0.27,18.22,36.99,31.44,0.35,9.88,28.14,6.6,0,Safe
20.37,102.38,59.95,41.73,1.05,29.85,19.82,27.4,0,Safe
42.67,195.47,72.26,40.95,1.72,41.9,10.28,56.5,1,Watch
26.99,125.95,73.75,34.59,1.52,41.21,17.3,37.5,1,Watch
4.65,16.74,42.96,25.95,0.5,9.49,26.29,8.5,0,Safe
5.18,116.67,74.6,27.3,1.01,29.52,19.45,15.6,0,Safe
3.17,4.14,32.42,26.31,0.43,16.93,19.68,5.5,0,Safe
31.26,137.24,83.33,47.08,1.1,40.26,24.12,50.3,1,Watch
1.66,15.86,36.46,28.92,0.46,7.45,21.04,2.0,0,Safe
85.33,139.79,84.84,31.35,1.7,43.05,14.97,50.3,1,Watch
3.61,1.41,24.06,33.2,0.31,6.68,25.85,0.0,0,Safe
42.32,51.11,71.83,32.43,0.47,28.99,14.33,18.9,0,Safe
20.78,33.92,48.38,30.98,1.06,35.42,18.82,25.2,0,Safe
65.04,183.32,71.16,37.65,1.09,33.12,15.71,47.7,1,Watch
10.5,83.59,64.83,26.95,0.9,16.31,20.64,5.2,0,Safe
39.27,149.35,71.43,51.06,0.8,43.34,16.04,55.0,1,Watch
23.53,79.38,65.3,37.18,0.91,32.48,21.24,28.0,0,Safe
46.29,112.5,70.61,44.82,0.82,48.91,20.53,56.1,1,Watch
59.82,206.41,87.69,53.63,2.86,70.38,13.75,100.0,3,Critical
22.37,70.62,53.29,38.42,0.38,26.15,16.6,16.5,0,Safe
1.26,10.52,15.06,25.29,0.2,7.12,14.57,1.6,0,Safe
61.82,182.15,71.22,43.52,1.88,44.09,16.03,64.7,2,Warning
103.67,218.11,93.54,45.58,3.69,72.02,14.9,100.0,3,Critical
3.99,10.75,29.7,40.74,0.2,13.45,24.91,5.3,0,Safe
1.07,15.08,31.56,37.4,0.43,11.83,27.55,2.0,0,Safe
25.13,108.58,55.59,25.35,1.03,26.04,18.56,21.6,0,Safe
116.65,294.4,97.3,57.82,1.86,61.47,10.65,100.0,3,Critical
8.26,19.16,36.82,24.15,0.25,15.13,15.89,0.0,0,Safe
5.31,61.39,60.89,35.43,0.59,29.45,20.97,19.0,0,Safe
10.6,70.46,78.4,29.71,1.15,30.25,12.01,24.3,0,Safe
20.94,62.26,69.18,37.37,0.63,25.25,16.92,21.6,0,Safe
112.36,215.22,73.39,51.61,1.79,56.01,19.39,82.5,3,Critical
0.57,12.27,47.13,33.43,0.26,3.4,22.3,3.0,0,Safe
38.75,184.5,86.09,37.01,1.09,36.17,21.03,43.7,1,Watch
22.86,43.73,60.02,22.98,0.35,32.41,17.03,10.5,0,Safe
0.53,23.02,20.82,36.99,0.24,9.02,26.3,0.0,0,Safe
21.86,76.89,68.64,37.74,1.01,22.73,19.01,22.3,0,Safe
75.94,123.44,79.94,33.39,0.83,46.46,19.78,45.6,1,Watch
22.68,49.16,62.35,26.0,0.97,24.27,16.77,9.1,0,Safe
0.57,24.8,40.02,22.88,0.57,6.74,24.97,0.0,0,Safe
1.76,24.2,40.78,28.21,0.32,8.68,30.23,0.7,0,Safe
33.23,58.82,52.55,35.02,0.52,20.61,21.22,12.9,0,Safe
24.35,59.26,62.46,31.53,0.44,29.44,22.31,21.5,0,Safe
74.08,302.42,85.76,38.38,3.86,59.81,11.55,82.6,3,Critical
9.16,55.64,75.45,38.14,0.57,22.7,14.19,19.2,0,Safe
19.31,47.96,51.14,28.13,0.94,36.31,19.39,22.2,0,Safe
60.99,205.27,83.53,43.73,1.29,47.19,15.42,72.3,2,Warning
30.25,54.67,58.58,29.86,0.38,18.36,16.04,13.6,0,Safe
1.99,13.1,46.33,15.14,0.58,8.33,17.65,0.0,0,Safe
2.16,1.33,41.03,25.07,0.39,6.85,20.55,2.8,0,Safe
43.92,98.94,68.35,24.38,1.13,17.75,15.47,19.9,0,Safe
29.21,188.89,81.16,29.63,1.46,38.28,11.52,38.7,1,Watch
26.04,96.84,77.53,30.38,0.48,42.43,14.76,27.9,0,Safe
0.28,18.5,35.14,27.24,0.39,15.29,25.97,5.1,0,Safe
57.61,360.01,97.44,36.6,3.17,88.53,16.63,88.5,3,Critical
33.21,77.28,75.49,46.53,0.45,29.25,18.82,34.9,1,Watch
26.9,133.76,82.0,29.89,1.71,36.28,15.97,32.9,1,Watch
0.11,14.61,30.1,40.22,0.46,7.72,32.12,0.0,0,Safe
29.15,61.57,54.12,39.51,0.43,32.76,19.89,28.1,0,Safe
52.6,49.01,60.99,36.43,0.74,32.49,19.92,34.7,1,Watch
3.17,21.16,34.09,33.13,0.21,13.12,25.87,6.9,0,Safe
11.38,1.28,43.49,28.63,0.51,8.53,28.2,0.5,0,Safe
6.75,13.02,29.41,37.34,0.21,16.78,28.05,3.3,0,Safe
12.12,91.56,74.35,30.08,0.6,38.32,17.48,22.2,0,Safe
0.65,8.06,33.17,28.86,0.23,11.08,21.63,4.1,0,Safe
18.02,79.53,49.06,37.77,0.32,16.1,21.46,14.8,0,Safe
0.69,12.83,37.62,33.04,0.52,2.98,29.21,8.9,0,Safe
28.27,104.32,73.54,23.72,0.49,30.31,18.85,19.5,0,Safe
7.92,66.99,47.5,22.43,0.79,23.19,19.91,6.9,0,Safe
1.77,5.04,20.96,19.01,0.46,11.57,28.35,0.0,0,Safe
4.41,22.71,50.21,35.04,0.54,6.59,32.91,2.1,0,Safe
0.29,22.3,42.96,22.16,0.13,10.75,19.68,0.0,0,Safe
20.73,119.36,86.61,48.51,1.78,37.5,12.75,50.0,1,Watch
76.59,217.78,86.82,42.41,2.07,88.43,9.54,91.7,3,Critical
0.59,22.71,36.91,24.59,0.23,6.71,30.28,2.8,0,Safe
2.31,21.53,29.84,20.22,0.46,13.96,27.4,0.0,0,Safe
32.4,120.17,83.0,38.54,1.65,38.83,13.83,45.5,1,Watch
2.42,24.89,41.19,41.86,0.38,8.89,20.54,0.0,0,Safe
2.14,19.18,44.78,24.16,0.29,7.56,28.96,1.1,0,Safe
38.11,31.7,67.44,40.16,0.53,28.19,21.21,21.6,0,Safe
20.08,89.29,75.32,25.16,0.39,24.82,13.22,17.8,0,Safe
41.8,49.24,64.24,28.67,0.86,31.11,20.08,26.6,0,Safe
17.83,99.91,42.64,29.35,0.55,30.49,20.3,14.7,0,Safe
11.59,48.88,74.65,31.58,0.31,19.02,21.63,12.0,0,Safe
25.51,34.62,75.53,30.96,0.42,22.93,19.02,19.3,0,Safe
33.68,174.7,84.83,32.45,1.1,32.37,17.11,35.9,1,Watch
27.17,77.87,60.21,24.46,0.95,14.55,17.16,12.7,0,Safe
2.99,5.03,27.88,22.01,0.15,8.81,21.59,0.0,0,Safe
36.54,105.32,51.09,31.29,1.1,26.99,20.11,27.0,0,Safe
1.22,13.84,35.43,15.85,0.21,9.0,26.68,0.9,0,Safe
25.32,69.66,78.68,30.16,0.34,33.96,19.64,24.4,0,Safe
0.66,18.24,44.98,31.75,0.48,7.66,33.21,2.5,0,Safe
76.57,142.05,67.72,42.24,1.39,27.47,20.72,45.0,1,Watch
0.46,10.23,47.47,26.57,0.3,11.17,26.94,0.0,0,Safe
74.37,278.2,93.59,47.3,2.57,79.98,11.17,100.0,3,Critical
27.04,118.49,61.46,28.09,1.04,19.56,16.71,22.8,0,Safe
114.15,324.13,91.77,39.68,4.06,57.94,21.93,82.7,3,Critical
3.21,45.6,59.67,30.72,0.74,21.54,19.34,11.4,0,Safe
16.33,53.35,63.74,28.08,1.19,27.99,16.01,20.2,0,Safe
56.86,308.26,92.96,43.81,1.87,77.72,15.29,94.9,3,Critical
5.68,45.14,65.75,29.84,0.8,23.33,17.25,8.5,0,Safe
2.8,0.14,48.49,34.16,0.6,19.17,23.16,0.0,0,Safe
3.2,11.34,28.45,32.29,0.21,8.05,30.38,8.7,0,Safe
84.41,365.29,92.02,36.12,3.79,60.05,14.76,81.8,3,Critical
0.85,18.48,30.4,28.23,0.25,10.22,20.39,6.0,0,Safe
10.02,45.95,55.97,38.98,1.18,33.53,17.85,24.8,0,Safe
0.65,6.51,18.81,27.03,0.27,17.44,18.66,3.2,0,Safe
0.12,20.32,50.71,37.51,0.59,12.77,22.81,2.1,0,Safe
35.95,116.48,64.49,32.92,0.5,26.3,18.1,24.4,0,Safe
3.73,23.76,26.8,37.11,0.11,11.21,31.87,0.0,0,Safe
6.0,16.53,34.38,32.01,0.26,8.54,24.82,0.8,0,Safe
6.71,1.01,35.76,29.24,0.53,5.62,26.0,7.1,0,Safe
18.2,102.96,62.71,28.06,1.01,32.39,20.71,18.2,0,Safe
42.0,204.98,75.55,31.38,0.89,57.69,7.83,48.2,1,Watch
81.71,298.38,89.5,57.66,2.58,53.04,11.98,100.0,3,Critical
1.92,4.78,23.47,28.28,0.54,14.15,25.71,1.2,0,Safe
3.05,15.94,28.79,25.26,0.55,7.03,19.79,3.3,0,Safe
0.83,6.28,34.39,23.87,0.53,9.78,26.49,1.0,0,Safe
1.03,19.27,30.03,43.45,0.26,9.42,22.03,4.5,0,Safe
58.79,235.49,94.12,39.98,4.21,87.88,16.76,96.2,3,Critical
0.18,9.5,34.78,31.85,0.26,9.84,29.94,5.4,0,Safe
113.34,318.56,96.22,52.37,2.51,62.28,14.85,100.0,3,Critical
93.53,183.78,87.63,26.9,1.45,40.17,17.43,49.4,1,Watch
82.37,204.97,67.08,46.54,1.96,22.31,14.69,67.4,2,Warning
2.23,8.9,38.67,22.27,0.56,10.82,25.77,2.4,0,Safe
0.39,2.36,32.65,28.26,0.21,13.32,21.33,1.6,0,Safe
119.27,328.13,97.41,48.76,3.87,68.58,9.78,100.0,3,Critical
0.03,22.87,27.96,27.24,0.15,9.84,24.99,1.3,0,Safe
2.48,4.6,18.58,25.74,0.59,11.61,32.33,3.1,0,Safe
1.84,10.96,30.22,29.03,0.24,6.61,27.85,0.0,0,Safe
13.39,85.11,55.31,21.92,0.49,34.99,18.97,17.1,0,Safe
0.12,21.88,37.3,37.94,0.57,8.2,24.78,5.1,0,Safe
8.46,94.41,58.78,30.02,0.88,35.67,18.64,23.0,0,Safe
0.37,17.68,28.93,40.06,0.17,10.68,30.57,1.0,0,Safe
0.8,4.04,25.77,33.35,0.42,8.84,18.91,0.0,0,Safe
40.64,206.24,87.79,46.18,1.89,26.28,14.11,55.6,1,Watch
15.89,44.8,54.62,29.61,0.33,32.16,20.79,11.8,0,Safe
5.05,15.45,29.68,26.48,0.34,10.46,19.29,4.1,0,Safe
1.63,9.3,38.12,33.24,0.52,12.9,33.92,0.0,0,Safe
25.55,100.92,55.35,38.0,0.65,38.19,17.35,30.3,1,Watch
2.11,22.64,13.08,20.67,0.25,7.57,20.18,1.8,0,Safe
36.87,50.8,61.12,35.53,1.15,33.31,20.7,25.7,0,Safe
79.5,151.41,83.68,36.58,1.89,56.59,14.04,65.5,2,Warning
26.73,115.36,77.26,43.53,1.37,39.69,17.74,44.6,1,Watch
0.43,6.58,39.52,41.99,0.24,14.27,23.11,0.0,0,Safe
26.03,76.35,66.42,36.07,0.81,24.54,20.6,22.1,0,Safe
52.93,75.97,59.48,46.2,0.34,19.18,18.23,26.8,0,Safe
3.89,24.9,37.35,30.59,0.53,16.04,20.04,1.2,0,Safe
67.54,273.63,85.26,36.37,4.74,76.56,13.85,86.4,3,Critical
7.23,14.11,39.27,27.11,0.57,8.12,20.64,0.0,0,Safe
0.17,21.31,30.13,33.22,0.38,7.68,29.43,0.0,0,Safe
1.99,24.54,22.95,18.36,0.18,2.76,22.48,2.9,0,Safe
38.53,31.13,56.55,30.7,1.09,32.43,22.78,20.2,0,Safe
64.88,217.14,82.66,51.83,1.02,53.21,15.98,87.2,3,Critical
20.29,39.91,64.33,37.43,0.55,37.52,17.16,28.0,0,Safe
82.37,170.29,75.48,49.63,0.85,49.92,14.63,76.9,2,Warning
73.18,163.82,75.6,30.59,1.21,30.29,16.73,42.2,1,Watch
5.01,43.32,50.68,33.16,1.19,28.27,19.28,13.0,0,Safe
0.05,14.64,35.59,28.52,0.23,11.61,22.95,2.0,0,Safe
36.26,108.98,64.54,24.88,0.65,28.64,15.53,22.3,0,Safe
18.18,60.31,57.74,33.48,0.46,27.71,19.69,18.2,0,Safe
24.1,82.34,53.66,29.65,0.97,28.98,19.1,23.0,0,Safe
0.78,24.45,25.06,11.05,0.35,11.23,20.29,0.6,0,Safe
12.98,43.73,77.32,35.6,1.11,23.03,16.51,17.7,0,Safe
52.46,207.2,74.51,35.97,1.52,51.23,12.6,58.6,1,Watch
11.84,55.17,52.53,28.05,0.95,36.39,19.59,17.6,0,Safe
1.39,6.69,31.14,24.5,0.43,19.07,21.67,1.8,0,Safe
5.07,8.49,22.92,34.41,0.52,17.57,30.02,4.3,0,Safe
2.81,14.51,22.86,20.49,0.59,7.81,27.71,4.3,0,Safe
3.34,5.37,22.78,22.82,0.3,7.16,24.1,0.0,0,Safe
48.04,83.36,68.47,19.06,0.7,31.41,15.52,20.0,0,Safe
75.54,178.53,83.8,26.41,1.37,48.42,15.2,45.4,1,Watch
17.02,66.81,53.56,38.04,1.06,29.73,17.26,19.2,0,Safe
3.53,5.7,32.15,10.3,0.19,6.23,24.15,5.3,0,Safe
1.65,14.72,39.9,39.1,0.27,7.71,21.86,0.0,0,Safe
0.15,6.3,39.11,26.1,0.13,13.94,19.18,0.1,0,Safe
4.97,11.18,22.79,32.24,0.53,16.67,21.4,1.6,0,Safe
1.72,7.88,47.29,22.07,0.21,15.32,28.54,0.0,0,Safe
102.01,197.33,90.5,36.37,2.81,66.72,10.74,84.7,3,Critical
19.38,37.9,43.1,41.66,0.96,25.94,21.05,16.5,0,Safe
10.75,53.8,58.29,28.8,0.44,34.08,24.04,14.3,0,Safe
0.89,22.76,36.08,27.95,0.56,9.75,25.09,3.4,0,Safe
24.3,209.75,73.06,39.87,1.75,44.48,17.07,51.3,1,Watch
1.9,3.04,27.89,15.3,0.4,10.88,19.66,3.8,0,Safe
11.64,63.97,63.01,28.04,0.73,30.59,17.34,17.9,0,Safe
3.34,3.7,36.0,24.47,0.28,11.2,22.0,2.8,0,Safe
98.7,197.37,81.26,35.27,1.09,55.16,17.83,59.8,1,Watch
0.63,6.64,30.74,28.51,0.21,18.2,28.35,0.0,0,Safe
2.34,22.92,30.17,28.57,0.17,14.8,22.6,0.0,0,Safe
92.98,46.94,41.68,43.87,0.5,32.65,19.32,41.4,1,Watch
3.62,23.26,24.87,31.16,0.28,9.35,21.32,2.2,0,Safe
2.39,17.65,46.08,33.94,0.25,7.84,28.49,0.6,0,Safe
26.34,41.51,76.81,29.25,0.52,19.58,19.47,16.8,0,Safe
0.18,17.61,29.55,19.09,0.47,16.2,31.22,0.0,0,Safe
6.87,57.07,51.82,38.18,1.09,13.12,19.81,13.1,0,Safe
0.69,15.36,31.24,24.01,0.2,11.99,21.86,0.0,0,Safe
68.29,213.51,87.55,36.04,2.53,90.11,13.94,86.1,3,Critical
33.67,43.32,61.23,32.01,0.83,31.26,14.95,23.3,0,Safe
28.14,78.38,67.06,42.15,0.67,37.49,22.96,32.2,1,Watch
45.82,94.37,70.4,31.25,1.03,32.91,23.2,30.8,1,Watch
0.57,3.21,43.23,30.09,0.31,8.78,22.81,0.7,0,Safe
1.69,18.95,37.61,22.32,0.36,9.77,27.6,0.4,0,Safe
117.54,351.42,88.79,43.71,2.64,77.21,13.75,100.0,3,Critical
57.02,201.61,84.22,43.43,1.18,33.03,12.38,58.3,1,Watch
16.62,46.03,47.71,22.07,0.92,24.28,27.84,12.4,0,Safe
92.23,308.56,93.74,50.58,3.26,60.45,11.8,100.0,3,Critical
5.65,14.76,34.23,20.49,0.57,10.8,26.73,5.1,0,Safe
21.46,107.73,55.2,31.81,0.54,22.1,21.65,22.6,0,Safe
1.14,24.57,54.19,21.45,0.58,7.46,24.16,4.9,0,Safe
0.81,18.56,36.37,39.59,0.22,12.83,21.43,5.8,0,Safe
45.28,206.31,76.03,39.6,1.85,46.86,14.29,62.7,2,Warning
39.83,41.24,57.94,29.88,0.95,27.05,20.82,21.8,0,Safe
62.12,295.1,88.76,52.23,3.56,70.91,15.83,100.0,3,Critical
35.6,134.98,84.79,53.55,1.51,46.39,17.45,64.0,2,Warning
77.23,379.81,94.12,46.37,4.52,58.08,18.45,95.4,3,Critical
18.26,112.31,57.51,31.62,0.63,27.71,15.38,21.1,0,Safe
41.4,178.8,81.53,44.03,0.85,52.56,17.45,61.2,2,Warning
1.09,4.37,49.9,33.52,0.57,7.56,19.84,1.1,0,Safe
125.46,238.46,89.77,41.24,2.54,75.61,14.78,99.6,3,Critical
26.16,115.68,68.45,33.18,0.65,24.95,17.26,23.7,0,Safe
27.45,108.62,66.7,30.48,1.02,25.44,19.99,33.0,1,Watch
67.31,344.4,97.06,54.85,3.56,82.71,16.48,100.0,3,Critical
7.52,6.06,30.67,30.36,0.6,18.29,27.94,4.4,0,Safe
3.3,3.19,36.05,32.46,0.49,12.08,27.94,0.0,0,Safe
15.34,88.36,80.75,45.03,0.63,30.09,16.98,30.9,1,Watch
24.74,81.18,59.95,38.61,0.91,28.88,19.9,27.3,0,Safe
35.98,36.24,60.09,30.1,0.95,28.31,22.34,18.4,0,Safe
2.42,4.41,36.81,34.25,0.16,8.74,31.22,5.2,0,Safe
2.72,18.97,40.82,30.57,0.4,9.47,22.95,0.0,0,Safe
119.17,192.85,87.83,47.99,2.39,89.55,12.73,100.0,3,Critical
2.26,18.72,43.85,19.48,0.36,11.54,19.42,3.6,0,Safe
32.85,180.66,76.67,34.2,1.3,39.51,14.83,43.2,1,Watch
9.6,0.29,33.77,21.53,0.5,12.11,27.37,0.0,0,Safe
11.01,13.36,34.09,29.7,0.49,14.16,17.8,0.0,0,Safe
44.03,104.75,42.26,36.61,1.15,14.21,18.43,22.5,0,Safe
1.31,12.35,40.89,29.11,0.58,3.92,23.07,0.0,0,Safe
58.13,134.76,84.99,25.82,1.39,56.29,11.03,43.1,1,Watch
65.17,175.66,91.22,28.23,1.78,28.89,15.75,42.2,1,Watch
7.06,3.84,30.28,38.56,0.5,11.16,28.15,8.1,0,Safe
0.02,2.42,35.34,26.87,0.31,13.07,26.81,0.0,0,Safe
15.19,64.15,36.93,36.18,0.93,18.09,17.75,14.3,0,Safe
17.34,112.82,46.48,35.0,0.87,29.47,21.15,22.8,0,Safe
0.01,19.63,35.89,18.65,0.42,15.66,27.63,0.0,0,Safe
55.23,144.69,93.14,36.17,1.46,44.92,17.22,48.5,1,Watch
10.62,42.72,71.89,41.03,0.71,39.72,17.02,32.8,1,Watch
53.42,131.38,75.78,37.13,1.56,45.57,16.14,52.9,1,Watch
52.15,130.64,77.47,37.5,1.34,48.52,14.97,55.1,1,Watch
26.23,137.21,72.35,35.49,0.87,55.11,14.05,46.5,1,Watch
49.78,189.91,85.35,29.03,1.32,41.78,18.72,46.9,1,Watch
1.25,14.34,44.01,32.81,0.39,5.46,23.95,0.0,0,Safe
22.26,72.5,52.71,18.71,0.83,31.23,19.52,18.2,0,Safe
25.39,98.27,49.49,26.11,0.62,27.48,20.3,13.8,0,Safe
6.46,36.12,55.68,27.03,1.2,30.47,19.77,17.3,0,Safe
4.02,48.19,60.32,32.16,1.0,29.21,21.26,17.4,0,Safe
41.21,193.41,68.7,37.85,0.99,47.21,18.46,52.3,1,Watch
76.65,128.17,67.26,39.12,1.38,35.18,14.56,56.3,1,Watch
21.01,63.94,54.47,33.63,0.71,31.46,18.16,25.6,0,Safe
79.3,148.5,80.68,29.57,1.97,51.29,22.61,54.2,1,Watch
51.54,153.03,76.02,32.91,1.05,43.74,14.77,45.4,1,Watch
18.2,47.32,62.34,32.78,1.12,39.99,15.58,26.3,0,Safe
35.3,108.85,54.39,34.53,0.68,31.09,22.33,28.8,0,Safe
0.26,21.84,37.15,28.78,0.55,15.15,20.17,1.1,0,Safe
0.4,23.0,21.36,39.72,0.45,1.32,27.3,0.0,0,Safe
1.18,23.87,47.06,25.31,0.13,2.06,26.22,0.6,0,Safe
1.03,0.84,45.18,41.82,0.23,9.3,26.92,0.0,0,Safe
1.33,20.59,39.01,10.0,0.19,11.02,27.55,0.0,0,Safe
102.36,292.94,86.11,39.4,2.02,76.7,14.12,93.6,3,Critical
91.21,379.46,94.51,41.92,2.85,82.11,16.38,100.0,3,Critical
21.12,86.89,50.97,29.46,0.65,28.07,16.24,15.1,0,Safe
1.21,11.56,43.89,30.25,0.59,4.36,23.61,2.8,0,Safe
0.14,14.49,31.47,36.71,0.33,9.83,29.03,2.7,0,Safe
0.26,4.69,46.67,38.77,0.45,14.32,24.91,1.3,0,Safe
113.14,366.74,98.49,46.28,2.19,65.28,14.37,93.9,3,Critical
68.04,267.77,89.91,45.63,3.77,86.05,14.24,100.0,3,Critical
2.79,5.15,33.8,30.41,0.29,2.26,25.76,4.5,0,Safe
1.44,14.0,49.36,34.96,0.47,6.15,23.29,8.6,0,Safe
112.59,197.44,86.83,42.89,4.54,77.64,17.86,100.0,3,Critical
4.57,8.92,52.06,28.15,0.31,15.03,22.1,4.8,0,Safe
1.84,16.74,25.14,27.25,0.18,15.28,25.73,3.7,0,Safe
0.54,3.75,38.57,33.12,0.14,10.12,25.06,0.0,0,Safe
1.23,3.14,25.22,20.51,0.16,14.4,26.9,0.0,0,Safe
46.9,90.59,44.36,24.31,0.66,35.26,19.87,23.2,0,Safe
62.63,113.62,54.98,38.53,0.78,38.48,14.31,44.4,1,Watch
9.75,48.04,68.27,41.95,0.87,17.48,18.04,17.9,0,Safe
8.15,52.71,50.88,31.52,0.9,20.25,23.46,9.0,0,Safe
0.49,22.35,32.59,18.21,0.36,11.26,24.27,2.4,0,Safe
41.1,135.7,75.18,32.72,1.52,47.4,19.89,48.4,1,Watch
27.86,92.8,70.34,22.53,1.04,25.74,17.86,13.6,0,Safe
16.63,76.23,58.49,28.46,0.63,45.44,18.58,27.9,0,Safe
0.21,0.29,52.37,30.87,0.47,4.27,22.81,3.7,0,Safe
28.43,74.73,63.93,34.5,1.17,22.89,17.63,19.3,0,Safe
31.37,130.1,70.62,40.3,1.74,53.23,16.05,52.9,1,Watch
0.01,5.53,45.96,26.48,0.45,8.04,26.02,0.6,0,Safe
8.24,5.84,32.35,35.76,0.17,13.02,27.25,6.0,0,Safe
33.1,116.08,75.57,43.3,1.39,36.95,20.99,44.2,1,Watch
82.41,216.98,97.56,55.61,2.68,60.41,12.9,100.0,3,Critical
12.28,109.88,60.11,31.38,1.0,24.96,13.09,17.4,0,Safe
5.91,7.53,20.65,28.48,0.34,11.31,26.36,3.0,0,Safe
12.93,72.08,67.45,40.7,0.39,33.54,17.78,23.1,0,Safe
4.64,21.45,34.42,35.54,0.23,6.34,26.57,1.4,0,Safe
22.65,113.02,54.22,30.09,0.55,34.17,22.4,26.0,0,Safe
7.4,97.88,71.33,32.21,0.78,26.24,14.35,16.5,0,Safe
1.93,11.88,32.93,39.64,0.51,10.04,26.53,3.4,0,Safe
40.08,115.52,63.75,38.89,0.37,21.69,16.53,25.1,0,Safe
43.1,147.43,78.59,39.49,1.31,47.46,13.51,57.2,1,Watch
15.95,51.08,64.54,43.45,1.17,39.8,18.98,32.5,1,Watch
0.07,6.55,31.23,27.82,0.48,10.73,26.52,5.6,0,Safe
22.14,173.69,64.81,31.52,1.86,37.3,19.03,36.2,1,Watch
5.28,84.5,51.7,30.99,0.98,32.19,20.41,18.4,0,Safe
1.01,15.11,38.32,36.87,0.44,3.67,18.46,0.0,0,Safe
37.27,93.31,61.72,36.48,0.42,21.3,18.93,20.4,0,Safe
0.73,2.28,35.6,21.44,0.25,12.44,20.84,0.0,0,Safe
79.59,152.17,68.0,38.68,0.81,44.67,16.58,58.1,1,Watch
131.65,199.7,65.19,47.57,1.74,46.2,16.25,75.7,2,Warning
51.58,277.32,92.32,51.56,2.84,80.62,13.31,100.0,3,Critical
0.23,15.68,37.83,25.26,0.22,2.18,20.5,7.1,0,Safe
1.12,2.76,37.33,29.91,0.42,6.35,29.05,3.3,0,Safe
25.24,189.31,75.05,42.24,1.47,58.05,12.26,62.3,2,Warning
4.25,5.77,32.11,29.9,0.4,0.0,27.41,2.2,0,Safe
6.41,47.49,64.68,35.32,1.16,38.36,24.19,28.9,0,Safe
0.67,21.16,38.45,32.13,0.43,18.0,24.73,4.5,0,Safe
74.85,298.96,97.98,50.18,2.61,75.08,13.59,100.0,3,Critical
0.71,23.44,26.44,24.25,0.14,14.69,22.02,0.4,0,Safe
46.37,139.33,76.77,30.99,1.65,53.23,16.68,53.8,1,Watch
54.22,166.76,67.27,36.98,1.4,42.06,17.57,53.6,1,Watch
122.62,354.74,98.66,52.98,2.57,78.69,13.1,100.0,3,Critical
20.68,45.57,43.58,46.13,1.06,43.3,22.43,30.0,0,Safe
75.63,185.92,71.75,34.55,1.73,51.65,12.78,57.9,1,Watch
25.29,81.89,62.0,30.27,0.8,41.96,20.3,24.3,0,Safe
21.27,112.53,78.7,26.89,1.0,23.89,18.67,22.5,0,Safe
12.67,58.97,61.54,31.22,0.44,26.52,22.93,13.2,0,Safe
1.85,22.03,25.74,34.57,0.56,6.13,25.34,0.8,0,Safe
129.26,377.87,92.09,44.57,3.28,90.92,11.58,100.0,3,Critical
5.64,12.23,35.32,31.73,0.19,16.56,31.15,6.4,0,Safe
2.13,6.36,25.34,27.14,0.25,9.76,20.32,4.2,0,Safe
12.37,51.5,65.22,41.26,1.05,40.59,19.42,32.2,1,Watch
73.25,178.66,77.73,35.97,1.44,45.77,13.86,59.9,1,Watch
0.99,5.2,47.07,25.84,0.16,12.87,31.52,0.0,0,Safe
5.21,53.72,65.63,37.17,1.08,31.05,26.07,23.1,0,Safe
62.28,130.13,78.03,41.34,1.26,42.45,15.73,62.4,2,Warning
26.3,170.87,77.1,35.27,0.93,45.67,19.95,41.8,1,Watch
5.03,20.36,33.95,19.36,0.35,6.29,24.86,7.3,0,Safe
76.86,314.67,87.54,36.18,4.05,88.5,7.16,90.6,3,Critical
3.7,11.05,32.56,28.28,0.26,12.03,32.98,6.4,0,Safe
4.16,9.96,35.15,32.52,0.15,3.16,27.98,3.2,0,Safe
56.93,135.21,79.88,40.42,1.18,38.01,15.82,45.6,1,Watch
5.51,9.5,41.44,29.18,0.35,1.69,17.04,3.9,0,Safe
55.74,215.34,72.36,27.87,1.3,51.54,17.81,51.0,1,Watch
1.34,2.67,40.97,34.12,0.53,18.02,29.8,1.3,0,Safe
57.66,91.53,61.77,32.38,0.42,30.72,18.17,28.9,0,Safe
1.42,17.97,21.92,21.65,0.11,10.62,28.84,0.0,0,Safe
0.19,21.84,48.88,34.5,0.26,4.02,28.55,8.2,0,Safe
0.02,20.23,30.03,42.04,0.45,11.44,22.58,2.6,0,Safe
1.47,22.72,22.77,28.98,0.31,14.4,27.79,3.9,0,Safe
28.9,103.18,41.58,27.55,0.59,24.67,18.19,21.2,0,Safe
0.93,2.85,35.19,19.6,0.56,10.51,22.32,0.8,0,Safe
0.42,2.81,42.55,22.96,0.13,12.85,30.82,1.7,0,Safe
3.89,5.67,35.98,26.88,0.27,10.44,18.45,3.7,0,Safe
70.18,218.63,76.76,51.72,1.23,41.28,15.74,73.1,2,Warning
12.15,134.79,76.22,32.67,0.94,42.31,16.97,33.2,1,Watch
94.19,280.45,98.46,38.21,3.91,60.16,10.21,85.9,3,Critical
9.79,49.79,51.06,37.59,0.63,35.63,17.8,18.7,0,Safe
17.09,73.19,62.13,31.75,0.89,33.01,18.63,20.8,0,Safe
31.85,40.28,69.28,32.22,0.59,33.42,23.38,20.9,0,Safe
31.6,139.85,79.49,44.99,1.75,41.45,16.93,53.2,1,Watch
0.4,8.22,39.61,18.57,0.43,10.05,23.48,3.2,0,Safe
120.8,191.21,95.51,53.29,3.26,78.78,12.06,100.0,3,Critical
114.44,304.44,95.03,46.06,3.96,57.83,11.17,96.9,3,Critical
62.65,186.33,81.78,46.99,1.62,54.2,17.27,79.4,2,Warning
23.56,43.39,49.43,45.67,0.72,38.94,19.45,33.5,1,Watch
111.2,377.86,88.46,49.8,3.48,68.84,10.69,100.0,3,Critical
21.31,107.65,60.71,27.23,1.13,22.58,20.87,18.9,0,Safe
19.34,52.98,63.7,29.8,1.09,23.37,22.49,18.0,0,Safe
19.19,41.17,54.84,31.56,0.52,23.3,17.38,17.1,0,Safe
30.45,208.32,81.53,35.43,1.0,50.62,12.84,58.0,1,Watch
118.22,311.41,89.58,39.46,2.79,82.54,14.64,92.5,3,Critical
39.4,176.47,81.81,43.72,1.2,40.97,14.76,56.8,1,Watch
0.98,9.93,32.38,34.91,0.28,12.56,23.41,0.6,0,Safe
21.01,57.25,55.99,35.57,0.68,31.39,19.18,22.3,0,Safe
37.01,87.14,71.12,21.14,0.83,24.1,17.8,22.5,0,Safe
16.27,30.12,62.04,39.73,0.54,26.75,17.14,17.0,0,Safe
51.75,56.14,74.76,42.61,0.45,32.19,20.18,40.9,1,Watch
1.32,19.31,35.91,21.66,0.58,6.19,27.23,0.7,0,Safe
18.69,34.57,64.22,24.0,0.88,31.26,18.71,20.5,0,Safe
107.1,323.05,96.87,54.64,3.41,63.97,15.48,100.0,3,Critical
34.33,64.81,72.76,41.12,1.17,35.4,15.7,35.8,1,Watch
27.8,106.67,56.56,34.3,0.92,29.05,20.47,30.5,1,Watch
0.67,16.22,37.62,22.12,0.49,14.47,24.5,0.0,0,Safe
29.77,63.37,79.53,35.7,0.71,29.35,23.29,24.6,0,Safe
48.76,218.82,82.78,35.16,1.38,39.0,12.08,49.2,1,Watch
58.09,120.31,80.49,26.26,1.8,47.8,11.42,51.7,1,Watch
1.16,18.51,28.62,26.55,0.15,14.8,18.79,4.5,0,Safe
2.08,10.39,37.47,36.39,0.12,14.27,24.84,0.0,0,Safe
1.32,12.33,30.4,10.0,0.45,7.96,24.27,0.0,0,Safe
38.81,71.02,59.11,34.91,0.75,31.03,16.48,29.5,0,Safe
32.64,56.12,57.89,30.59,0.45,18.46,17.95,10.8,0,Safe
120.15,260.77,88.35,57.91,2.74,55.41,12.23,100.0,3,Critical
73.91,352.3,86.63,46.45,4.06,66.33,10.59,95.9,3,Critical
83.44,321.18,98.45,45.45,2.62,78.39,13.38,100.0,3,Critical
31.79,93.83,43.41,36.93,0.47,20.6,21.23,17.2,0,Safe
89.26,151.24,83.53,37.79,0.85,40.02,21.61,53.1,1,Watch
25.02,68.01,59.44,40.76,0.54,26.87,16.09,20.1,0,Safe
5.68,5.19,29.19,35.76,0.46,16.63,25.66,0.2,0,Safe
19.21,83.3,51.23,27.89,0.74,17.17,17.75,17.2,0,Safe
56.44,155.24,83.0,47.09,0.85,47.29,15.96,63.3,2,Warning
10.29,23.68,25.27,29.75,0.53,7.0,21.3,5.3,0,Safe
2.13,14.7,39.54,24.2,0.48,11.39,30.59,0.0,0,Safe
4.39,5.25,47.11,21.18,0.5,9.43,27.04,0.0,0,Safe
13.6,114.6,56.01,31.5,0.58,27.14,21.76,16.5,0,Safe
64.34,268.63,98.72,51.41,3.28,67.02,11.86,100.0,3,Critical
70.24,203.64,77.79,46.31,1.06,34.48,14.94,62.1,2,Warning
9.9,61.42,62.46,35.31,0.8,22.57,14.06,13.8,0,Safe
10.92,107.13,57.72,18.2,0.78,27.73,19.69,17.6,0,Safe
90.97,373.04,94.74,39.57,2.54,89.19,9.98,93.1,3,Critical
29.05,120.22,77.18,35.49,1.09,40.32,20.39,41.6,1,Watch
13.87,30.24,60.64,35.08,1.15,17.21,19.21,16.7,0,Safe
92.81,370.47,97.56,57.33,4.6,91.55,16.14,100.0,3,Critical
0.12,2.53,31.52,26.14,0.17,14.35,25.99,1.5,0,Safe
5.96,6.46,41.85,29.36,0.25,5.52,25.52,0.0,0,Safe
20.41,62.7,76.88,38.33,0.34,33.51,22.4,26.0,0,Safe
23.76,84.55,58.59,29.71,1.14,12.4,14.23,20.5,0,Safe
4.24,15.38,28.24,34.32,0.53,3.91,26.14,2.4,0,Safe
4.42,14.72,39.35,30.15,0.15,15.46,24.35,3.8,0,Safe
47.68,169.66,74.17,36.71,1.58,36.56,11.79,47.6,1,Watch
22.64,95.95,63.14,44.56,0.86,32.53,19.2,36.9,1,Watch
77.67,273.98,88.62,39.2,2.23,52.28,16.47,79.3,2,Warning
2.46,1.18,52.19,27.89,0.1,8.82,25.75,0.0,0,Safe
12.21,45.13,58.62,31.51,1.06,16.17,17.23,12.7,0,Safe
2.03,10.25,45.81,25.07,0.26,7.41,31.73,0.0,0,Safe
47.87,156.79,86.03,44.7,1.75,35.86,18.08,57.9,1,Watch
2.77,5.93,40.39,36.82,0.1,18.87,26.01,5.6,0,Safe
0.65,4.9,32.46,10.0,0.35,11.02,26.77,1.0,0,Safe
16.52,168.09,75.61,36.04,1.21,47.37,14.63,43.7,1,Watch
28.13,67.53,61.74,22.65,1.18,22.15,17.03,11.7,0,Safe
30.25,110.01,52.18,33.86,1.09,13.99,17.85,19.0,0,Safe
81.55,132.35,79.37,33.29,1.86,36.73,20.11,51.5,1,Watch
34.04,206.63,90.21,41.14,1.86,28.88,18.04,57.0,1,Watch
116.41,230.24,89.97,55.35,2.39,83.98,20.55,100.0,3,Critical
2.84,49.82,50.85,31.44,0.85,29.84,17.83,18.3,0,Safe
7.3,1.28,34.76,22.11,0.11,13.36,22.01,0.2,0,Safe
66.51,190.74,70.8,44.65,1.52,33.57,18.89,59.5,1,Watch
8.99,148.77,83.76,39.89,1.82,47.47,14.52,45.1,1,Watch
52.41,120.37,76.91,24.55,1.81,59.06,14.32,46.9,1,Watch
7.39,84.37,59.39,29.47,0.94,40.2,17.92,21.6,0,Safe
4.37,13.02,35.89,41.36,0.22,11.81,23.62,2.6,0,Safe
30.23,183.12,75.09,43.05,1.72,48.22,12.72,61.4,2,Warning
58.55,245.34,98.14,56.22,2.03,59.09,21.22,100.0,3,Critical
26.29,89.45,61.69,37.83,0.88,31.53,14.29,29.9,0,Safe
33.07,41.22,65.67,31.62,1.0,31.75,17.59,23.7,0,Safe
21.9,70.82,61.44,33.25,0.37,30.74,19.42,18.0,0,Safe
1.6,3.45,41.42,23.36,0.21,4.11,19.94,2.2,0,Safe
0.2,22.59,39.52,24.34,0.23,10.11,20.54,2.5,0,Safe
20.99,49.66,71.09,31.21,1.11,13.86,16.81,9.7,0,Safe
0.6,10.33,39.06,35.2,0.34,14.01,22.86,0.0,0,Safe
2.27,14.1,36.2,29.84,0.45,10.76,26.23,5.5,0,Safe
2.26,21.14,34.56,26.47,0.16,9.58,17.23,1.6,0,Safe
4.88,23.83,32.08,25.75,0.2,12.36,25.06,0.0,0,Safe
0.47,5.62,17.97,29.7,0.27,11.73,24.62,0.0,0,Safe
14.63,167.23,76.18,26.19,1.59,37.17,14.18,33.2,1,Watch
28.83,45.12,65.88,39.7,0.77,28.51,17.86,29.1,0,Safe
2.19,5.65,28.13,27.74,0.28,16.77,25.6,0.0,0,Safe
1.14,10.59,45.32,26.24,0.3,13.11,23.46,2.2,0,Safe
4.19,15.74,27.54,21.32,0.18,13.03,28.4,5.5,0,Safe
8.02,38.57,70.06,32.62,1.18,21.97,16.64,8.0,0,Safe
0.23,2.87,43.54,31.14,0.21,10.87,20.73,0.0,0,Safe
103.1,248.63,92.64,49.73,4.0,72.17,16.76,100.0,3,Critical
0.05,20.09,34.23,32.11,0.5,11.05,25.44,0.0,0,Safe
1.73,2.28,36.3,30.61,0.52,9.09,22.23,3.4,0,Safe
34.99,147.11,76.7,38.99,1.41,39.97,16.21,42.3,1,Watch
0.01,2.52,24.29,37.64,0.47,8.2,28.85,0.0,0,Safe
105.83,163.16,90.87,42.49,1.5,48.51,17.33,67.8,2,Warning
0.18,1.12,23.42,19.58,0.51,17.27,22.37,3.3,0,Safe
36.33,218.26,66.56,37.41,1.23,43.58,12.2,49.8,1,Watch
52.67,213.27,59.16,36.05,1.49,47.77,16.36,52.9,1,Watch
47.52,119.43,76.65,35.82,1.91,42.26,21.51,43.1,1,Watch
57.18,255.75,94.37,48.67,4.71,52.99,12.52,95.5,3,Critical
0.62,15.29,42.32,27.77,0.54,9.16,27.76,3.1,0,Safe
65.43,211.49,79.72,39.85,1.41,46.64,20.22,64.2,2,Warning
53.76,264.65,92.9,44.25,3.86,88.39,16.72,93.1,3,Critical
53.0,217.97,87.29,57.23,3.03,80.02,10.91,100.0,3,Critical
18.11,76.62,81.84,25.21,0.38,33.84,18.14,20.8,0,Safe
25.64,56.79,50.73,35.98,0.63,43.65,17.91,31.1,1,Watch
0.82,8.99,47.7,19.41,0.46,6.54,19.6,3.4,0,Safe
3.39,12.81,19.77,18.14,0.2,7.69,22.41,0.0,0,Safe
0.38,9.26,45.58,21.07,0.58,7.2,19.49,0.0,0,Safe
46.11,173.73,69.87,28.16,1.27,50.83,16.09,37.8,1,Watch
1.19,12.08,29.15,23.97,0.5,15.78,21.07,0.0,0,Safe
42.03,53.16,69.12,32.35,0.95,20.83,25.19,16.3,0,Safe
2.15,0.56,49.05,55.6,0.26,10.34,31.85,5.2,0,Safe
2.19,9.3,33.42,21.47,0.39,11.06,30.42,2.0,0,Safe
5.38,79.58,71.6,35.4,1.15,34.29,21.97,25.4,0,Safe
58.41,215.1,67.39,33.83,1.26,47.52,12.24,54.4,1,Watch
12.3,72.39,70.86,31.4,0.71,27.79,18.49,15.2,0,Safe
6.54,11.62,49.37,32.82,0.42,7.73,23.62,5.7,0,Safe
42.96,176.62,87.2,48.52,1.28,33.93,16.23,57.2,1,Watch
0.05,11.63,30.84,18.16,0.11,10.9,28.45,3.3,0,Safe
98.9,358.06,89.07,38.73,3.12,61.78,13.66,84.2,3,Critical
14.94,61.06,55.05,31.33,0.68,37.71,17.19,24.2,0,Safe
2.75,9.51,28.69,31.77,0.5,6.74,19.52,0.0,0,Safe
29.39,88.83,53.4,39.66,1.03,27.12,25.69,21.3,0,Safe
5.13,13.54,37.68,24.3,0.45,0.95,25.65,2.2,0,Safe
62.84,179.08,69.72,53.19,1.76,57.88,19.56,84.7,3,Critical
0.4,10.39,19.4,26.15,0.53,3.68,33.69,3.4,0,Safe
2.96,18.15,35.71,34.32,0.3,11.24,22.53,0.0,0,Safe
6.88,15.49,24.24,19.43,0.1,9.24,22.9,1.7,0,Safe
24.9,204.01,77.14,39.86,1.72,45.54,11.9,51.1,1,Watch
83.87,311.98,93.82,36.52,3.55,72.96,12.81,87.6,3,Critical
0.84,24.16,28.49,18.24,0.35,19.51,24.97,4.4,0,Safe
29.55,46.32,62.34,40.0,0.5,33.0,21.33,25.3,0,Safe
69.05,357.24,88.31,40.5,2.44,56.46,10.5,74.8,2,Warning
29.51,87.95,56.86,28.3,1.08,13.07,21.78,16.0,0,Safe
18.34,50.27,48.94,26.2,0.5,25.27,25.54,14.1,0,Safe
91.6,110.68,82.59,40.55,1.49,45.36,15.58,61.7,2,Warning
0.59,1.24,26.7,17.51,0.2,17.53,26.77,0.5,0,Safe
92.35,273.94,85.04,37.88,3.63,82.91,13.14,96.7,3,Critical
15.28,91.33,52.5,26.19,0.8,21.79,17.48,10.8,0,Safe
22.24,37.62,64.68,27.27,0.69,27.18,16.82,14.4,0,Safe
0.6,1.15,22.38,46.18,0.29,13.27,29.39,4.9,0,Safe
6.37,98.47,56.32,20.83,0.54,31.91,23.51,9.6,0,Safe
2.36,16.98,28.23,30.71,0.43,13.75,23.74,0.0,0,Safe
0.85,8.14,41.29,21.4,0.49,10.52,18.39,2.2,0,Safe
0.63,10.2,53.4,17.88,0.52,8.75,20.79,2.9,0,Safe
1.03,6.87,28.85,36.45,0.11,10.55,25.15,4.3,0,Safe
76.0,124.95,80.08,42.41,1.5,31.9,19.63,51.5,1,Watch
3.03,2.43,30.09,33.31,0.37,9.69,25.9,1.0,0,Safe
62.26,160.53,81.23,40.34,1.06,38.94,17.73,51.3,1,Watch
15.31,33.24,80.41,27.39,0.39,14.16,18.08,4.2,0,Safe
0.39,8.9,31.79,37.65,0.37,8.81,22.32,7.1,0,Safe
69.7,209.58,71.8,29.94,1.06,41.04,14.46,47.9,1,Watch
19.21,64.27,64.16,35.55,0.72,26.65,16.99,18.6,0,Safe
1.27,23.83,39.09,27.62,0.22,16.87,16.0,0.9,0,Safe
16.2,78.67,72.2,38.16,0.74,30.81,16.39,25.0,0,Safe
28.5,65.74,64.75,35.78,0.81,21.94,21.87,20.2,0,Safe
2.25,2.23,37.28,33.75,0.45,2.08,20.57,5.9,0,Safe
23.11,165.62,69.72,38.79,1.76,33.09,16.2,42.5,1,Watch
26.67,176.57,82.7,52.42,1.43,39.3,14.65,57.0,1,Watch
32.2,102.97,67.72,39.74,1.07,25.66,16.23,30.0,0,Safe
11.24,17.75,48.68,28.22,0.15,5.03,23.09,2.7,0,Safe
6.7,118.71,60.9,21.49,0.88,34.1,13.6,13.9,0,Safe
0.66,16.91,39.02,26.22,0.35,12.47,18.55,0.0,0,Safe
56.11,372.88,90.81,43.52,2.24,55.68,15.19,78.3,2,Warning
0.6,6.32,25.67,18.05,0.55,14.39,24.77,1.1,0,Safe
0.51,2.83,42.9,18.77,0.44,12.76,23.22,2.7,0,Safe
2.21,8.02,28.13,35.83,0.15,8.02,30.15,1.1,0,Safe
0.38,14.3,40.06,29.54,0.4,6.25,20.1,0.0,0,Safe
47.82,163.46,76.53,29.89,1.22,57.06,19.94,49.1,1,Watch
3.01,5.17,34.69,18.17,0.29,6.49,21.18,3.6,0,Safe
34.41,135.23,75.75,46.92,1.41,46.61,21.02,59.2,1,Watch
3.24,20.78,28.13,20.86,0.56,9.84,18.98,3.3,0,Safe
36.23,104.52,61.31,34.94,0.35,28.09,20.57,29.4,0,Safe
12.81,39.68,56.88,36.31,0.31,23.57,14.28,15.6,0,Safe
48.9,129.72,76.26,28.4,1.99,38.15,13.47,40.1,1,Watch
0.05,23.9,38.08,19.57,0.44,6.67,24.91,0.0,0,Safe
70.33,127.72,87.28,41.27,0.93,35.55,14.74,55.1,1,Watch
62.15,147.22,68.06,37.46,1.94,53.28,11.72,63.2,2,Warning
25.57,91.58,77.44,29.27,0.74,21.86,24.54,20.4,0,Safe
120.09,251.78,92.79,37.4,2.39,57.22,9.6,76.8,2,Warning
37.47,92.99,58.82,30.21,1.01,27.74,20.14,25.2,0,Safe
63.04,207.95,78.43,33.16,1.48,37.51,10.82,55.3,1,Watch
93.16,337.91,92.91,39.31,2.09,56.16,7.1,74.2,2,Warning
0.82,1.1,34.84,42.35,0.43,15.98,18.84,0.0,0,Safe
48.07,172.97,77.91,32.34,0.82,57.29,16.12,46.3,1,Watch
124.26,292.53,97.0,39.49,3.99,89.22,13.68,100.0,3,Critical
9.37,22.63,32.13,28.31,0.17,8.28,18.72,9.5,0,Safe
72.05,159.08,77.95,37.43,0.93,55.6,18.39,66.3,2,Warning
2.17,10.37,37.8,14.09,0.34,3.13,25.14,0.0,0,Safe
14.91,88.63,63.18,29.04,0.92,31.67,19.9,22.5,0,Safe
96.47,219.94,82.15,47.9,1.15,37.36,13.58,72.3,2,Warning
71.44,358.99,97.66,38.21,2.47,68.17,12.47,83.7,3,Critical
38.07,159.68,70.06,32.54,1.53,43.14,18.81,42.5,1,Watch
20.79,141.42,77.45,35.11,1.78,37.29,14.64,44.3,1,Watch
111.9,214.13,87.53,56.43,2.22,61.07,16.07,100.0,3,Critical
51.11,317.38,91.79,41.37,3.13,68.53,5.82,81.0,3,Critical
0.95,21.39,38.94,34.54,0.27,8.78,25.86,2.5,0,Safe
0.45,11.49,40.89,34.81,0.35,8.26,24.79,0.0,0,Safe
41.08,94.33,63.5,37.22,0.58,39.64,20.14,30.1,1,Watch
89.51,311.71,87.93,57.57,3.88,91.4,15.51,100.0,3,Critical
31.99,112.41,56.66,24.61,0.32,27.6,21.94,20.7,0,Safe
9.39,44.62,55.77,43.1,0.61,31.94,17.86,21.9,0,Safe
1.64,14.99,49.22,39.26,0.56,6.39,19.32,5.7,0,Safe
6.97,14.35,30.72,30.75,0.3,5.04,23.48,0.8,0,Safe
32.14,161.94,72.62,40.35,0.86,33.8,15.86,44.0,1,Watch
98.07,192.71,86.07,47.76,1.84,71.12,17.4,96.4,3,Critical
0.87,18.09,40.64,24.02,0.56,1.95,23.65,0.2,0,Safe
8.47,88.65,68.96,35.41,0.81,38.85,20.44,24.3,0,Safe
0.1,11.55,28.26,25.7,0.52,14.1,27.03,2.0,0,Safe
71.55,366.87,92.22,56.32,2.19,73.23,16.85,100.0,3,Critical
81.18,171.01,78.07,48.14,1.67,54.79,16.79,84.3,3,Critical
129.08,240.24,98.86,41.68,2.02,75.69,13.21,93.9,3,Critical
2.13,24.65,44.53,20.45,0.21,7.65,23.17,0.0,0,Safe
18.34,37.91,47.58,36.07,0.85,21.48,20.06,15.6,0,Safe
2.79,10.39,25.03,37.5,0.36,14.01,24.53,8.2,0,Safe
0.43,12.96,44.08,27.0,0.28,13.15,22.66,10.5,0,Safe
24.28,93.58,45.48,33.59,0.3,35.56,18.14,28.0,0,Safe
0.17,19.72,23.06,30.99,0.12,12.11,21.07,0.0,0,Safe
40.94,65.66,51.56,38.54,0.37,29.77,18.84,23.2,0,Safe
36.82,182.29,82.29,35.23,1.79,54.42,17.53,55.6,1,Watch
0.56,1.24,21.06,25.16,0.39,6.58,13.56,1.2,0,Safe
59.74,266.19,96.47,45.64,2.19,77.16,15.74,97.9,3,Critical
34.24,133.51,77.38,35.11,1.19,45.5,19.57,39.8,1,Watch
73.95,201.77,74.7,27.7,1.81,44.81,15.48,49.5,1,Watch
33.82,30.54,58.59,34.01,0.65,29.66,14.97,19.6,0,Safe
5.3,7.83,20.69,24.4,0.15,10.82,23.58,0.0,0,Safe
2.15,7.75,44.73,30.81,0.46,11.5,24.25,0.0,0,Safe
1.76,18.89,38.81,37.29,0.34,2.52,27.57,3.1,0,Safe
4.37,0.21,38.21,27.72,0.41,7.08,24.98,4.7,0,Safe
24.45,43.8,60.39,26.09,1.12,32.3,19.22,18.9,0,Safe
61.33,227.99,93.05,46.53,2.25,65.33,12.11,91.9,3,Critical
75.46,179.12,72.16,43.01,1.77,47.69,18.12,67.4,2,Warning
5.75,24.86,43.24,24.25,0.11,6.41,29.07,6.2,0,Safe
3.44,12.43,42.23,25.1,0.54,17.49,27.98,5.1,0,Safe
9.04,117.04,60.67,42.07,0.78,21.56,21.35,25.6,0,Safe
0.57,8.33,34.43,29.68,0.56,13.01,22.28,3.5,0,Safe
3.45,8.85,28.23,30.43,0.5,1.59,20.51,1.5,0,Safe
0.19,11.08,31.08,22.61,0.58,7.59,20.56,2.4,0,Safe
3.31,4.1,30.07,23.2,0.14,5.79,15.88,4.4,0,Safe
31.45,55.23,64.1,19.55,0.52,29.4,16.46,8.3,0,Safe
1.15,10.32,43.9,23.71,0.15,5.12,25.98,0.1,0,Safe
3.8,8.88,31.1,45.15,0.21,16.19,21.76,4.4,0,Safe
0.72,18.12,31.6,25.73,0.47,12.92,21.52,0.0,0,Safe
0.32,9.53,41.27,32.09,0.37,10.37,20.21,0.0,0,Safe
57.05,245.82,90.89,36.85,2.61,70.53,21.64,79.3,2,Warning
2.03,5.38,29.07,37.79,0.49,2.9,27.32,0.0,0,Safe
112.94,328.55,87.9,50.2,4.19,78.87,12.7,100.0,3,Critical
0.12,16.93,36.55,32.96,0.43,9.37,26.04,2.4,0,Safe
0.38,12.49,25.52,28.33,0.54,7.56,22.79,0.0,0,Safe
5.04,13.64,21.4,25.97,0.18,8.79,29.72,1.0,0,Safe
1.1,1.71,34.64,23.94,0.23,14.88,26.11,5.0,0,Safe
2.29,0.96,35.26,26.0,0.32,10.2,29.76,0.0,0,Safe
57.09,200.67,86.3,43.32,4.67,86.94,9.26,98.9,3,Critical
1.14,19.73,27.36,26.45,0.28,10.65,26.29,0.0,0,Safe
126.57,340.52,89.23,39.73,3.67,91.87,16.98,100.0,3,Critical
0.34,10.45,34.14,33.49,0.6,13.72,27.87,7.7,0,Safe
35.27,201.17,69.39,28.08,1.15,34.91,16.56,36.6,1,Watch
75.92,220.03,87.06,41.77,3.12,67.69,15.71,89.1,3,Critical
111.95,209.6,89.83,37.46,4.31,67.52,15.99,86.6,3,Critical
24.53,67.77,64.16,34.97,0.99,27.57,16.91,25.4,0,Safe
15.21,94.7,60.12,31.51,0.59,23.39,20.45,16.6,0,Safe
20.26,62.99,65.9,30.08,1.01,23.28,23.43,18.9,0,Safe
1.2,1.65,32.6,35.33,0.51,7.6,27.85,3.9,0,Safe
0.54,6.61,36.93,35.69,0.38,3.26,27.26,0.9,0,Safe
7.29,14.3,23.07,18.77,0.2,16.38,20.7,3.7,0,Safe
28.28,56.84,69.07,26.35,0.98,19.97,18.8,15.5,0,Safe
98.57,175.42,79.66,43.43,1.67,49.22,19.49,73.1,2,Warning
20.32,188.04,73.34,35.28,1.42,44.48,18.37,44.4,1,Watch
4.19,15.72,40.09,29.74,0.41,5.25,25.54,5.2,0,Safe
49.22,172.1,70.79,41.33,1.13,40.21,16.49,54.6,1,Watch
1.61,5.42,24.48,31.81,0.31,12.7,29.42,0.0,0,Safe
37.74,138.73,81.08,32.11,1.3,48.84,13.3,46.1,1,Watch
8.32,15.11,38.52,33.58,0.23,11.64,23.95,0.0,0,Safe
16.16,35.53,64.64,28.66,1.18,22.9,19.44,12.6,0,Safe
4.05,19.42,38.62,22.75,0.42,7.33,19.34,0.0,0,Safe
7.23,52.82,65.96,42.98,0.83,36.77,20.49,22.0,0,Safe
1.86,6.17,31.58,34.78,0.28,4.4,22.59,4.6,0,Safe
3.87,10.23,45.02,27.69,0.2,8.06,22.22,0.0,0,Safe
14.51,84.03,71.68,23.26,0.77,37.38,20.95,20.5,0,Safe
1.36,0.11,37.2,32.19,0.44,9.99,23.91,0.0,0,Safe
3.26,3.06,33.49,40.22,0.45,9.95,24.97,0.4,0,Safe
1.58,5.11,39.23,25.84,0.49,5.94,17.12,1.6,0,Safe
12.46,67.53,65.57,43.64,0.84,27.41,19.58,24.0,0,Safe
53.82,66.89,75.81,29.67,0.53,40.57,17.85,29.2,0,Safe
55.99,70.63,39.08,36.87,0.89,30.88,19.79,33.7,1,Watch
3.69,8.08,36.4,21.76,0.24,8.24,26.67,0.0,0,Safe
59.64,154.05,82.71,48.38,1.61,44.63,19.23,69.9,2,Warning
43.68,36.42,50.94,33.67,0.59,37.07,26.49,25.6,0,Safe
88.03,234.0,93.88,57.87,4.16,70.6,14.98,100.0,3,Critical
3.38,23.23,36.97,33.05,0.35,13.78,22.45,1.0,0,Safe
40.5,102.25,58.73,28.71,0.95,26.99,19.51,26.3,0,Safe
3.72,2.14,44.13,36.68,0.22,6.89,23.13,4.3,0,Safe
0.95,0.64,47.02,29.71,0.16,17.18,19.67,0.0,0,Safe
1.64,13.22,19.71,24.36,0.58,4.99,18.38,1.0,0,Safe
25.13,59.76,72.36,33.09,0.64,20.03,20.91,15.0,0,Safe
2.06,14.09,33.99,25.52,0.11,9.92,29.6,0.0,0,Safe
116.98,352.48,94.19,50.46,4.09,53.34,8.97,100.0,3,Critical
1.31,16.1,34.58,37.42,0.17,9.44,23.74,7.3,0,Safe
17.98,112.07,63.11,29.14,0.81,29.23,18.96,21.9,0,Safe
53.97,215.98,73.36,40.48,1.41,44.16,12.6,63.6,2,Warning
7.93,117.81,61.65,38.05,0.45,22.76,16.98,18.0,0,Safe
0.46,16.11,38.67,33.56,0.52,7.12,28.16,4.9,0,Safe
0.85,10.2,27.28,26.58,0.56,2.09,22.73,0.0,0,Safe
101.43,358.3,93.6,52.8,3.32,71.02,13.08,100.0,3,Critical
1.21,14.35,44.04,30.76,0.38,11.77,20.9,3.4,0,Safe
0.32,11.57,22.59,23.88,0.48,8.65,27.77,0.0,0,Safe
0.45,9.88,37.67,23.93,0.23,5.45,23.73,0.0,0,Safe
1.55,20.57,29.21,15.4,0.38,3.59,26.17,0.0,0,Safe
3.1,5.08,23.42,27.3,0.24,5.54,24.84,0.0,0,Safe
21.59,80.03,63.36,23.22,1.17,37.06,18.49,12.1,0,Safe
1.64,0.72,29.93,27.97,0.2,11.41,22.48,3.5,0,Safe
4.66,24.99,24.62,29.4,0.48,11.89,21.94,1.8,0,Safe
2.21,18.95,33.43,25.95,0.17,10.35,21.87,7.1,0,Safe
8.67,110.4,51.7,34.63,0.84,34.23,22.3,26.1,0,Safe
17.68,60.11,62.77,32.6,0.54,23.34,17.02,20.0,0,Safe
0.16,12.3,34.95,35.84,0.44,15.03,32.29,5.8,0,Safe
102.12,214.49,95.73,49.57,4.77,80.51,20.29,100.0,3,Critical
31.92,56.18,86.38,30.47,0.66,33.84,22.02,23.0,0,Safe
2.78,0.13,46.52,10.6,0.16,16.25,18.65,4.5,0,Safe
5.96,21.91,27.32,24.54,0.48,10.38,21.88,0.0,0,Safe
3.05,5.69,40.17,34.63,0.49,13.01,23.7,0.0,0,Safe
0.08,13.6,28.2,20.09,0.18,5.08,20.02,2.8,0,Safe
42.44,80.82,48.35,38.09,0.98,29.41,19.81,27.9,0,Safe
3.31,9.37,24.5,23.86,0.23,16.06,20.69,0.0,0,Safe
1.61,1.23,45.68,20.76,0.1,12.61,25.98,0.0,0,Safe
23.43,49.73,51.5,29.66,0.92,16.05,18.45,13.3,0,Safe
6.15,8.11,31.52,41.24,0.46,13.76,21.84,0.0,0,Safe
0.56,6.32,41.73,29.3,0.39,8.53,27.04,3.8,0,Safe
23.1,42.33,50.67,36.23,0.97,41.71,20.91,25.0,0,Safe
63.49,105.32,63.05,27.59,1.19,42.7,17.32,37.8,1,Watch
0.22,13.79,37.96,29.0,0.24,6.87,30.12,4.8,0,Safe
1.15,6.99,36.24,26.12,0.52,18.31,25.85,6.3,0,Safe
45.75,130.37,76.85,40.71,1.08,32.88,12.27,45.0,1,Watch
0.62,1.79,38.68,25.04,0.3,12.67,24.01,3.7,0,Safe
1.25,18.67,26.34,30.79,0.5,0.0,26.52,4.9,0,Safe
7.05,39.99,50.18,30.7,0.55,33.84,19.57,20.2,0,Safe
6.96,3.73,32.99,21.7,0.59,6.49,22.94,0.0,0,Safe
1.11,1.25,34.62,37.4,0.34,7.9,19.22,1.0,0,Safe
0.26,3.76,31.16,23.17,0.31,11.08,22.86,0.1,0,Safe
3.49,20.57,34.13,32.08,0.27,6.65,21.35,0.0,0,Safe
8.73,42.63,54.59,24.57,0.46,17.67,21.17,4.9,0,Safe
38.6,119.75,60.01,24.22,0.54,30.88,23.16,19.7,0,Safe
106.51,282.79,91.94,47.47,2.94,58.39,13.73,100.0,3,Critical
4.2,23.34,8.0,15.05,0.38,13.17,30.08,3.2,0,Safe
0.56,15.24,39.05,30.48,0.54,12.85,26.77,7.4,0,Safe
54.06,294.74,94.8,40.18,2.33,55.18,13.76,74.2,2,Warning
28.26,78.59,61.02,28.33,1.11,26.44,16.67,20.8,0,Safe
62.49,200.36,76.97,51.36,1.37,51.3,13.22,80.6,3,Critical
18.88,202.51,78.23,42.88,0.99,70.12,14.16,64.2,2,Warning
76.98,67.98,56.23,29.42,0.43,30.62,22.54,30.7,1,Watch
2.59,16.16,49.26,23.36,0.43,12.08,22.93,1.7,0,Safe
17.62,90.77,52.82,30.5,0.89,16.62,20.36,9.5,0,Safe
7.81,24.31,31.07,30.88,0.16,11.35,24.22,0.1,0,Safe
27.17,65.11,55.76,38.3,0.52,29.08,17.99,16.6,0,Safe
2.11,20.09,37.08,34.38,0.23,8.64,27.98,0.0,0,Safe
0.9,10.07,31.03,36.42,0.51,3.02,27.27,0.0,0,Safe
3.87,23.33,28.77,27.14,0.51,10.81,27.1,0.0,0,Safe
13.93,88.32,65.73,26.37,1.16,18.59,16.93,8.8,0,Safe
67.91,180.06,64.33,37.72,1.23,19.07,11.5,40.3,1,Watch
1.9,22.55,45.17,18.75,0.48,15.43,21.92,1.9,0,Safe
34.95,62.76,71.36,34.22,0.46,38.6,11.81,26.3,0,Safe
5.94,9.87,11.27,37.96,0.33,4.47,19.03,0.0,0,Safe
2.39,13.56,31.4,25.78,0.25,9.37,23.25,7.9,0,Safe
104.69,307.98,87.08,56.92,2.77,64.46,12.16,100.0,3,Critical
64.29,167.49,79.78,26.77,1.55,40.71,21.01,35.5,1,Watch
24.18,50.19,63.44,35.75,0.45,31.45,19.8,19.9,0,Safe
27.0,78.84,63.59,31.32,1.1,33.05,14.86,22.9,0,Safe
20.18,102.53,54.18,32.38,0.73,31.15,21.05,26.3,0,Safe
36.53,169.56,65.57,43.92,1.05,31.55,16.49,46.1,1,Watch
88.48,345.12,86.25,47.13,4.72,75.19,12.84,100.0,3,Critical
62.57,320.67,85.2,51.56,2.32,74.28,14.14,100.0,3,Critical
95.28,366.01,91.15,50.61,4.08,79.83,19.22,100.0,3,Critical
2.08,0.02,33.38,38.99,0.58,16.9,23.41,2.0,0,Safe
6.07,18.23,45.37,23.91,0.27,9.87,18.98,2.3,0,Safe
20.08,52.2,52.66,29.84,0.7,24.9,20.77,12.4,0,Safe
22.32,109.81,73.95,46.53,0.44,17.81,17.6,20.8,0,Safe
28.48,207.7,90.25,44.14,1.08,52.11,15.3,66.7,2,Warning
2.81,13.65,49.4,30.92,0.46,8.38,25.47,6.1,0,Safe
19.63,86.82,64.67,32.33,0.78,33.32,23.84,22.1,0,Safe
18.39,99.04,58.52,37.81,1.1,33.54,21.65,26.8,0,Safe
0.86,21.37,39.7,30.16,0.6,2.74,20.73,5.1,0,Safe
3.59,11.72,51.14,38.92,0.47,3.09,16.4,1.6,0,Safe
0.18,15.43,46.25,14.62,0.15,3.65,19.98,0.0,0,Safe
15.7,37.47,68.95,40.3,0.79,28.72,17.51,20.2,0,Safe
74.61,249.86,97.13,56.26,4.35,68.69,15.45,100.0,3,Critical
51.89,155.77,86.29,44.75,1.93,51.63,11.7,74.8,2,Warning
3.21,16.59,40.5,32.19,0.18,10.11,23.69,0.0,0,Safe
35.27,120.09,65.33,36.64,1.22,40.41,19.55,37.9,1,Watch
34.33,93.21,69.65,31.05,0.72,27.97,17.95,27.4,0,Safe
4.52,2.49,32.38,26.69,0.3,10.36,19.78,0.0,0,Safe
61.98,183.95,82.19,43.01,1.34,40.7,16.18,62.4,2,Warning
1.55,21.26,48.49,42.06,0.3,14.35,27.06,3.2,0,Safe
41.68,139.86,83.05,39.16,1.8,36.86,9.06,42.8,1,Watch
6.96,50.04,72.13,40.75,0.79,22.66,22.19,18.2,0,Safe
14.52,94.63,56.55,42.69,0.71,27.19,19.15,26.5,0,Safe
20.73,119.6,52.02,21.06,0.51,30.92,20.14,18.8,0,Safe
28.13,119.65,48.31,30.55,0.65,21.14,17.53,23.0,0,Safe
3.11,13.35,31.26,21.16,0.26,8.52,23.16,1.3,0,Safe
7.35,106.25,65.26,30.25,1.07,45.55,18.88,30.2,1,Watch
0.52,10.24,26.2,30.01,0.35,10.45,27.59,1.4,0,Safe
6.11,1.78,36.85,30.3,0.52,10.19,15.28,0.0,0,Safe
23.49,184.55,78.97,25.34,1.68,51.92,19.95,43.6,1,Watch
0.1,11.39,36.54,20.17,0.16,10.08,26.23,0.0,0,Safe
7.47,52.46,45.26,37.2,1.11,23.74,19.92,12.0,0,Safe
4.11,21.33,29.24,32.2,0.41,6.73,28.37,3.9,0,Safe
60.52,284.73,90.92,43.5,2.95,81.56,16.93,94.3,3,Critical
50.38,218.18,90.4,41.53,1.16,59.77,16.58,70.4,2,Warning
2.46,17.74,39.03,31.11,0.41,4.93,23.74,0.0,0,Safe
118.68,289.5,94.99,55.85,3.57,84.46,14.72,100.0,3,Critical
0.04,16.77,35.82,31.61,0.31,3.26,22.07,2.3,0,Safe
0.69,21.41,26.88,37.04,0.12,8.26,30.24,2.3,0,Safe
0.09,10.69,27.59,20.51,0.3,14.41,24.44,0.0,0,Safe
0.41,2.76,28.85,33.33,0.27,8.9,20.92,0.0,0,Safe
1.45,23.73,34.43,27.72,0.15,12.6,23.34,1.3,0,Safe
60.38,164.83,74.18,33.03,1.95,44.04,15.44,48.4,1,Watch
3.68,13.42,34.62,32.4,0.53,8.37,24.64,0.0,0,Safe
2.99,16.58,36.32,34.1,0.59,4.12,19.52,0.9,0,Safe
43.32,53.14,76.67,37.42,0.4,29.31,19.64,26.0,0,Safe
90.73,278.19,87.4,44.81,2.51,87.21,9.66,100.0,3,Critical
25.19,75.49,46.68,43.8,0.43,27.73,15.22,25.4,0,Safe
17.67,63.78,51.27,37.08,0.61,26.37,24.43,20.2,0,Safe
11.77,80.69,49.75,42.07,0.36,19.99,19.31,17.6,0,Safe
40.33,62.93,55.04,28.61,0.9,22.48,11.54,13.5,0,Safe
18.91,199.09,74.28,45.45,1.38,31.93,22.41,45.0,1,Watch
3.98,81.54,54.39,33.64,0.63,29.83,18.32,19.7,0,Safe
55.03,142.47,80.54,34.06,1.02,33.81,18.54,38.5,1,Watch
1.59,5.76,45.39,26.16,0.28,4.41,16.02,0.0,0,Safe
19.04,108.65,48.62,28.43,0.98,31.29,21.47,23.5,0,Safe
0.87,9.48,24.04,19.24,0.3,8.6,20.84,0.0,0,Safe
5.21,21.86,27.67,21.84,0.5,10.31,21.41,2.5,0,Safe
12.85,8.01,46.8,22.24,0.43,12.4,20.16,2.3,0,Safe
82.45,152.47,62.64,48.54,1.47,48.11,15.55,65.8,2,Warning
104.38,379.21,92.56,36.11,2.15,89.04,12.49,86.6,3,Critical
1.54,7.59,30.28,19.61,0.15,8.0,22.07,1.3,0,Safe
20.55,48.92,66.26,39.36,0.37,38.17,19.12,22.9,0,Safe
3.45,21.91,29.16,30.12,0.25,12.97,26.1,0.0,0,Safe
1.65,13.7,28.33,28.93,0.18,8.75,24.83,0.0,0,Safe
78.35,366.38,92.89,39.3,3.36,81.25,10.37,93.4,3,Critical
0.75,8.49,40.03,24.58,0.4,9.05,22.53,4.6,0,Safe
25.7,103.98,61.09,22.28,1.15,34.6,16.07,23.0,0,Safe
1.8,24.31,38.5,26.71,0.21,11.6,28.88,0.6,0,Safe
2.82,5.15,26.0,32.29,0.46,13.6,26.67,4.4,0,Safe
12.39,36.57,73.68,36.05,0.46,30.66,21.26,16.5,0,Safe
77.56,115.27,87.29,44.27,1.01,41.46,14.76,61.3,2,Warning
0.73,12.58,23.08,19.54,0.47,13.08,27.81,2.1,0,Safe
11.03,45.4,47.44,34.78,0.75,35.95,18.06,16.2,0,Safe
36.46,35.55,42.6,30.89,0.84,23.97,18.88,15.4,0,Safe
0.24,19.09,45.27,19.96,0.49,4.77,18.18,0.0,0,Safe
122.22,266.18,91.35,39.56,3.94,54.62,13.38,83.0,3,Critical
47.74,166.39,68.3,33.99,1.18,44.7,16.46,43.7,1,Watch
20.59,40.95,54.25,32.06,0.95,27.99,17.89,22.2,0,Safe
0.1,16.27,23.93,21.32,0.12,16.67,22.39,3.0,0,Safe
0.19,23.29,38.5,22.37,0.37,5.68,25.29,5.6,0,Safe
17.55,57.74,62.27,33.46,1.15,32.59,16.83,18.2,0,Safe
1.63,5.13,44.19,21.26,0.54,13.01,25.85,1.5,0,Safe
0.94,22.36,31.8,34.06,0.57,12.77,29.78,0.0,0,Safe
3.11,2.58,30.65,10.0,0.55,6.38,26.99,0.0,0,Safe
0.75,4.51,35.51,25.81,0.55,12.74,20.59,0.0,0,Safe
1.78,23.27,30.99,34.2,0.58,16.36,22.9,0.0,0,Safe
19.32,106.55,58.03,30.71,0.55,20.85,21.82,17.6,0,Safe
18.4,45.3,60.75,36.93,0.54,29.24,21.78,14.2,0,Safe
2.04,18.02,28.37,30.04,0.59,8.52,22.04,4.6,0,Safe
2.89,19.81,35.76,24.37,0.56,10.36,22.87,6.7,0,Safe
35.4,102.17,44.16,35.46,0.91,37.03,20.43,26.3,0,Safe
1.81,6.1,20.11,37.74,0.18,11.78,21.66,0.0,0,Safe
37.35,173.23,80.29,28.43,1.76,39.32,16.94,39.3,1,Watch
10.74,82.03,50.28,33.66,0.67,31.6,22.17,20.4,0,Safe
62.75,214.03,96.0,41.53,4.66,57.59,11.45,81.5,3,Critical
36.86,89.86,62.28,44.99,0.65,21.66,19.32,27.3,0,Safe
1.01,7.64,46.01,37.27,0.27,12.31,19.01,6.4,0,Safe
60.38,213.44,65.33,39.57,1.42,56.99,15.57,65.0,2,Warning
4.14,8.65,16.56,20.73,0.14,12.43,24.26,0.1,0,Safe
3.92,1.99,39.56,21.67,0.32,9.17,23.24,2.2,0,Safe
16.82,82.06,58.4,30.02,0.9,28.06,17.99,16.5,0,Safe
25.11,48.85,47.97,34.64,0.72,21.49,17.96,14.0,0,Safe
61.72,376.7,91.45,57.19,3.12,55.07,12.35,100.0,3,Critical
14.56,107.38,60.51,34.01,0.67,30.55,18.76,21.7,0,Safe
81.89,166.24,73.63,37.89,1.42,39.16,15.3,63.8,2,Warning
1.84,17.17,41.53,26.86,0.31,5.59,22.04,4.5,0,Safe
4.09,19.02,29.97,31.97,0.11,14.15,25.75,4.5,0,Safe
58.46,167.81,86.72,35.76,1.45,56.55,14.76,59.9,1,Watch
18.38,100.78,69.43,38.27,0.49,21.38,22.88,19.0,0,Safe
38.15,112.93,78.51,38.6,1.59,38.57,17.69,47.3,1,Watch
1.96,6.71,35.48,20.18,0.43,6.66,21.83,0.0,0,Safe
75.65,93.83,69.79,30.1,0.43,20.6,20.44,25.1,0,Safe
13.96,96.6,55.18,34.49,1.01,34.23,18.58,25.8,0,Safe
19.04,82.02,62.43,46.7,0.52,31.59,15.63,27.7,0,Safe
2.17,13.82,33.9,17.95,0.22,8.56,23.11,8.6,0,Safe
21.72,58.31,83.51,33.02,0.88,27.84,20.95,27.9,0,Safe
5.91,12.37,26.07,19.88,0.28,0.18,20.73,4.0,0,Safe
1.05,11.2,34.48,27.0,0.14,9.89,21.9,0.3,0,Safe
14.14,60.21,53.97,32.4,1.12,26.8,18.95,18.3,0,Safe
42.3,126.46,82.0,31.97,1.55,34.07,13.57,37.8,1,Watch
3.09,1.51,42.27,28.4,0.1,14.15,30.0,1.2,0,Safe
43.6,124.16,79.81,40.99,1.91,44.35,12.55,53.6,1,Watch
0.81,11.36,37.35,13.92,0.44,11.0,23.17,1.2,0,Safe
28.67,112.54,76.64,36.02,0.86,51.18,20.59,38.8,1,Watch
32.75,86.76,66.79,30.36,0.49,21.59,25.29,13.3,0,Safe
4.41,11.11,38.09,26.51,0.36,3.56,21.01,1.6,0,Safe
13.36,71.93,62.3,28.06,1.05,36.59,18.98,20.6,0,Safe
1.23,15.27,53.19,39.5,0.49,0.71,18.37,6.7,0,Safe
2.04,19.75,40.3,16.05,0.54,9.82,21.2,0.0,0,Safe
35.55,61.33,52.02,27.0,0.51,32.82,15.32,20.5,0,Safe
52.12,191.78,87.25,30.57,1.19,50.41,16.22,50.8,1,Watch
0.22,6.72,32.09,32.49,0.57,11.54,22.17,1.9,0,Safe
30.94,146.25,70.65,46.02,1.01,43.8,16.12,47.4,1,Watch
72.02,149.8,77.6,37.77,1.6,36.77,20.46,49.7,1,Watch
15.42,61.58,70.78,42.9,0.41,24.12,26.39,21.2,0,Safe
1.05,23.88,24.45,32.81,0.55,4.79,19.53,2.2,0,Safe
118.24,359.65,85.85,51.84,4.77,90.01,5.93,100.0,3,Critical
33.32,84.11,64.86,30.45,0.52,30.63,13.32,19.0,0,Safe
25.74,62.19,67.94,29.87,0.47,19.82,19.27,17.9,0,Safe
1.36,22.38,43.82,21.95,0.44,18.42,24.45,8.2,0,Safe
35.29,84.43,64.78,38.72,0.46,44.04,25.41,37.6,1,Watch
2.01,10.07,48.37,26.43,0.31,7.2,26.02,0.0,0,Safe
1.33,11.26,30.81,20.64,0.48,9.05,27.5,2.3,0,Safe
2.75,21.14,22.94,24.91,0.42,14.07,16.4,3.8,0,Safe
75.47,274.77,94.97,51.42,2.71,54.81,10.0,95.6,3,Critical
26.66,44.28,58.13,40.36,1.17,21.23,16.54,20.3,0,Safe
9.64,76.01,61.89,30.12,1.16,39.24,18.39,26.4,0,Safe
2.26,16.46,47.82,27.97,0.21,13.96,14.56,0.0,0,Safe
2.71,15.6,40.76,47.5,0.45,6.25,32.43,2.9,0,Safe
22.5,69.75,63.62,35.09,0.9,22.1,19.07,23.9,0,Safe
38.36,92.87,47.07,19.09,0.55,22.11,20.25,12.0,0,Safe
0.31,19.95,40.02,28.75,0.42,10.11,18.64,0.7,0,Safe
4.13,16.21,35.13,33.25,0.15,11.57,23.63,0.0,0,Safe
37.13,100.1,55.26,38.14,0.57,28.91,22.34,30.0,0,Safe
41.8,216.33,72.68,33.09,1.23,39.15,17.5,42.9,1,Watch
22.75,42.6,70.9,39.97,0.39,26.55,17.78,16.7,0,Safe
14.39,64.14,61.12,34.25,1.04,21.62,16.57,18.3,0,Safe
19.31,5.02,23.36,26.36,0.26,9.86,17.09,7.4,0,Safe
0.31,15.01,31.36,25.9,0.58,12.63,26.49,1.8,0,Safe
119.45,139.19,69.1,48.19,1.73,53.38,15.86,75.3,2,Warning
2.9,2.86,41.06,20.42,0.57,9.56,16.87,2.9,0,Safe
28.97,70.81,74.14,32.4,0.79,38.65,20.23,25.6,0,Safe
66.06,196.7,89.21,56.67,3.75,63.51,13.85,100.0,3,Critical
53.48,78.73,60.4,29.46,0.38,28.83,21.17,23.3,0,Safe
6.09,17.61,34.2,32.15,0.41,9.84,23.34,2.6,0,Safe
7.08,18.47,20.64,29.12,0.13,3.32,30.93,0.3,0,Safe
0.41,21.38,44.66,28.48,0.58,10.46,23.56,4.7,0,Safe
0.12,23.76,24.9,22.91,0.46,3.02,24.66,0.0,0,Safe
20.43,47.32,58.86,27.53,0.51,29.32,22.26,15.2,0,Safe
80.77,219.17,76.49,33.48,1.77,51.53,23.7,61.6,2,Warning
1.06,7.9,36.17,17.57,0.23,3.56,15.73,0.0,0,Safe
20.54,118.77,54.31,45.24,0.8,31.17,20.61,30.5,1,Watch
37.13,87.01,83.49,26.45,0.93,15.3,15.74,17.3,0,Safe
29.8,95.19,63.85,33.79,1.04,20.17,21.57,20.7,0,Safe
129.04,278.81,91.02,36.32,2.43,65.34,18.05,83.0,3,Critical
2.39,12.41,31.76,22.52,0.27,10.71,24.97,2.2,0,Safe
6.23,47.34,57.37,40.4,1.13,34.99,23.48,23.8,0,Safe
12.67,58.85,72.64,32.95,0.77,29.26,20.05,20.3,0,Safe
27.32,207.37,71.42,49.13,1.63,35.46,13.91,54.4,1,Watch
50.81,59.57,61.16,27.23,0.43,28.2,21.28,25.3,0,Safe
114.05,348.99,87.49,57.19,3.17,91.88,17.57,100.0,3,Critical
17.45,80.57,48.8,22.18,0.46,16.89,19.25,12.2,0,Safe
12.3,115.3,60.93,30.86,0.5,28.02,19.63,19.7,0,Safe
21.65,87.34,77.93,26.01,0.69,34.42,17.62,24.5,0,Safe
65.57,193.78,92.77,43.23,3.58,82.15,10.46,98.0,3,Critical
3.2,6.12,48.75,33.67,0.53,9.47,29.26,3.2,0,Safe
28.34,64.22,67.78,33.22,1.06,28.2,17.55,26.3,0,Safe
19.24,67.72,60.37,33.85,1.01,22.24,20.67,15.5,0,Safe
20.95,111.18,64.98,31.93,0.53,14.53,19.32,15.2,0,Safe
90.85,135.21,90.96,50.67,1.75,31.29,20.84,66.7,2,Warning
27.33,150.61,76.77,34.6,1.16,48.04,12.01,44.7,1,Watch
0.49,20.33,35.78,32.14,0.58,12.83,24.05,0.1,0,Safe
0.52,13.47,39.52,35.72,0.22,7.47,19.17,3.1,0,Safe
73.08,364.61,98.53,46.7,2.82,52.74,12.85,91.5,3,Critical
37.32,122.66,74.71,44.0,1.2,34.18,14.02,46.3,1,Watch
3.44,14.25,32.32,40.8,0.42,15.22,27.73,0.0,0,Safe
20.27,31.69,69.24,36.16,0.3,22.51,18.89,14.2,0,Safe
84.55,179.31,74.22,32.79,1.37,56.45,17.43,60.8,2,Warning
31.97,30.15,58.47,32.77,0.99,39.0,13.46,23.2,0,Safe
37.14,77.27,57.1,30.78,0.69,21.87,21.71,23.2,0,Safe
122.73,263.13,98.38,54.0,3.34,79.34,12.67,100.0,3,Critical
79.02,302.08,85.21,51.7,2.6,57.06,17.62,94.8,3,Critical
0.44,6.29,28.97,24.33,0.14,5.95,24.92,0.0,0,Safe
0.59,5.94,32.21,24.21,0.57,8.49,26.47,2.7,0,Safe
48.14,110.73,77.25,43.68,1.49,54.83,22.45,61.9,2,Warning
2.15,16.97,29.85,20.96,0.48,5.82,26.51,3.7,0,Safe
0.72,16.43,40.15,34.32,0.12,11.84,20.99,0.0,0,Safe
66.85,238.31,94.1,50.62,3.96,80.33,18.14,100.0,3,Critical
35.96,115.68,77.5,35.88,1.08,40.74,16.61,41.4,1,Watch
18.48,61.22,68.95,35.37,0.67,27.38,18.1,27.2,0,Safe
32.59,64.69,64.8,26.2,0.82,22.42,18.57,14.8,0,Safe
63.35,205.43,97.22,36.07,2.95,87.36,15.17,86.5,3,Critical
10.63,35.94,62.56,40.06,0.39,28.34,24.21,22.0,0,Safe
19.96,82.59,63.24,32.11,1.05,26.53,19.4,29.1,0,Safe
95.33,354.98,87.24,46.95,2.29,81.39,16.75,100.0,3,Critical
117.39,190.11,98.52,47.05,2.07,82.66,13.34,100.0,3,Critical
11.69,109.73,53.86,29.26,0.77,32.48,20.59,22.3,0,Safe
4.18,3.96,30.81,23.55,0.44,7.23,25.72,0.0,0,Safe
3.14,92.67,73.08,25.6,0.43,29.99,19.66,16.5,0,Safe
17.33,80.32,64.81,24.07,0.47,21.28,21.48,12.4,0,Safe
37.03,193.69,80.56,37.63,1.27,61.09,13.78,56.7,1,Watch
96.55,223.89,97.28,42.21,4.34,89.95,17.15,100.0,3,Critical
0.73,8.64,35.17,32.83,0.44,1.45,24.23,0.4,0,Safe
0.18,20.93,41.78,31.78,0.1,17.38,26.0,0.1,0,Safe
23.5,78.62,49.69,28.89,0.92,32.84,20.23,19.4,0,Safe
33.57,119.4,80.09,49.91,1.07,34.9,17.52,48.8,1,Watch
85.63,216.07,92.81,57.11,3.84,59.31,16.92,100.0,3,Critical
23.65,50.71,63.17,28.62,0.66,26.88,20.67,18.7,0,Safe
2.45,10.9,30.98,31.51,0.39,14.45,24.66,0.0,0,Safe
1.14,2.48,35.25,26.7,0.55,8.85,25.76,3.6,0,Safe
77.53,177.91,77.22,46.31,1.32,43.14,20.1,71.0,2,Warning
0.46,1.87,41.29,29.6,0.36,7.76,23.61,1.5,0,Safe
71.37,151.46,84.7,37.43,1.39,46.46,16.48,56.2,1,Watch
76.66,178.54,77.32,41.01,1.27,30.84,17.14,57.2,1,Watch
35.73,109.84,53.44,31.84,0.42,24.41,20.77,24.4,0,Safe
4.22,0.78,38.47,38.23,0.14,4.8,15.42,2.4,0,Safe
118.73,287.04,85.1,36.91,3.72,78.14,11.05,97.1,3,Critical
10.86,115.78,73.5,27.25,0.78,19.84,13.38,17.2,0,Safe
4.06,20.38,37.98,24.88,0.36,11.32,20.44,3.5,0,Safe
7.36,13.76,29.83,27.27,0.57,13.57,30.58,7.2,0,Safe
36.66,149.44,78.71,38.01,1.76,52.84,16.42,55.6,1,Watch
75.23,164.27,74.0,39.92,1.91,35.87,13.58,56.3,1,Watch
25.33,93.51,74.71,26.61,0.69,24.99,18.46,19.8,0,Safe
1.57,21.16,28.84,30.48,0.11,6.4,23.69,3.8,0,Safe
6.88,45.35,55.63,29.04,0.87,35.0,22.08,21.5,0,Safe
2.46,7.98,35.62,19.23,0.27,18.04,22.88,5.9,0,Safe
4.38,112.55,56.43,40.54,0.81,33.03,18.79,26.0,0,Safe
2.04,4.85,34.43,38.46,0.49,14.04,19.61,0.8,0,Safe
26.49,145.39,72.69,42.79,0.83,53.45,16.99,52.3,1,Watch
0.44,10.29,37.42,42.97,0.31,10.85,24.27,4.1,0,Safe
47.63,98.14,55.62,28.96,0.43,23.19,16.62,20.4,0,Safe
94.81,170.51,81.84,34.57,0.82,39.32,17.0,51.4,1,Watch
65.55,205.4,94.89,43.8,1.84,63.87,18.12,82.7,3,Critical
1.07,22.4,33.93,36.6,0.4,12.99,27.12,4.5,0,Safe
20.26,72.02,48.56,31.22,0.85,24.32,19.51,14.6,0,Safe
0.17,9.58,35.27,35.61,0.2,7.86,19.91,4.1,0,Safe
4.41,1.54,45.36,29.9,0.55,10.27,25.85,0.0,0,Safe
58.69,355.0,87.45,49.65,4.73,83.14,13.29,100.0,3,Critical
54.58,177.82,75.52,41.01,1.15,45.96,17.05,63.0,2,Warning
3.75,16.04,38.57,20.05,0.4,12.61,24.97,6.3,0,Safe
9.48,23.05,31.73,42.9,0.1,11.05,19.31,4.6,0,Safe
117.53,307.86,97.18,39.58,3.85,65.33,18.69,92.9,3,Critical
21.69,93.89,71.01,21.66,1.0,26.81,16.88,11.8,0,Safe
1.99,9.42,34.91,25.67,0.33,7.21,17.19,4.4,0,Safe
0.52,17.89,15.68,30.36,0.22,3.7,26.43,4.9,0,Safe
18.44,65.76,72.34,36.33,1.19,29.34,25.93,25.0,0,Safe
13.78,68.74,62.73,37.99,0.48,30.08,19.79,21.7,0,Safe
81.1,333.01,89.92,48.96,1.95,59.31,10.51,97.5,3,Critical
2.27,20.44,33.8,29.17,0.34,2.92,29.63,2.8,0,Safe
18.82,40.92,67.47,30.57,1.07,30.42,20.46,10.6,0,Safe
24.37,100.67,54.75,28.9,0.44,13.72,15.7,15.8,0,Safe
16.43,112.56,73.96,33.24,0.75,37.22,13.45,28.2,0,Safe
55.85,273.53,88.63,46.08,3.93,73.54,17.99,100.0,3,Critical
13.59,0.0,25.78,18.52,0.26,11.62,25.95,0.0,0,Safe
16.53,92.27,78.05,23.75,0.83,17.63,15.78,10.8,0,Safe
14.68,12.38,36.76,27.63,0.1,9.01,23.13,3.8,0,Safe
69.48,110.28,70.95,39.93,1.19,27.32,13.37,38.4,1,Watch
28.67,34.99,67.68,35.81,0.96,16.37,20.28,16.8,0,Safe
34.93,199.84,84.15,38.74,1.32,55.61,19.35,60.7,2,Warning
51.72,202.64,92.67,44.75,4.58,56.85,12.67,86.9,3,Critical
1.59,17.72,15.19,24.65,0.34,9.54,21.16,2.3,0,Safe
1.24,10.76,34.58,28.14,0.17,6.98,26.39,6.1,0,Safe
119.56,329.54,90.9,36.45,4.26,79.49,18.72,90.8,3,Critical
20.98,117.05,59.13,33.1,0.82,25.97,16.69,19.7,0,Safe
23.3,200.45,71.92,33.89,1.52,47.45,15.18,48.1,1,Watch
11.94,36.57,53.92,41.26,1.16,29.53,18.96,21.5,0,Safe
2.39,10.3,40.67,27.1,0.49,15.88,28.44,0.0,0,Safe
43.78,40.58,75.25,27.34,0.55,18.38,22.32,12.4,0,Safe
23.41,74.63,54.39,27.56,0.48,15.96,23.44,7.4,0,Safe
11.52,112.52,63.58,33.93,0.63,37.09,22.39,27.3,0,Safe
58.27,278.05,86.04,42.99,2.69,63.42,16.22,82.8,3,Critical
86.39,339.21,91.73,48.28,1.97,71.76,10.26,100.0,3,Critical
6.05,33.7,77.05,29.13,0.89,29.15,15.99,15.5,0,Safe
1.4,18.94,39.51,33.96,0.17,8.06,19.77,4.0,0,Safe
87.78,196.49,83.69,34.39,1.2,58.35,16.06,68.1,2,Warning
3.93,20.27,34.09,26.23,0.53,14.44,26.29,3.5,0,Safe
59.9,139.07,88.8,45.19,1.19,27.78,17.47,51.8,1,Watch
1.98,12.67,39.75,32.32,0.42,1.07,22.48,5.2,0,Safe
6.4,2.22,30.96,29.97,0.28,5.87,24.66,5.3,0,Safe
4.76,8.44,39.34,21.63,0.52,0.0,25.77,2.7,0,Safe
67.16,365.59,94.97,53.04,4.57,66.96,21.57,100.0,3,Critical
4.0,11.02,45.02,28.28,0.28,4.93,20.61,0.0,0,Safe
6.61,96.07,61.49,24.69,0.77,27.07,17.21,13.0,0,Safe
56.4,290.84,94.59,40.45,3.71,88.52,13.78,93.7,3,Critical
0.13,17.45,34.8,26.94,0.3,7.47,20.62,0.0,0,Safe
41.43,168.11,72.52,35.54,1.47,51.05,12.95,50.7,1,Watch
47.45,167.92,76.87,32.87,1.97,41.02,11.6,50.4,1,Watch
12.29,100.12,81.47,47.79,0.76,28.45,14.9,41.9,1,Watch
106.89,342.57,86.96,36.95,4.16,88.71,14.86,90.2,3,Critical
1.34,17.44,40.33,34.68,0.57,7.68,29.15,0.0,0,Safe
80.05,229.05,89.53,38.5,2.03,63.89,8.83,80.8,3,Critical
7.52,75.71,74.81,27.11,0.82,37.39,21.7,22.8,0,Safe
0.02,8.92,31.42,21.16,0.32,6.75,23.31,2.5,0,Safe
4.26,76.83,66.04,29.79,0.3,27.24,16.79,14.1,0,Safe
2.74,115.08,67.93,30.67,1.11,45.41,20.06,26.5,0,Safe
12.51,34.61,65.02,29.56,0.78,30.1,18.82,23.5,0,Safe
57.79,187.74,80.08,39.05,1.49,58.81,21.35,68.8,2,Warning
3.09,15.24,32.37,28.58,0.52,10.38,22.15,1.2,0,Safe
27.01,102.84,68.69,28.74,0.83,33.31,19.8,21.4,0,Safe
42.58,106.65,67.4,23.11,0.67,29.71,23.36,22.9,0,Safe
23.53,48.09,63.49,30.89,0.6,24.76,20.12,16.6,0,Safe
29.6,34.59,55.46,31.04,0.94,22.8,18.52,13.1,0,Safe
41.83,118.35,57.67,32.97,0.36,36.67,17.89,34.7,1,Watch
80.11,348.23,93.05,43.19,2.39,59.12,18.04,95.4,3,Critical
43.63,120.48,67.93,34.42,1.96,49.82,15.15,47.9,1,Watch
14.46,104.55,55.2,29.36,1.1,21.18,28.02,15.3,0,Safe
86.93,377.99,93.1,52.05,3.07,72.93,17.4,100.0,3,Critical
59.6,201.22,72.1,36.58,0.85,44.38,14.46,53.7,1,Watch
37.65,53.24,52.29,34.89,1.14,29.86,13.71,22.9,0,Safe
0.23,11.8,31.77,30.72,0.25,6.48,23.22,3.7,0,Safe
0.06,18.85,33.48,28.13,0.45,7.79,22.52,4.2,0,Safe
1.54,15.99,35.35,37.73,0.25,9.85,21.5,0.4,0,Safe
1.76,3.11,43.33,23.69,0.52,7.45,18.01,2.1,0,Safe
13.8,53.61,52.01,37.69,0.53,41.62,21.52,22.5,0,Safe
0.13,9.4,36.84,29.68,0.54,13.66,32.27,0.0,0,Safe
14.08,110.64,67.4,33.89,0.72,44.09,18.53,30.0,1,Watch
0.4,7.92,38.38,36.43,0.12,13.33,28.51,0.7,0,Safe
30.89,141.57,82.44,32.11,1.06,39.22,15.27,34.2,1,Watch
88.7,124.99,85.09,37.35,1.82,37.49,22.59,52.2,1,Watch
33.05,50.91,66.25,32.21,0.64,34.22,18.67,24.3,0,Safe
32.84,36.0,48.94,47.04,0.95,26.49,20.32,23.1,0,Safe
19.66,50.72,74.27,45.44,0.55,24.78,19.39,22.4,0,Safe
51.06,130.95,72.81,37.19,1.45,51.2,18.67,55.4,1,Watch
0.57,12.73,22.29,29.61,0.28,5.38,26.81,0.0,0,Safe
36.12,118.12,61.9,42.5,0.78,16.29,14.19,23.5,0,Safe
18.96,56.66,66.39,19.95,0.95,17.68,21.44,7.0,0,Safe
0.58,20.15,52.19,35.08,0.23,8.01,24.19,5.0,0,Safe
32.51,35.04,67.71,40.3,0.95,31.34,20.58,28.1,0,Safe
29.49,216.01,76.25,27.84,0.82,52.56,14.75,42.0,1,Watch
3.88,13.0,37.94,35.28,0.24,5.14,22.7,5.8,0,Safe
24.57,93.62,58.11,28.3,0.4,19.28,18.95,12.9,0,Safe
0.56,24.63,36.89,28.71,0.32,12.18,25.86,0.0,0,Safe
50.59,318.47,93.12,38.37,4.63,67.19,9.6,83.3,3,Critical
78.92,208.04,90.16,37.68,3.63,66.12,17.95,90.1,3,Critical
104.54,354.78,87.35,44.99,2.63,76.92,14.59,100.0,3,Critical
11.29,117.89,54.26,38.41,0.45,26.54,19.96,20.2,0,Safe
5.0,8.35,34.38,29.89,0.49,9.94,22.95,0.0,0,Safe
0.41,3.89,40.61,20.52,0.37,5.63,28.37,0.0,0,Safe
19.91,59.86,54.47,37.16,1.13,16.63,19.14,18.4,0,Safe
2.2,17.83,29.66,27.18,0.31,13.22,28.05,0.4,0,Safe
31.36,168.54,75.33,32.16,1.55,45.8,12.85,47.2,1,Watch
15.33,85.99,49.35,38.3,1.15,32.1,19.17,24.0,0,Safe
0.14,10.96,12.45,32.47,0.56,13.78,25.97,0.0,0,Safe
12.09,119.77,72.94,32.69,0.47,18.34,13.65,15.3,0,Safe
16.96,94.77,69.93,36.54,0.91,11.53,21.99,15.4,0,Safe
1.25,24.65,34.94,27.92,0.3,10.36,25.76,4.8,0,Safe
28.85,118.45,72.52,32.5,0.67,21.15,17.6,25.7,0,Safe
37.44,181.23,76.68,41.02,0.86,41.5,14.49,49.6,1,Watch
24.9,100.28,64.17,24.89,0.83,43.73,17.2,26.4,0,Safe
7.38,53.88,46.27,31.68,0.55,31.35,15.11,14.7,0,Safe
13.78,88.85,54.79,32.89,0.87,27.67,23.52,21.5,0,Safe
97.28,216.34,93.44,53.34,2.94,73.81,13.44,100.0,3,Critical
122.07,232.11,93.72,45.47,2.69,73.66,13.17,100.0,3,Critical
23.72,98.76,64.98,30.21,0.47,32.74,18.39,24.3,0,Safe
1.99,6.93,31.73,39.69,0.24,9.74,29.07,0.0,0,Safe
112.62,196.38,96.59,47.29,2.83,58.76,15.89,94.0,3,Critical
36.59,116.46,74.83,35.51,0.81,34.06,14.22,33.0,1,Watch
1.78,9.68,31.33,41.12,0.18,16.14,22.16,3.6,0,Safe
5.03,19.98,39.01,36.53,0.23,11.87,28.64,0.0,0,Safe
17.33,36.98,69.53,32.33,1.08,27.24,16.34,18.0,0,Safe
16.58,31.92,73.29,31.97,1.19,31.39,21.53,21.5,0,Safe
30.99,128.83,78.42,42.08,1.81,51.23,16.7,52.6,1,Watch
28.27,40.97,61.15,28.1,0.72,34.43,15.68,24.5,0,Safe
37.74,55.82,62.82,32.06,0.58,31.4,23.14,28.9,0,Safe
22.84,59.87,54.67,30.37,0.34,26.58,16.74,18.8,0,Safe
43.6,192.07,80.54,35.04,1.43,28.24,19.38,39.2,1,Watch
67.93,190.34,96.68,54.47,3.56,81.71,17.22,100.0,3,Critical
16.44,96.58,59.04,34.33,0.96,32.25,15.02,23.4,0,Safe
12.57,33.62,54.3,31.89,0.78,32.64,20.5,14.7,0,Safe
87.59,247.26,98.55,43.21,2.52,76.35,16.28,100.0,3,Critical
3.39,12.85,40.92,24.33,0.56,10.9,16.63,2.8,0,Safe
70.14,271.56,97.68,56.34,4.58,89.8,11.02,100.0,3,Critical
2.48,14.81,40.26,25.17,0.11,5.08,22.79,2.2,0,Safe
46.05,207.26,76.79,27.98,1.16,43.85,18.83,40.9,1,Watch
13.99,107.68,51.35,34.34,0.31,35.67,23.6,22.6,0,Safe
2.31,4.32,42.59,21.28,0.5,18.37,22.66,4.7,0,Safe
1.19,24.87,42.36,28.44,0.42,18.8,23.57,9.1,0,Safe
94.6,239.87,89.2,52.27,4.52,61.42,13.77,100.0,3,Critical
12.36,55.35,73.15,40.85,0.35,16.91,20.39,13.7,0,Safe
0.05,19.81,34.82,17.86,0.31,0.28,25.99,7.0,0,Safe
73.89,252.77,87.92,52.38,2.99,71.31,11.55,100.0,3,Critical
0.88,14.08,32.27,22.85,0.49,14.97,28.74,6.7,0,Safe
6.94,80.81,53.61,25.97,0.82,16.44,18.06,9.6,0,Safe
15.42,68.88,53.94,29.46,0.93,20.34,22.8,15.8,0,Safe
0.8,5.24,33.51,29.15,0.52,11.87,25.88,0.0,0,Safe
79.42,343.1,89.37,53.63,2.28,72.8,15.35,100.0,3,Critical
0.4,17.94,19.29,25.72,0.14,6.59,24.26,6.2,0,Safe
99.28,176.26,79.48,45.58,0.86,53.08,12.28,70.3,2,Warning
0.1,23.52,39.1,28.1,0.31,13.46,19.93,0.6,0,Safe
34.07,56.89,66.2,33.25,0.42,23.7,18.44,13.7,0,Safe
18.2,66.15,56.12,21.16,0.92,23.68,16.87,16.1,0,Safe
2.09,24.88,40.0,24.05,0.48,3.11,21.86,0.0,0,Safe
66.64,124.9,82.85,42.23,0.85,39.4,15.7,51.6,1,Watch
39.56,153.18,72.22,45.95,0.97,59.03,18.93,64.4,2,Warning
53.24,366.94,93.28,47.19,2.52,79.04,11.73,100.0,3,Critical
6.81,20.25,41.14,16.23,0.22,9.29,24.28,3.4,0,Safe
54.08,199.52,80.46,32.54,1.0,40.97,11.51,42.7,1,Watch
37.03,208.74,74.03,41.47,0.95,50.06,8.88,56.1,1,Watch
15.22,116.72,74.26,43.0,1.55,48.47,16.18,49.2,1,Watch
73.46,364.56,85.63,50.24,2.85,69.29,9.54,100.0,3,Critical
2.49,13.08,44.77,10.0,0.21,8.75,20.6,4.2,0,Safe
126.34,361.34,92.78,57.37,3.54,86.89,15.99,100.0,3,Critical
11.24,45.67,63.6,31.19,0.61,32.99,19.25,17.6,0,Safe
2.09,11.26,28.18,31.0,0.55,8.48,22.67,1.3,0,Safe
1.74,21.53,33.69,21.82,0.19,15.72,22.13,0.0,0,Safe
0.51,4.27,27.82,30.72,0.21,12.71,25.43,0.9,0,Safe
59.26,181.97,69.61,37.57,1.49,54.14,15.8,63.5,2,Warning
96.59,344.75,98.04,36.57,3.69,83.51,16.87,98.1,3,Critical
2.95,13.94,29.58,30.92,0.35,9.75,22.17,0.8,0,Safe
3.21,107.81,86.74,32.56,0.36,23.45,22.03,15.8,0,Safe
2.99,13.77,31.02,32.38,0.49,9.74,25.43,0.0,0,Safe
11.5,20.45,30.02,32.99,0.3,12.61,29.05,4.9,0,Safe
15.18,64.45,55.98,38.18,0.94,32.2,16.07,20.8,0,Safe
0.11,4.84,34.44,35.27,0.17,9.84,24.37,0.0,0,Safe
121.87,118.29,66.21,27.62,1.34,40.93,15.98,38.3,1,Watch
14.23,87.26,65.14,30.79,1.01,25.24,18.2,20.6,0,Safe
16.44,101.06,63.76,41.86,0.57,29.9,22.37,28.9,0,Safe
33.84,166.74,90.2,25.31,1.71,34.5,16.55,35.4,1,Watch
0.64,21.53,25.98,30.05,0.48,9.19,19.69,4.7,0,Safe
31.23,202.89,75.98,35.51,1.97,23.66,13.9,38.1,1,Watch
3.26,16.12,28.31,17.03,0.31,12.54,23.24,4.5,0,Safe
21.47,47.71,74.66,41.2,0.89,24.32,27.0,25.5,0,Safe
3.54,21.3,26.97,21.22,0.54,16.87,26.18,0.0,0,Safe
8.43,11.29,32.22,36.58,0.21,1.35,29.95,7.4,0,Safe
27.36,65.16,71.89,28.24,0.63,19.56,16.36,15.5,0,Safe
50.58,141.63,78.49,39.16,1.59,31.28,14.3,43.3,1,Watch
6.79,17.85,37.26,23.27,0.29,7.25,20.17,5.2,0,Safe
6.57,15.34,22.88,30.55,0.59,7.05,29.96,3.5,0,Safe
34.57,46.91,65.34,25.22,1.04,35.23,18.07,20.6,0,Safe
34.73,175.23,82.09,40.5,1.41,43.77,16.23,56.6,1,Watch
33.92,84.05,71.29,38.95,0.99,27.91,13.85,28.9,0,Safe
37.22,70.25,59.09,31.03,0.44,29.93,15.37,23.8,0,Safe
4.58,13.21,36.65,25.05,0.41,12.14,18.21,4.9,0,Safe
43.59,44.11,56.72,36.58,0.98,25.35,17.57,23.8,0,Safe
38.11,114.9,65.61,35.85,0.64,28.96,21.97,26.5,0,Safe
15.46,88.57,53.53,36.04,0.72,27.43,23.23,24.6,0,Safe
26.32,134.54,76.25,30.28,0.85,38.83,17.74,31.7,1,Watch
0.27,16.79,41.33,23.14,0.51,10.86,21.3,1.2,0,Safe
0.6,18.45,32.62,34.67,0.56,14.96,26.81,0.6,0,Safe
8.43,15.98,33.7,17.19,0.14,13.63,20.06,1.3,0,Safe
0.17,17.17,28.74,19.57,0.11,5.74,20.45,0.8,0,Safe
78.11,300.32,92.81,43.99,3.03,62.43,17.43,93.9,3,Critical
2.28,19.72,18.4,22.63,0.2,4.29,29.31,0.3,0,Safe
17.96,119.89,70.21,33.5,1.15,27.92,21.9,23.7,0,Safe
119.35,257.17,88.93,40.4,3.14,67.66,12.41,88.7,3,Critical
9.91,43.32,66.43,30.61,1.09,32.04,25.25,20.5,0,Safe
1.15,5.69,38.71,34.68,0.45,5.73,19.92,4.0,0,Safe
1.45,20.92,43.45,34.88,0.45,11.69,17.91,7.4,0,Safe
2.44,18.91,32.19,32.06,0.38,0.94,27.92,4.9,0,Safe
1.04,20.66,34.04,13.68,0.49,9.35,25.27,0.0,0,Safe
105.03,364.47,86.34,42.5,2.93,80.22,12.27,100.0,3,Critical
35.58,160.68,78.78,31.93,1.92,36.95,13.51,45.0,1,Watch
22.98,179.62,81.44,38.69,0.92,38.58,15.13,45.8,1,Watch
39.22,143.86,82.51,32.3,1.46,50.07,16.7,44.2,1,Watch
4.32,23.79,39.58,21.75,0.29,4.63,28.29,4.0,0,Safe
12.5,12.58,32.34,21.24,0.11,10.86,27.01,7.8,0,Safe
68.91,174.64,75.41,40.25,1.05,49.68,15.7,62.3,2,Warning
71.5,353.86,97.63,38.27,4.5,62.72,17.09,84.0,3,Critical
43.13,197.35,74.16,47.32,1.39,44.69,11.74,65.6,2,Warning
5.61,22.93,19.16,27.36,0.55,13.36,25.07,4.5,0,Safe
23.57,79.95,84.68,28.48,0.45,26.12,21.45,19.9,0,Safe
7.83,93.78,60.17,38.2,0.51,26.55,16.49,17.5,0,Safe
12.34,77.63,72.15,25.57,0.69,24.03,20.72,12.6,0,Safe
59.72,186.14,76.01,33.3,1.01,42.44,15.71,51.8,1,Watch
27.3,112.71,57.14,35.06,0.48,26.49,17.81,20.3,0,Safe
31.94,64.36,60.39,26.87,0.33,35.54,18.51,24.5,0,Safe
79.2,323.84,96.1,47.76,3.75,84.66,8.17,100.0,3,Critical
0.21,11.07,44.9,21.8,0.38,8.78,24.49,4.6,0,Safe
3.44,4.4,34.16,24.49,0.57,16.46,25.27,1.5,0,Safe
41.8,83.17,61.69,31.16,1.16,19.74,23.59,23.9,0,Safe
10.96,93.09,56.94,26.27,0.6,26.88,17.71,9.4,0,Safe
27.45,177.51,79.81,32.9,1.53,53.63,11.02,46.9,1,Watch
60.93,261.66,86.19,51.24,3.39,62.63,12.38,98.0,3,Critical
4.34,23.3,33.19,18.87,0.16,10.05,24.12,0.4,0,Safe
45.81,119.47,67.69,30.42,0.91,21.32,17.94,23.0,0,Safe
13.01,35.76,70.13,36.11,1.16,31.19,21.12,26.1,0,Safe
71.35,191.38,76.46,44.17,1.96,57.52,20.94,78.6,2,Warning
124.59,364.85,88.75,52.27,2.08,58.77,17.0,96.4,3,Critical
0.88,14.73,27.07,31.45,0.56,10.32,19.94,6.4,0,Safe
0.28,10.63,32.51,23.32,0.29,0.79,26.9,0.9,0,Safe
1.02,10.46,27.58,30.42,0.5,8.71,22.85,4.9,0,Safe
17.75,66.36,54.42,39.58,0.9,41.64,17.71,29.8,0,Safe
18.59,119.54,60.42,38.99,1.01,37.06,16.0,33.6,1,Watch
19.92,110.62,45.58,23.98,1.1,21.5,21.95,19.0,0,Safe
8.44,5.77,36.07,39.05,0.49,14.74,28.12,4.3,0,Safe
29.17,72.12,69.46,32.18,0.34,26.63,22.81,20.7,0,Safe
0.07,13.51,18.42,34.21,0.45,2.04,24.17,0.0,0,Safe
18.27,117.92,68.6,32.57,1.15,27.28,17.92,26.8,0,Safe
25.48,213.83,71.55,30.35,1.93,37.85,14.29,42.3,1,Watch
100.31,312.22,88.08,55.3,3.0,56.75,13.15,100.0,3,Critical
12.83,104.94,56.7,29.8,0.45,13.08,20.7,6.8,0,Safe
2.94,13.24,44.8,34.25,0.3,10.09,26.84,2.4,0,Safe
1.13,15.48,28.99,39.93,0.27,10.24,23.64,1.6,0,Safe
2.99,24.54,39.76,23.49,0.5,1.76,27.82,0.0,0,Safe
1.49,18.91,29.07,29.58,0.31,9.39,20.34,5.3,0,Safe
15.43,80.27,58.31,30.21,1.17,8.53,16.91,13.3,0,Safe
66.77,144.54,82.4,32.85,0.91,34.52,14.03,42.7,1,Watch
0.87,5.83,40.16,31.45,0.6,3.78,21.41,1.2,0,Safe
40.61,182.96,83.12,42.8,1.61,42.68,13.08,51.4,1,Watch
38.88,155.55,74.41,48.43,1.96,52.99,13.48,67.7,2,Warning
115.89,196.51,86.15,52.65,2.39,61.37,7.59,99.1,3,Critical
125.36,316.09,86.11,50.84,1.9,60.37,14.1,98.1,3,Critical
66.23,118.39,55.15,36.29,0.98,27.0,12.0,33.5,1,Watch
17.55,107.51,61.97,28.39,0.32,40.33,14.1,26.9,0,Safe
1.06,4.93,36.1,38.64,0.44,7.62,24.24,0.0,0,Safe
38.2,86.75,63.21,40.04,0.78,20.51,18.55,30.2,1,Watch
1.76,10.07,44.22,23.74,0.44,11.89,29.53,2.6,0,Safe
25.26,64.31,53.9,34.2,0.47,28.84,17.15,23.0,0,Safe
69.21,232.09,94.72,45.7,4.33,58.86,11.52,97.8,3,Critical
11.14,110.65,78.65,31.84,0.35,32.29,16.71,23.0,0,Safe
0.25,1.88,39.2,21.48,0.41,8.46,32.35,0.0,0,Safe
0.04,6.33,42.11,27.75,0.51,11.12,25.88,0.0,0,Safe
51.87,162.12,72.13,34.78,1.14,39.83,10.61,43.0,1,Watch
4.17,3.09,37.65,34.88,0.25,7.75,26.49,2.3,0,Safe
9.72,103.95,67.51,35.45,0.55,33.24,15.61,23.1,0,Safe
9.65,72.1,66.73,33.41,0.37,33.61,19.02,25.5,0,Safe
0.24,21.32,41.71,27.16,0.14,14.1,28.08,0.0,0,Safe
0.7,12.75,18.99,37.74,0.3,10.07,20.56,0.0,0,Safe
123.37,344.37,91.67,43.26,3.39,85.33,15.72,100.0,3,Critical
57.81,156.19,69.7,39.13,1.74,52.18,12.85,60.6,2,Warning
102.5,259.78,93.83,40.07,4.35,62.96,19.08,91.4,3,Critical
1.21,11.71,29.86,24.59,0.55,15.2,25.6,0.0,0,Safe
2.33,24.04,34.61,18.0,0.56,8.66,19.05,0.8,0,Safe
25.11,144.09,81.15,33.59,1.41,46.48,13.99,43.0,1,Watch
44.46,116.85,75.8,35.07,0.36,29.04,14.63,32.7,1,Watch
1.31,6.95,32.85,43.15,0.3,9.77,24.67,0.0,0,Safe
58.37,124.53,74.76,39.48,0.99,30.45,12.44,47.5,1,Watch
29.83,205.79,78.32,42.8,1.97,42.06,14.22,55.7,1,Watch
19.91,73.05,63.72,39.45,0.61,24.31,13.92,22.9,0,Safe
36.78,35.56,75.56,32.03,1.1,33.02,18.61,22.8,0,Safe
25.45,147.94,83.21,20.28,1.94,50.31,17.02,31.8,1,Watch
22.89,117.43,67.42,21.34,0.99,33.46,22.22,16.9,0,Safe
13.5,87.52,69.25,38.54,0.73,11.41,21.2,16.0,0,Safe
0.74,24.73,36.93,28.97,0.21,7.96,28.73,0.0,0,Safe
0.05,15.83,35.73,19.48,0.14,6.58,22.95,4.8,0,Safe
42.49,112.93,46.51,34.6,0.91,32.06,20.27,28.1,0,Safe
30.2,41.04,59.39,40.78,0.38,32.94,19.55,25.1,0,Safe
0.68,15.29,33.29,20.12,0.49,11.42,25.58,0.0,0,Safe
1.98,19.15,42.19,31.85,0.31,14.1,21.96,0.0,0,Safe
29.85,70.61,48.24,33.24,0.44,25.07,21.86,19.5,0,Safe
22.55,146.34,77.53,37.36,0.99,56.6,15.32,48.2,1,Watch
0.32,13.49,44.2,18.59,0.24,3.73,21.9,0.0,0,Safe
15.47,82.37,49.4,39.18,1.12,40.22,18.11,36.2,1,Watch
39.19,124.88,76.83,50.07,1.77,32.25,15.76,47.5,1,Watch
0.23,20.18,38.47,24.27,0.41,10.11,19.8,2.5,0,Safe
32.97,81.45,66.05,34.05,0.52,31.02,19.85,26.1,0,Safe
8.11,2.14,32.83,38.18,0.16,9.7,22.74,0.0,0,Safe
3.74,17.34,33.09,34.03,0.52,6.31,34.64,5.4,0,Safe
88.04,313.0,88.76,55.07,3.63,69.41,13.41,100.0,3,Critical
44.84,38.12,60.32,32.75,0.38,46.18,20.55,31.9,1,Watch
110.74,218.75,79.67,39.68,1.77,42.39,14.31,70.4,2,Warning
3.67,16.96,39.6,40.35,0.21,7.67,26.01,9.0,0,Safe
2.91,20.88,41.62,35.35,0.56,11.33,25.02,0.0,0,Safe
6.57,14.96,34.7,33.17,0.16,6.05,24.3,0.0,0,Safe
35.06,41.22,70.98,34.99,1.0,19.34,19.61,22.2,0,Safe
0.45,0.28,35.56,24.17,0.37,9.7,20.68,0.0,0,Safe
22.15,146.02,74.56,44.4,1.82,41.42,21.18,48.2,1,Watch
68.84,215.68,93.75,53.81,2.83,91.49,14.15,100.0,3,Critical
58.73,377.77,96.66,52.39,1.93,66.07,16.99,100.0,3,Critical
1.76,10.56,39.26,26.93,0.31,2.33,30.48,0.3,0,Safe
12.88,76.38,65.04,39.21,0.82,33.76,16.65,29.7,0,Safe
1.24,18.36,15.32,26.68,0.24,12.45,33.89,1.8,0,Safe
18.58,218.52,77.71,33.59,1.17,42.07,16.29,42.4,1,Watch
0.55,23.9,40.23,24.15,0.22,5.74,23.76,0.0,0,Safe
82.31,312.71,98.67,49.57,4.69,63.63,15.87,100.0,3,Critical
0.29,8.71,39.64,15.74,0.24,12.54,19.98,4.3,0,Safe
19.37,177.72,79.58,46.39,1.79,33.78,11.08,51.0,1,Watch
26.69,92.23,56.11,29.41,0.3,24.59,24.62,16.2,0,Safe
5.82,22.06,29.87,20.97,0.24,6.59,26.79,1.1,0,Safe
119.99,309.81,85.97,47.02,1.81,91.15,11.68,99.2,3,Critical
36.57,123.04,80.74,38.4,0.89,40.86,14.26,43.8,1,Watch
91.98,141.25,83.0,34.28,1.49,38.59,14.26,48.5,1,Watch
21.07,157.8,79.17,36.41,1.93,40.0,20.79,42.7,1,Watch
53.43,181.3,67.34,37.14,1.66,43.94,14.16,52.0,1,Watch
0.79,11.9,45.87,25.06,0.21,20.45,21.62,6.0,0,Safe
0.5,16.9,25.92,29.42,0.36,10.01,24.47,4.0,0,Safe
50.99,139.56,74.1,33.12,1.84,32.12,13.29,45.6,1,Watch
0.99,7.52,20.51,42.33,0.18,12.88,26.87,1.3,0,Safe
67.62,163.68,79.88,35.3,1.43,45.05,19.11,52.2,1,Watch
0.62,23.4,45.12,21.03,0.5,6.52,28.34,0.0,0,Safe
26.76,58.41,41.91,29.53,0.64,23.75,18.77,13.3,0,Safe
24.81,102.18,74.5,45.86,0.92,33.23,20.67,36.0,1,Watch
18.51,73.02,67.88,35.61,0.37,23.4,14.96,14.2,0,Safe
115.55,211.59,97.59,43.27,3.07,63.41,17.86,92.2,3,Critical
4.97,18.66,47.78,30.09,0.45,13.37,25.56,0.0,0,Safe
102.97,196.04,89.28,55.41,1.81,76.75,14.25,100.0,3,Critical
21.71,84.26,54.69,35.94,0.62,32.72,19.93,25.3,0,Safe
1.53,0.29,22.8,22.16,0.55,10.73,28.46,0.0,0,Safe
16.76,106.12,71.81,28.03,0.97,33.1,22.12,26.6,0,Safe
8.93,18.17,33.3,10.15,0.13,11.5,22.09,7.5,0,Safe
37.75,99.38,65.24,32.11,0.48,27.76,18.83,31.2,1,Watch
0.9,11.76,35.09,29.86,0.29,7.02,25.68,0.8,0,Safe
32.32,50.28,55.89,31.59,1.2,15.26,18.79,14.1,0,Safe
54.96,55.79,95.71,36.59,1.18,31.44,23.0,36.9,1,Watch
59.3,213.33,70.43,34.73,0.97,64.54,16.7,64.9,2,Warning
25.73,42.21,64.43,27.08,1.2,28.24,21.21,19.1,0,Safe
35.15,202.38,75.9,49.75,1.27,39.64,17.08,59.5,1,Watch
2.54,8.49,36.4,26.87,0.52,2.48,20.98,1.5,0,Safe
53.79,156.26,82.54,30.47,1.81,45.98,22.84,48.3,1,Watch
11.57,88.51,67.05,29.28,1.07,32.37,22.63,23.7,0,Safe
70.85,338.73,89.3,52.19,2.03,80.08,13.92,100.0,3,Critical
0.3,7.91,42.16,34.0,0.26,16.27,20.91,0.0,0,Safe
89.49,203.7,78.01,33.4,0.82,36.66,19.5,44.9,1,Watch
60.71,185.58,84.04,47.97,1.91,37.46,12.6,70.2,2,Warning
0.59,4.92,33.8,37.41,0.23,9.51,21.2,0.0,0,Safe
93.66,116.66,69.24,40.19,1.8,31.72,17.54,48.1,1,Watch
62.66,215.36,94.46,57.98,3.62,91.39,9.99,100.0,3,Critical
31.45,121.51,74.91,44.75,1.77,36.51,14.31,48.5,1,Watch
0.92,22.6,33.11,26.84,0.4,7.1,21.33,4.0,0,Safe
2.79,11.05,40.59,33.41,0.24,6.42,26.0,2.1,0,Safe
0.93,16.12,26.69,35.01,0.32,13.29,19.42,2.4,0,Safe
25.46,161.24,78.87,42.59,1.69,53.19,9.07,53.0,1,Watch
21.06,53.98,74.01,29.62,0.66,34.0,13.68,17.5,0,Safe
3.67,7.18,35.89,31.31,0.27,11.58,23.57,1.1,0,Safe
96.58,355.72,96.38,54.93,2.17,58.04,20.45,100.0,3,Critical
8.54,56.73,72.53,33.41,0.79,29.82,17.67,15.3,0,Safe
109.71,203.32,98.52,46.48,2.02,78.7,17.38,100.0,3,Critical
12.44,86.93,69.64,40.12,0.35,31.69,16.66,21.2,0,Safe
77.19,122.71,82.72,34.21,1.61,52.78,16.66,58.1,1,Watch
0.62,19.52,36.55,43.06,0.51,14.49,19.65,0.7,0,Safe
125.35,359.89,96.28,36.29,3.31,79.32,13.6,89.9,3,Critical
15.97,117.36,64.92,38.93,0.57,32.19,17.12,25.0,0,Safe
99.05,175.47,69.47,31.58,1.66,38.72,11.37,49.4,1,Watch
22.4,77.35,68.25,37.46,0.38,34.24,20.17,23.2,0,Safe
11.01,117.73,62.3,32.68,1.16,33.67,22.96,29.7,0,Safe
29.98,138.94,75.34,46.95,0.82,61.43,12.8,60.7,2,Warning
20.66,102.74,57.29,40.06,0.65,28.85,19.41,24.9,0,Safe
63.53,213.34,97.63,39.39,3.75,71.46,13.32,94.1,3,Critical
36.16,144.85,71.86,41.22,1.23,42.21,15.48,48.5,1,Watch
53.22,100.41,59.73,29.51,0.67,33.09,24.47,26.8,0,Safe
0.27,22.34,38.56,33.93,0.57,12.44,22.67,0.0,0,Safe
28.08,112.71,69.42,24.03,0.8,33.82,13.76,27.8,0,Safe
42.61,59.42,71.49,36.85,0.42,27.12,21.99,29.4,0,Safe
54.19,323.17,89.18,46.5,2.8,66.81,19.59,96.3,3,Critical
1.49,22.87,41.6,17.2,0.39,4.86,21.73,3.0,0,Safe
5.25,6.87,30.49,23.86,0.31,15.2,26.69,6.8,0,Safe
0.56,21.6,47.86,37.4,0.32,18.13,24.96,1.0,0,Safe
2.44,20.52,39.44,34.1,0.38,7.05,31.75,0.0,0,Safe
3.43,23.72,40.24,29.41,0.2,6.58,28.04,1.0,0,Safe
1.75,21.55,39.53,22.04,0.31,18.28,18.86,4.4,0,Safe
0.25,4.76,40.0,22.83,0.45,9.26,23.08,1.3,0,Safe
64.56,170.74,88.55,25.72,1.85,39.23,15.59,38.7,1,Watch
1.7,3.12,40.61,23.77,0.44,10.15,23.85,4.7,0,Safe
4.61,17.73,37.78,39.58,0.21,10.93,14.28,2.6,0,Safe
20.63,47.14,59.42,46.99,0.36,29.71,20.34,27.2,0,Safe
1.15,4.29,26.37,25.05,0.45,12.69,17.85,0.0,0,Safe
82.58,165.32,71.21,33.37,1.16,47.44,15.65,52.8,1,Watch
37.52,86.48,59.66,36.11,0.37,31.36,18.14,25.7,0,Safe
5.44,63.09,56.58,35.39,0.81,26.75,16.13,15.1,0,Safe
58.26,171.26,77.49,43.54,1.96,50.29,16.36,70.1,2,Warning
1.27,10.44,34.59,25.8,0.41,16.97,27.81,0.0,0,Safe
1.61,13.65,35.66,37.53,0.23,11.1,20.94,0.0,0,Safe
43.21,116.19,57.96,29.23,0.92,33.08,24.97,34.6,1,Watch
17.98,51.5,57.15,26.87,0.72,11.14,18.54,9.8,0,Safe
4.11,8.77,30.74,35.11,0.3,10.57,22.9,5.3,0,Safe
3.28,24.84,33.19,24.12,0.58,11.64,23.79,1.9,0,Safe
0.73,8.39,42.49,29.37,0.36,10.59,25.82,4.1,0,Safe
0.03,15.39,43.49,36.31,0.56,11.91,24.7,2.9,0,Safe
52.43,171.12,90.02,30.61,1.47,49.15,20.29,48.9,1,Watch
44.25,69.82,61.16,36.37,0.3,33.63,17.95,28.2,0,Safe
0.14,19.66,30.75,17.68,0.43,23.39,24.94,7.1,0,Safe
5.56,4.5,22.97,22.37,0.48,10.02,24.63,5.0,0,Safe
29.87,122.38,68.47,39.38,1.01,41.47,15.96,40.4,1,Watch
45.8,73.35,59.86,38.59,1.15,24.53,18.98,25.9,0,Safe
48.97,171.31,94.38,41.94,1.04,49.96,15.4,59.3,1,Watch
2.49,20.26,56.61,34.24,0.36,8.78,22.52,3.5,0,Safe
3.71,65.75,65.98,29.93,0.88,23.21,17.18,12.3,0,Safe
73.28,341.29,96.75,48.12,3.81,53.77,16.9,96.8,3,Critical
0.84,14.24,29.22,32.87,0.37,9.68,21.68,0.3,0,Safe
19.14,34.74,42.17,34.51,0.61,13.35,14.82,10.7,0,Safe
0.99,16.53,41.62,26.14,0.42,8.12,20.45,0.4,0,Safe
39.99,110.82,78.63,40.43,0.86,28.5,16.75,37.8,1,Watch
1.51,15.35,40.4,35.29,0.4,10.49,26.14,2.5,0,Safe
0.49,3.03,35.82,17.87,0.26,4.18,20.1,1.4,0,Safe
54.33,134.31,76.9,46.04,1.28,51.82,12.63,60.4,2,Warning
29.07,181.92,79.96,33.83,0.9,53.78,16.83,48.1,1,Watch
23.68,30.2,70.61,32.78,0.67,21.16,20.15,13.5,0,Safe
0.83,23.53,25.76,38.94,0.5,8.18,25.63,2.1,0,Safe
0.53,23.56,32.42,23.67,0.25,6.77,26.65,0.0,0,Safe
0.0,19.51,42.39,19.96,0.27,6.22,21.79,2.3,0,Safe
28.57,154.61,79.41,33.32,1.21,62.6,15.57,51.5,1,Watch
6.73,4.38,48.24,24.06,0.18,8.2,23.79,6.5,0,Safe
66.38,333.78,93.62,47.86,4.61,81.72,19.32,100.0,3,Critical
41.71,147.41,79.45,35.91,1.21,36.63,22.45,44.3,1,Watch
14.32,91.53,51.17,38.52,0.85,26.82,17.93,25.1,0,Safe
23.49,98.09,59.46,38.48,0.64,25.92,20.69,21.3,0,Safe
31.56,191.2,86.0,36.62,1.97,42.84,14.72,52.4,1,Watch
17.48,39.11,52.67,40.42,0.92,30.86,19.0,14.9,0,Safe
35.68,118.91,69.24,33.49,1.3,47.33,12.35,41.1,1,Watch
11.69,4.72,36.36,18.65,0.14,2.9,24.63,0.4,0,Safe
92.39,360.77,89.0,55.52,2.96,91.52,15.09,100.0,3,Critical
46.49,32.85,55.77,40.32,1.14,32.74,22.26,30.6,1,Watch
62.54,237.12,87.12,50.9,4.42,83.64,21.64,100.0,3,Critical
14.18,106.17,62.56,38.33,0.84,27.3,18.07,25.8,0,Safe
45.77,79.64,68.74,29.85,0.42,34.05,24.01,25.1,0,Safe
93.25,312.65,97.7,41.95,4.72,79.95,14.74,100.0,3,Critical
0.0,9.87,19.98,27.59,0.4,13.0,20.27,2.4,0,Safe
7.26,108.62,59.87,29.87,0.37,21.14,17.27,17.6,0,Safe
2.05,19.39,36.98,23.21,0.47,7.75,22.32,1.4,0,Safe
116.64,195.62,96.26,39.82,1.86,83.39,15.28,90.2,3,Critical
21.5,45.22,52.39,33.19,0.51,30.38,18.93,19.4,0,Safe
97.3,262.14,96.39,42.91,2.77,74.69,12.14,93.9,3,Critical
12.35,81.11,50.56,41.38,1.05,38.91,22.74,29.0,0,Safe
16.21,77.41,54.82,36.96,1.2,30.96,17.48,26.2,0,Safe
27.5,45.3,58.35,36.5,0.3,36.14,21.19,23.0,0,Safe
31.26,139.0,74.38,42.43,1.5,58.9,16.75,63.8,2,Warning
0.54,12.59,37.36,27.04,0.51,6.03,25.25,0.0,0,Safe
54.39,174.33,79.45,39.69,1.85,49.11,13.66,61.0,2,Warning
2.16,9.92,47.22,26.42,0.55,12.61,22.34,3.1,0,Safe
6.9,13.59,28.64,25.61,0.15,5.18,22.9,0.0,0,Safe
21.42,184.73,78.09,27.44,1.21,43.67,11.48,34.3,1,Watch
44.44,90.69,69.11,25.51,1.11,33.32,20.5,22.7,0,Safe
86.42,345.49,91.1,41.74,2.36,73.56,11.74,99.9,3,Critical
10.6,128.39,71.63,32.5,1.99,57.88,20.59,42.5,1,Watch
25.4,86.93,71.77,34.29,0.96,26.64,20.24,22.6,0,Safe
33.64,117.42,78.01,48.54,1.34,28.14,14.79,44.2,1,Watch
81.08,176.46,87.12,36.62,0.88,48.03,14.4,57.8,1,Watch
23.68,49.07,71.65,25.15,0.98,41.43,20.59,23.2,0,Safe
5.28,47.21,81.25,28.54,1.05,36.35,19.41,20.2,0,Safe
0.32,23.27,32.4,20.33,0.18,9.47,28.05,0.0,0,Safe
22.85,75.05,62.74,31.05,0.44,30.19,19.9,18.3,0,Safe
0.14,23.63,44.69,28.94,0.2,8.98,21.65,0.8,0,Safe
0.87,6.45,21.11,23.56,0.54,11.03,20.76,0.0,0,Safe
58.36,302.35,88.36,41.75,4.05,62.02,7.24,87.0,3,Critical
2.58,11.29,50.11,32.6,0.31,4.41,25.08,5.0,0,Safe
81.6,302.26,91.58,50.32,2.65,85.92,14.0,100.0,3,Critical
57.02,194.91,89.03,23.06,1.51,35.35,16.09,38.9,1,Watch
71.68,178.16,77.98,32.31,1.41,49.03,18.01,55.2,1,Watch
34.96,103.02,67.95,39.51,1.01,18.27,20.44,24.2,0,Safe
0.7,23.2,27.85,28.1,0.42,6.94,15.78,6.1,0,Safe
1.24,2.84,28.88,24.97,0.51,13.07,19.05,0.0,0,Safe
121.67,257.88,85.38,38.58,4.01,74.89,17.86,94.0,3,Critical
1.5,0.94,22.01,28.35,0.54,5.48,27.18,0.0,0,Safe
2.3,10.34,32.23,18.14,0.12,8.57,25.83,0.0,0,Safe
0.12,24.5,25.54,38.33,0.23,14.06,22.37,1.4,0,Safe
3.68,2.99,40.48,29.72,0.31,13.98,26.22,0.0,0,Safe
55.46,47.27,62.61,32.71,0.73,25.46,15.95,25.2,0,Safe
98.75,299.09,98.04,43.85,4.17,54.45,11.89,91.9,3,Critical
81.52,141.63,68.02,47.18,0.87,46.18,17.21,62.0,2,Warning
129.97,248.98,87.82,56.84,3.07,53.48,14.62,100.0,3,Critical
54.87,174.24,82.36,35.42,1.2,46.15,13.68,45.2,1,Watch
34.3,199.49,73.35,40.38,1.09,38.25,14.01,48.9,1,Watch
68.73,135.98,80.11,46.92,1.04,58.38,21.17,82.8,3,Critical
34.78,165.52,83.22,42.58,1.45,54.68,14.66,56.3,1,Watch
51.67,137.53,87.28,36.48,1.55,43.47,17.86,51.4,1,Watch
6.34,56.51,62.61,29.15,1.07,24.88,16.21,8.6,0,Safe
12.71,89.9,64.91,36.79,1.02,36.4,19.06,29.4,0,Safe
29.37,77.07,77.35,30.87,0.42,40.89,12.61,28.8,0,Safe
27.52,95.57,70.74,38.73,0.95,37.76,23.91,35.5,1,Watch
32.75,175.39,83.3,39.59,1.08,49.6,19.75,53.0,1,Watch
8.48,93.73,52.85,34.26,0.37,24.24,15.19,13.0,0,Safe
43.97,209.9,63.09,34.79,1.91,56.4,15.23,60.1,2,Warning
39.73,148.77,69.68,37.47,1.01,54.52,13.47,53.3,1,Watch
112.11,253.96,97.82,49.52,2.73,63.13,11.8,100.0,3,Critical
79.54,315.58,90.31,53.35,3.13,74.23,13.43,100.0,3,Critical
3.33,20.35,36.36,25.89,0.23,5.59,31.89,1.8,0,Safe
38.93,185.92,84.28,36.4,1.87,48.24,13.66,57.7,1,Watch
52.62,169.89,73.74,34.26,1.2,58.47,15.57,57.2,1,Watch
1.42,3.29,23.18,26.91,0.51,9.58,21.55,8.4,0,Safe
28.2,82.22,44.82,30.19,0.78,37.23,14.77,21.8,0,Safe
3.18,17.04,30.15,22.31,0.2,6.17,25.73,3.9,0,Safe
36.23,76.94,83.91,31.11,0.98,20.95,18.38,23.2,0,Safe
49.95,81.68,57.11,28.89,1.03,20.38,18.73,18.9,0,Safe
81.98,233.96,89.59,48.14,4.37,55.66,18.2,97.3,3,Critical
41.23,73.99,71.74,23.78,0.89,28.15,27.01,19.8,0,Safe
70.28,206.46,67.66,30.18,1.49,39.4,17.03,44.8,1,Watch
3.23,17.08,28.73,32.07,0.12,7.21,25.52,2.4,0,Safe
21.76,91.39,62.54,39.64,1.2,30.15,20.73,25.4,0,Safe
0.25,8.12,42.47,24.26,0.39,8.4,21.42,1.1,0,Safe
5.92,24.82,37.33,37.81,0.39,9.32,26.32,9.2,0,Safe
4.0,11.86,43.78,31.47,0.34,14.83,24.21,5.1,0,Safe
2.18,11.11,51.93,27.0,0.42,6.12,21.23,5.6,0,Safe
1.43,0.28,24.64,29.83,0.52,8.75,20.95,0.0,0,Safe
3.24,7.92,34.37,24.08,0.4,13.35,27.39,3.1,0,Safe
2.26,5.8,34.18,33.36,0.24,19.77,26.47,1.9,0,Safe
37.15,156.91,77.15,29.21,1.47,44.54,18.56,37.3,1,Watch
52.3,244.75,92.7,47.91,2.33,55.0,9.95,85.5,3,Critical
18.44,87.91,57.9,36.41,0.4,18.15,19.31,16.0,0,Safe
1.41,22.99,23.27,27.57,0.18,9.3,21.21,0.8,0,Safe
89.81,356.34,94.2,39.27,3.18,84.21,18.12,98.2,3,Critical
20.21,115.26,70.8,42.67,1.71,61.09,15.16,58.9,1,Watch
4.79,85.29,59.81,39.95,1.19,32.81,19.22,26.6,0,Safe
0.71,19.41,29.41,29.06,0.13,15.38,25.7,2.7,0,Safe
2.78,20.24,24.09,25.12,0.56,13.28,25.1,0.1,0,Safe
1.95,14.13,34.88,23.22,0.32,9.53,25.66,0.0,0,Safe
6.73,119.71,64.66,33.46,0.58,35.52,19.9,24.4,0,Safe
36.49,211.0,72.5,45.32,1.32,62.02,12.58,73.1,2,Warning
23.99,75.21,47.28,20.85,0.76,34.14,18.85,16.9,0,Safe
76.38,182.82,59.22,35.85,1.39,50.2,20.79,57.8,1,Watch
29.16,85.66,67.62,30.57,0.42,30.52,24.63,23.7,0,Safe
2.52,24.24,39.69,36.37,0.29,9.93,29.52,2.9,0,Safe
1.22,18.1,42.57,24.34,0.49,5.7,15.99,2.0,0,Safe
27.11,109.57,70.39,19.58,0.38,29.45,17.65,14.6,0,Safe
17.4,38.0,46.99,40.06,0.38,12.6,19.32,13.2,0,Safe
5.95,3.17,23.22,33.02,0.54,11.9,28.49,0.0,0,Safe
0.11,18.18,36.72,22.44,0.14,8.24,18.93,7.7,0,Safe
30.28,54.25,39.55,36.6,0.74,26.2,18.69,23.9,0,Safe
1.16,24.39,50.0,33.11,0.53,10.6,22.12,2.4,0,Safe
35.19,122.17,77.64,31.61,1.3,36.65,12.49,37.0,1,Watch
0.38,22.23,54.29,34.58,0.36,15.1,30.94,4.5,0,Safe
23.89,53.8,61.54,37.01,0.78,23.47,16.84,23.4,0,Safe
1.32,19.46,39.51,31.91,0.47,6.12,27.18,0.7,0,Safe
16.37,71.17,54.31,44.19,0.73,21.23,16.44,20.1,0,Safe
1.26,11.92,28.19,24.51,0.35,8.26,20.34,5.3,0,Safe
2.64,10.02,30.26,33.22,0.25,8.29,23.3,2.1,0,Safe
12.9,50.35,64.64,40.45,0.76,29.83,19.95,25.1,0,Safe
2.09,6.1,32.11,31.22,0.38,13.54,29.57,2.6,0,Safe
0.49,13.98,36.54,28.48,0.17,1.77,19.11,0.0,0,Safe
125.14,264.41,92.66,53.14,2.85,77.9,14.04,100.0,3,Critical
6.63,15.54,49.76,31.99,0.37,13.03,20.02,4.2,0,Safe
2.87,17.71,40.56,38.1,0.21,4.9,17.79,3.1,0,Safe
2.24,21.88,36.81,36.46,0.51,7.8,30.95,3.5,0,Safe
0.12,6.08,36.54,17.94,0.49,12.43,19.84,0.0,0,Safe
21.65,76.92,69.18,33.82,0.98,35.8,19.78,26.8,0,Safe
2.54,23.58,31.66,15.22,0.18,7.03,21.76,0.0,0,Safe
5.94,14.98,30.91,26.73,0.19,8.1,16.38,5.9,0,Safe
1.76,9.96,47.97,24.87,0.28,13.62,28.07,0.0,0,Safe
1.7,4.36,42.94,29.7,0.26,6.49,22.76,0.0,0,Safe
17.2,46.47,49.76,28.45,0.91,41.56,21.28,17.9,0,Safe
12.65,99.89,55.73,39.55,0.64,29.66,24.56,24.5,0,Safe
1.37,3.28,25.97,26.49,0.28,12.31,32.86,1.1,0,Safe
0.44,1.28,37.25,23.39,0.42,13.58,21.44,0.2,0,Safe
23.95,134.75,71.32,37.56,1.6,40.5,19.8,39.8,1,Watch
32.58,122.41,80.8,42.01,1.43,48.37,20.1,53.4,1,Watch
99.04,217.59,90.01,51.81,3.33,65.15,12.15,100.0,3,Critical
17.1,71.58,51.49,35.66,0.77,26.85,19.49,24.1,0,Safe
0.76,7.45,29.96,19.01,0.31,10.62,18.33,0.0,0,Safe
11.79,118.87,58.56,38.9,0.41,25.55,18.21,21.9,0,Safe
0.07,11.3,25.97,27.2,0.43,3.8,35.44,0.7,0,Safe
24.78,62.56,66.97,31.91,0.49,33.4,27.73,21.0,0,Safe
24.9,103.76,72.31,43.01,0.79,28.63,21.93,32.7,1,Watch
56.36,117.99,78.86,35.54,1.87,49.84,12.16,55.5,1,Watch
22.66,95.17,64.98,26.56,0.52,20.51,20.8,4.4,0,Safe
0.79,2.07,32.8,29.01,0.44,6.0,18.7,0.0,0,Safe
1.52,0.01,22.85,27.05,0.58,1.14,24.38,0.0,0,Safe
2.04,24.28,29.42,34.74,0.25,9.83,26.0,7.2,0,Safe
1.09,10.87,40.96,25.99,0.5,10.3,18.75,5.3,0,Safe
17.05,68.75,75.98,39.78,1.0,24.69,14.82,28.4,0,Safe
1.76,3.34,34.47,17.48,0.49,10.45,26.75,0.0,0,Safe
118.75,236.38,94.79,57.84,2.86,74.36,14.81,100.0,3,Critical
51.82,202.48,86.57,47.17,2.19,86.4,17.85,97.7,3,Critical
57.26,131.24,75.91,36.74,1.2,44.54,17.12,48.8,1,Watch
7.53,23.65,28.02,29.71,0.31,1.64,20.38,2.0,0,Safe
86.36,178.47,81.99,38.32,1.53,45.59,17.0,68.8,2,Warning
0.98,15.62,33.98,32.74,0.1,10.74,26.71,4.0,0,Safe
32.8,186.9,76.62,36.52,1.48,46.43,12.12,56.7,1,Watch
12.15,85.22,69.85,37.73,0.8,27.71,19.96,23.7,0,Safe
54.48,333.98,97.89,44.6,2.72,70.22,18.9,93.8,3,Critical
0.71,17.18,26.74,22.3,0.25,6.92,19.28,1.2,0,Safe
1.54,9.64,35.3,21.65,0.33,6.08,27.42,5.0,0,Safe
50.54,161.05,82.67,46.07,0.8,29.75,19.11,55.8,1,Watch
0.9,24.77,21.27,31.27,0.54,13.99,21.2,2.9,0,Safe
13.65,68.49,65.1,35.6,1.08,23.09,19.08,22.3,0,Safe
1.14,16.97,31.81,45.39,0.13,9.57,22.04,2.8,0,Safe
1.12,3.61,51.56,32.17,0.46,6.48,22.21,0.6,0,Safe
1.11,10.66,24.0,28.91,0.51,9.63,22.92,0.0,0,Safe
61.28,208.42,77.14,27.14,1.49,41.02,17.09,47.0,1,Watch
13.89,107.52,57.24,41.0,0.78,20.07,16.49,25.6,0,Safe
0.42,18.07,35.0,33.3,0.3,12.77,25.71,1.7,0,Safe
0.42,6.39,18.88,27.48,0.31,10.52,27.26,0.7,0,Safe
46.22,115.59,76.24,39.14,1.56,45.93,17.42,49.1,1,Watch
5.12,22.84,34.03,30.34,0.2,17.7,17.61,6.9,0,Safe
2.03,22.92,39.41,24.54,0.11,5.34,24.66,1.0,0,Safe
19.29,79.73,68.45,43.49,0.59,25.85,22.3,25.4,0,Safe
0.18,17.7,43.22,26.27,0.45,5.17,19.81,0.2,0,Safe
54.63,275.34,94.44,37.35,4.11,71.29,12.82,84.5,3,Critical
12.5,40.17,70.17,28.43,0.3,37.36,19.67,17.1,0,Safe
34.53,128.84,83.03,40.49,0.96,23.95,20.34,41.2,1,Watch
35.51,79.78,64.33,30.07,0.57,29.92,17.03,18.6,0,Safe
9.67,9.08,42.22,34.57,0.57,8.32,24.49,1.8,0,Safe
0.81,9.28,32.18,32.09,0.46,12.76,24.64,0.0,0,Safe
76.31,378.74,92.36,54.99,4.23,75.73,13.8,100.0,3,Critical
43.33,73.29,57.38,28.89,0.88,29.13,20.14,23.6,0,Safe
25.78,68.02,54.89,29.42,0.86,34.64,12.51,20.4,0,Safe
14.02,49.64,64.35,35.65,0.97,31.45,11.97,23.8,0,Safe
9.61,47.21,74.32,35.19,0.88,39.96,18.02,21.7,0,Safe
55.28,68.06,70.75,25.09,1.11,19.85,20.92,24.5,0,Safe
101.6,226.33,97.22,45.89,3.57,80.65,14.4,100.0,3,Critical
4.6,12.02,35.25,22.28,0.46,10.41,27.85,9.0,0,Safe
0.02,11.81,42.38,33.59,0.36,10.04,28.23,0.0,0,Safe
64.47,218.19,72.48,43.62,1.52,41.66,16.99,65.6,2,Warning
61.35,240.55,96.74,49.07,2.04,86.76,16.89,100.0,3,Critical
0.79,14.21,50.34,18.05,0.2,7.89,24.47,0.0,0,Safe
105.54,313.33,96.67,56.09,3.06,76.66,13.25,100.0,3,Critical
1.06,14.28,25.74,27.4,0.24,1.87,29.34,1.5,0,Safe
11.44,50.81,54.35,35.92,0.89,22.56,17.88,11.8,0,Safe
112.78,373.05,87.01,37.04,2.1,65.04,13.82,76.1,2,Warning
34.27,145.9,85.24,35.81,1.97,42.77,13.61,49.1,1,Watch
10.74,102.73,62.81,33.53,0.32,29.0,23.1,20.8,0,Safe
14.09,70.44,62.37,34.04,0.74,29.05,19.12,17.6,0,Safe
79.55,108.0,40.15,30.72,0.79,35.43,21.06,36.5,1,Watch
12.99,37.46,65.91,38.48,0.5,22.99,20.18,14.3,0,Safe
2.79,21.8,36.34,38.98,0.41,8.5,19.49,0.0,0,Safe
10.66,154.83,74.36,48.85,1.07,59.87,13.45,68.3,2,Warning
0.2,18.31,29.96,11.0,0.58,8.46,29.61,2.7,0,Safe
117.47,192.82,87.14,43.3,2.53,78.03,11.9,95.6,3,Critical
32.71,48.7,65.88,24.13,0.69,29.33,18.49,18.3,0,Safe
22.13,58.24,56.89,31.31,1.04,21.51,15.46,17.3,0,Safe
4.25,9.06,42.46,29.35,0.26,6.99,24.38,1.6,0,Safe
34.89,89.38,71.93,26.26,0.74,31.46,21.95,22.3,0,Safe
13.32,69.69,67.6,26.69,0.38,14.9,16.68,8.3,0,Safe
46.86,53.72,62.75,37.52,0.96,31.36,18.34,26.6,0,Safe
1.35,18.89,39.54,40.87,0.26,14.28,28.61,4.7,0,Safe
11.03,61.15,69.0,28.41,0.81,41.29,22.89,21.9,0,Safe
0.54,17.91,42.57,37.88,0.6,8.18,19.75,4.8,0,Safe
29.53,196.86,71.69,38.52,1.62,52.0,15.04,57.5,1,Watch
0.85,7.88,44.36,18.25,0.29,13.66,17.73,0.0,0,Safe
53.21,156.65,69.89,49.01,1.12,54.95,15.65,73.1,2,Warning
1.66,9.21,44.79,38.88,0.47,13.68,23.51,3.7,0,Safe
35.27,46.83,70.61,39.39,0.75,27.33,21.48,24.0,0,Safe
36.76,202.95,80.55,43.31,1.22,64.2,19.55,69.1,2,Warning
25.98,44.72,60.61,33.71,0.92,25.19,13.9,17.6,0,Safe
1.8,17.4,26.97,39.25,0.53,9.57,18.9,3.1,0,Safe
13.21,58.37,50.89,37.72,0.81,24.22,20.06,10.9,0,Safe
5.01,59.37,56.32,33.77,1.03,36.16,21.41,16.0,0,Safe
40.32,152.93,80.7,48.54,1.47,44.13,18.33,63.4,2,Warning
16.21,109.08,67.45,25.54,0.4,22.57,15.75,14.3,0,Safe
8.24,36.74,75.46,35.16,0.66,16.71,13.68,14.4,0,Safe
37.24,192.15,74.64,39.3,1.8,38.61,14.49,49.6,1,Watch
20.23,167.69,82.55,28.12,1.46,56.32,10.76,38.3,1,Watch
83.26,205.12,91.12,50.58,1.32,59.58,13.34,90.9,3,Critical
63.74,239.78,87.09,50.47,3.28,78.3,15.23,100.0,3,Critical
34.02,51.42,67.54,36.69,0.81,29.45,18.71,25.0,0,Safe
0.54,13.45,30.32,27.27,0.37,5.51,20.62,2.4,0,Safe
99.37,202.79,93.21,46.97,3.21,70.09,13.01,100.0,3,Critical
2.66,10.21,36.48,38.02,0.29,16.6,26.9,0.8,0,Safe
22.06,35.84,60.7,25.9,0.77,26.26,21.71,11.4,0,Safe
0.28,1.53,31.62,30.33,0.33,8.09,26.06,0.0,0,Safe
28.63,93.12,68.35,33.33,1.05,27.42,20.13,25.2,0,Safe
3.45,21.53,33.65,31.2,0.54,5.42,20.86,1.4,0,Safe
36.06,115.57,82.61,39.59,1.62,40.83,18.19,43.4,1,Watch
0.5,21.78,26.96,13.1,0.35,10.79,29.3,0.0,0,Safe
13.55,108.32,74.34,40.38,0.42,21.91,23.16,21.4,0,Safe
35.87,109.84,63.68,36.48,1.11,28.75,18.04,34.8,1,Watch
37.12,201.43,78.41,38.58,1.24,54.07,14.25,60.1,2,Warning
0.02,4.57,28.34,13.44,0.43,11.63,19.36,2.8,0,Safe
9.85,55.92,60.53,26.3,0.43,20.97,18.6,9.0,0,Safe
1.88,14.85,45.81,18.95,0.56,10.34,23.11,1.0,0,Safe
14.5,116.21,66.71,38.12,0.35,25.77,22.04,21.1,0,Safe
2.25,5.64,41.76,30.04,0.32,17.05,27.95,0.5,0,Safe
11.3,80.97,51.87,37.66,1.15,28.09,14.67,19.1,0,Safe
17.52,100.22,68.01,37.05,0.53,29.83,15.27,27.2,0,Safe
39.94,30.21,66.48,42.31,1.05,21.77,16.53,26.8,0,Safe
10.9,30.38,53.67,38.7,1.08,22.52,16.53,12.7,0,Safe
2.34,17.23,32.86,19.62,0.11,14.51,27.82,2.0,0,Safe
51.48,186.01,79.62,34.63,1.06,37.33,11.89,44.2,1,Watch
120.57,309.4,92.89,51.93,3.77,81.59,11.21,100.0,3,Critical
0.54,22.25,44.57,26.89,0.31,4.8,26.98,1.1,0,Safe
33.86,77.06,61.09,37.43,0.94,31.79,21.36,32.1,1,Watch
5.82,8.47,33.69,34.08,0.55,12.78,22.58,0.0,0,Safe
12.85,76.93,69.37,40.59,0.83,43.67,18.34,35.1,1,Watch
0.42,10.4,39.89,24.68,0.15,14.39,26.54,0.0,0,Safe
0.46,23.36,38.74,31.6,0.26,9.95,23.68,2.9,0,Safe
16.34,106.37,49.54,22.61,0.58,19.29,19.21,13.3,0,Safe
0.17,13.44,26.94,37.78,0.36,4.29,29.49,0.0,0,Safe
38.66,114.11,68.04,26.65,1.04,35.15,20.74,26.0,0,Safe
2.37,10.45,20.13,35.58,0.35,7.7,29.35,8.5,0,Safe
18.27,31.73,58.46,27.34,0.79,26.9,15.31,15.4,0,Safe
37.04,125.64,88.24,40.71,1.56,32.09,20.83,42.8,1,Watch
0.36,2.09,57.59,22.2,0.43,13.68,30.25,0.0,0,Safe
21.73,117.12,62.07,31.71,0.4,32.4,18.26,29.3,0,Safe
0.47,23.69,25.16,30.15,0.24,9.12,21.03,0.0,0,Safe
27.54,41.06,59.43,31.94,0.56,18.01,21.14,14.1,0,Safe
34.99,82.58,62.08,31.65,1.11,17.72,16.9,20.1,0,Safe
108.26,277.93,86.06,46.03,2.53,85.38,17.0,100.0,3,Critical
78.81,224.15,93.89,47.93,2.28,87.74,12.56,100.0,3,Critical
1.78,2.4,32.11,36.47,0.34,12.1,19.99,0.8,0,Safe
0.76,6.16,11.37,34.72,0.29,8.44,22.6,0.4,0,Safe
54.02,215.32,82.33,41.04,1.79,39.58,15.69,59.9,1,Watch
56.18,90.6,65.94,29.85,1.17,29.09,25.31,31.4,1,Watch
0.54,5.22,21.19,34.2,0.13,13.86,21.78,1.5,0,Safe
28.42,110.38,63.22,32.69,0.42,33.27,17.9,25.9,0,Safe
0.6,8.09,31.27,23.99,0.15,11.28,25.26,0.4,0,Safe
113.65,316.97,95.42,56.55,2.99,64.79,13.58,100.0,3,Critical
91.65,256.44,93.11,36.22,3.65,71.3,18.29,91.3,3,Critical
37.54,149.8,65.9,42.8,1.93,40.24,23.97,55.9,1,Watch
1.02,15.73,36.45,40.11,0.6,5.68,20.37,4.9,0,Safe
37.5,68.86,64.33,16.92,0.88,28.08,23.16,15.4,0,Safe
18.09,37.05,81.71,39.22,0.5,37.49,17.15,27.4,0,Safe
10.87,78.69,65.47,41.0,0.43,27.96,16.41,18.6,0,Safe
49.21,112.82,55.71,33.43,0.82,17.07,15.69,28.2,0,Safe
0.92,13.69,38.06,29.09,0.14,13.46,22.91,2.2,0,Safe
14.28,91.43,63.7,44.46,0.69,24.99,19.62,22.5,0,Safe
50.24,343.84,92.6,50.41,2.56,53.99,12.53,85.7,3,Critical
2.23,9.84,29.54,32.06,0.36,18.83,27.51,0.0,0,Safe
48.11,192.03,74.6,27.6,1.95,34.79,15.21,42.3,1,Watch
0.12,21.17,15.87,35.02,0.26,10.99,21.6,4.0,0,Safe
48.62,96.12,66.66,39.81,0.63,26.8,17.19,35.7,1,Watch
65.5,180.21,82.19,26.44,0.93,42.81,17.52,40.1,1,Watch
18.25,117.25,78.2,29.69,0.95,49.73,20.66,29.5,0,Safe
2.11,6.12,31.81,19.32,0.14,3.56,23.49,2.7,0,Safe
0.82,17.33,34.07,19.8,0.42,8.88,13.4,2.2,0,Safe
11.52,46.79,72.49,25.33,0.73,26.39,23.43,11.8,0,Safe
59.06,127.17,85.56,35.7,1.35,36.95,16.2,47.4,1,Watch
21.73,94.82,66.76,15.39,0.31,25.72,16.0,13.1,0,Safe
5.71,55.21,62.22,40.95,0.64,27.54,19.17,18.3,0,Safe
54.06,71.72,69.57,34.24,1.13,28.31,19.99,30.9,1,Watch
23.3,141.46,80.49,43.04,0.99,50.28,14.29,48.1,1,Watch
3.08,14.8,27.07,27.8,0.57,3.97,22.42,6.8,0,Safe
88.33,285.08,94.95,37.49,3.55,88.81,13.33,90.8,3,Critical
9.48,86.76,77.35,38.99,1.13,21.62,19.14,20.6,0,Safe
1.27,21.64,19.1,42.78,0.52,7.05,25.56,0.0,0,Safe
69.73,171.37,83.11,36.64,1.81,40.29,11.28,56.3,1,Watch
0.31,12.45,15.07,22.54,0.15,12.99,21.16,0.0,0,Safe
0.48,3.04,38.34,10.0,0.59,14.37,19.66,0.0,0,Safe
44.44,133.01,73.74,32.28,1.33,39.64,16.82,38.0,1,Watch
83.95,244.52,94.07,43.07,4.66,62.6,12.35,93.4,3,Critical
1.45,22.07,25.97,19.92,0.3,2.51,24.51,1.1,0,Safe
24.48,59.23,64.66,26.67,0.87,18.36,19.11,16.9,0,Safe
14.57,65.97,71.91,27.73,1.15,26.09,21.71,17.7,0,Safe
7.5,8.64,38.65,33.33,0.21,14.04,31.7,6.1,0,Safe
6.71,78.4,78.82,31.77,0.96,30.84,17.73,14.4,0,Safe
2.12,22.3,45.52,34.74,0.31,10.94,18.29,6.0,0,Safe
1.26,7.15,45.97,42.42,0.32,10.71,24.48,5.9,0,Safe
39.83,156.77,74.55,27.2,1.93,46.63,10.03,34.6,1,Watch
1.91,19.98,35.6,29.21,0.48,15.7,26.56,3.9,0,Safe
128.52,284.56,97.24,44.12,2.21,62.78,13.21,89.4,3,Critical
0.64,15.72,36.19,39.98,0.51,10.73,25.04,0.0,0,Safe
72.52,178.99,82.29,45.59,1.68,48.01,20.04,72.9,2,Warning
14.93,73.6,48.63,33.58,0.78,11.44,19.32,9.8,0,Safe
2.8,0.84,33.06,37.21,0.48,8.99,26.28,0.0,0,Safe
1.73,0.94,38.76,32.35,0.37,17.66,27.67,6.7,0,Safe
108.13,323.09,98.63,52.76,4.48,54.49,5.65,100.0,3,Critical
1.43,4.32,39.31,21.9,0.6,7.12,27.5,0.7,0,Safe
57.33,259.16,88.21,56.77,2.76,65.18,17.51,100.0,3,Critical
1.68,20.64,37.33,13.82,0.55,6.35,29.51,3.6,0,Safe
51.36,43.42,55.39,38.06,0.45,27.11,18.24,31.1,1,Watch
57.21,67.14,72.04,44.21,0.35,30.05,18.85,35.8,1,Watch
3.67,23.51,44.89,29.5,0.4,13.8,25.13,5.8,0,Safe
72.28,282.98,98.5,52.22,3.59,69.98,20.93,100.0,3,Critical
11.18,112.02,49.6,36.47,0.47,23.47,17.02,18.4,0,Safe
0.67,11.0,27.18,26.96,0.29,12.86,24.12,5.7,0,Safe
3.04,4.75,30.19,19.93,0.15,17.71,19.41,1.8,0,Safe
0.57,18.32,28.44,13.67,0.13,14.08,23.33,6.7,0,Safe
113.53,190.83,91.73,48.05,3.71,52.41,11.23,91.4,3,Critical
3.08,10.91,38.27,26.47,0.56,11.62,18.87,4.4,0,Safe
52.1,230.07,97.37,49.54,2.58,77.72,17.78,100.0,3,Critical
3.63,19.29,20.62,20.7,0.33,6.47,31.59,2.4,0,Safe
12.36,43.89,39.12,27.88,0.37,21.55,19.29,7.3,0,Safe
4.25,17.46,30.0,33.37,0.14,10.37,29.49,0.0,0,Safe
3.69,17.73,40.04,33.75,0.42,0.0,26.52,6.3,0,Safe
68.9,250.75,95.05,49.18,4.35,82.85,13.05,100.0,3,Critical
75.17,336.39,90.69,43.42,3.91,78.91,16.24,100.0,3,Critical
107.23,236.73,98.11,53.25,3.48,87.57,16.95,100.0,3,Critical
42.12,147.13,82.97,43.91,1.12,61.98,13.98,67.8,2,Warning
37.25,65.25,65.84,25.4,0.72,22.31,25.91,16.1,0,Safe
3.59,24.38,44.5,22.38,0.19,6.86,21.92,2.6,0,Safe
0.03,17.39,45.48,29.07,0.29,4.51,24.02,0.0,0,Safe
119.57,285.8,90.33,38.47,3.41,63.21,15.15,87.3,3,Critical
0.78,23.34,39.0,33.24,0.58,12.91,25.51,6.1,0,Safe
57.58,187.39,88.99,35.68,1.42,39.01,11.94,49.7,1,Watch
0.16,4.64,25.38,19.48,0.12,13.45,20.51,2.3,0,Safe
18.75,67.19,65.6,27.98,1.1,18.28,18.61,15.1,0,Safe
2.64,14.72,29.43,39.89,0.46,2.57,20.89,1.5,0,Safe
5.04,12.64,28.29,37.65,0.3,5.48,25.8,3.6,0,Safe
0.41,6.12,27.64,26.26,0.4,8.85,19.97,2.5,0,Safe
57.07,188.39,77.6,36.33,1.52,43.58,15.99,60.0,2,Warning
0.94,2.15,41.6,25.73,0.45,8.39,22.06,0.0,0,Safe
95.61,197.04,92.81,52.65,2.94,59.17,12.92,100.0,3,Critical
55.69,57.82,49.2,35.06,0.68,29.47,18.18,28.7,0,Safe
41.9,118.51,85.76,48.26,0.85,49.77,16.51,59.9,1,Watch
81.9,256.96,94.12,38.07,4.75,67.54,10.96,92.3,3,Critical
10.26,58.21,63.15,34.59,1.15,20.64,21.41,17.2,0,Safe
0.13,18.75,30.36,27.34,0.24,13.22,25.57,2.3,0,Safe
0.71,23.83,38.42,28.88,0.25,12.96,17.05,4.3,0,Safe
14.3,64.24,58.41,35.02,0.81,23.19,18.04,23.6,0,Safe
5.06,22.07,43.49,12.76,0.32,5.12,25.74,3.1,0,Safe
75.6,177.17,83.72,46.08,1.05,39.05,14.11,70.1,2,Warning
33.05,65.45,61.79,36.36,0.96,27.31,17.25,30.6,1,Watch
13.52,59.27,48.43,22.78,0.45,39.15,16.5,12.1,0,Safe
0.04,11.93,33.72,35.21,0.2,9.87,28.65,0.0,0,Safe
51.08,198.1,86.1,46.55,2.89,59.78,10.54,81.9,3,Critical
0.48,6.42,30.57,23.27,0.54,4.24,25.17,0.6,0,Safe
2.29,18.56,45.85,33.26,0.26,7.26,23.73,3.4,0,Safe
3.32,3.67,22.97,30.96,0.45,7.69,19.8,0.3,0,Safe
33.6,125.95,83.07,37.74,1.77,40.87,14.82,46.1,1,Watch
37.99,213.07,79.57,37.94,1.35,45.34,20.96,58.8,1,Watch
95.76,298.05,96.62,45.06,3.83,64.8,13.43,100.0,3,Critical
32.59,97.83,53.82,34.15,0.72,34.31,16.34,30.3,1,Watch
3.21,2.52,29.69,33.76,0.11,13.86,22.09,0.0,0,Safe
7.92,38.49,48.85,29.16,0.59,32.19,20.4,14.3,0,Safe
66.45,306.89,95.75,53.24,3.83,64.87,12.6,100.0,3,Critical
3.02,10.84,33.02,26.49,0.53,9.71,28.8,0.0,0,Safe
0.56,24.46,27.47,40.33,0.29,11.59,16.17,0.6,0,Safe
55.81,211.01,72.82,32.2,1.49,50.01,16.95,56.1,1,Watch
0.03,1.78,37.78,25.87,0.19,9.22,30.9,3.4,0,Safe
9.19,9.68,27.92,27.86,0.24,13.17,18.67,1.9,0,Safe
27.44,103.52,56.15,44.39,0.91,24.29,13.56,29.5,0,Safe
0.1,5.59,35.75,29.07,0.12,6.17,28.65,2.5,0,Safe
118.52,192.91,91.96,54.82,4.5,64.74,15.63,100.0,3,Critical
4.19,14.88,31.45,43.68,0.29,8.28,27.84,1.1,0,Safe
2.58,21.36,32.9,26.09,0.27,10.46,23.08,0.8,0,Safe
2.08,22.74,35.79,29.27,0.13,12.46,20.83,0.0,0,Safe
51.16,93.86,78.48,44.29,0.48,21.6,21.17,33.9,1,Watch
0.69,8.61,42.67,12.56,0.13,11.5,25.41,3.9,0,Safe
0.82,14.48,28.07,18.74,0.56,10.39,20.48,2.9,0,Safe
2.72,4.17,33.61,35.22,0.46,8.51,36.01,0.0,0,Safe
33.22,175.94,79.46,49.48,0.92,39.15,17.18,60.1,2,Warning
47.89,114.09,78.1,49.94,1.28,44.61,15.16,60.9,2,Warning
122.04,191.3,85.96,51.04,2.29,75.06,11.64,100.0,3,Critical
22.01,218.41,75.88,40.72,1.17,56.11,24.18,56.7,1,Watch
1.12,23.21,41.19,31.74,0.16,2.89,23.96,4.2,0,Safe
75.03,278.17,92.48,56.4,2.23,54.14,9.42,100.0,3,Critical
20.77,97.6,68.83,28.35,0.6,36.95,17.85,20.6,0,Safe
0.65,15.76,31.27,31.59,0.24,10.46,26.62,0.3,0,Safe
98.6,347.99,93.26,53.12,1.91,86.51,8.09,100.0,3,Critical
1.82,22.65,32.04,16.98,0.3,9.81,23.64,0.0,0,Safe
0.62,1.58,26.36,26.18,0.43,4.1,29.39,1.7,0,Safe
101.9,333.33,91.73,44.69,3.54,69.23,19.35,100.0,3,Critical
39.41,45.98,46.23,36.46,1.1,32.94,24.48,28.0,0,Safe
88.45,352.97,90.73,47.3,3.32,67.61,13.53,100.0,3,Critical
14.43,51.69,66.98,30.76,0.91,22.98,21.27,13.3,0,Safe
1.79,17.2,35.37,21.01,0.27,9.77,32.12,0.0,0,Safe
2.55,21.21,47.44,26.79,0.38,10.64,23.33,6.1,0,Safe
27.77,173.85,72.65,33.99,1.65,50.33,22.25,52.6,1,Watch
6.3,1.05,23.66,25.79,0.59,14.92,28.29,0.0,0,Safe
0.72,4.61,44.34,37.58,0.15,10.18,27.93,0.0,0,Safe
0.9,17.23,37.23,34.96,0.51,6.58,26.34,2.6,0,Safe
4.78,14.76,39.06,32.63,0.4,8.81,23.55,1.4,0,Safe
0.57,20.48,28.93,17.08,0.54,4.84,27.77,4.6,0,Safe
23.51,113.25,62.3,31.35,0.94,26.26,18.44,19.9,0,Safe
0.27,17.11,40.49,20.23,0.12,11.93,25.81,2.3,0,Safe
21.94,71.2,74.47,30.92,1.12,14.91,18.7,15.1,0,Safe
24.81,105.63,79.78,39.18,1.18,37.02,21.19,32.4,1,Watch
1.22,12.2,44.97,38.1,0.39,12.04,19.58,4.9,0,Safe
19.75,30.27,53.83,31.49,0.88,24.55,17.07,12.1,0,Safe
8.58,60.08,45.05,34.62,0.96,25.47,17.34,18.8,0,Safe
8.86,19.82,25.61,26.84,0.14,0.0,22.81,2.8,0,Safe
1.18,23.59,23.54,22.98,0.37,12.72,33.92,3.3,0,Safe
27.8,48.53,55.55,47.87,0.97,21.31,19.6,24.2,0,Safe
2.35,63.74,58.18,28.98,0.34,28.74,26.06,12.2,0,Safe
119.94,253.92,89.13,40.85,3.32,80.33,15.89,96.7,3,Critical
6.04,60.39,71.48,42.42,0.36,26.36,21.45,19.3,0,Safe
17.75,66.91,71.79,30.69,0.43,27.55,18.03,20.9,0,Safe
16.32,108.3,67.12,32.53,0.43,43.02,17.53,27.0,0,Safe
1.26,5.35,30.61,28.65,0.3,11.52,14.58,0.0,0,Safe
1.47,20.78,42.17,26.2,0.42,12.78,19.54,0.7,0,Safe
13.55,104.45,60.03,37.5,1.09,30.95,22.35,24.2,0,Safe
28.26,98.0,61.5,41.2,0.5,27.18,22.15,32.8,1,Watch
10.89,77.82,56.36,28.64,0.36,33.01,16.5,10.0,0,Safe
68.45,178.85,67.76,17.44,1.46,55.34,18.84,40.8,1,Watch
2.95,14.71,48.68,38.47,0.29,11.14,18.22,0.0,0,Safe
2.33,11.61,24.19,26.22,0.55,15.67,30.23,1.4,0,Safe
7.56,23.64,43.89,37.52,0.38,13.55,17.5,3.3,0,Safe
1.68,5.21,27.08,34.52,0.42,10.47,28.47,0.0,0,Safe
127.37,251.92,91.19,44.88,4.12,77.22,11.3,100.0,3,Critical
21.95,113.08,55.04,33.15,0.77,33.06,22.22,23.7,0,Safe
1.97,2.0,27.74,32.72,0.44,14.9,27.85,0.7,0,Safe
17.36,99.9,68.68,36.03,1.13,24.69,20.25,30.5,1,Watch
1.44,7.86,34.91,28.41,0.55,10.45,25.95,2.9,0,Safe
3.89,17.14,46.25,25.74,0.26,6.72,16.22,2.5,0,Safe
16.83,46.53,48.81,43.19,1.04,29.64,24.2,22.1,0,Safe
7.51,21.53,31.9,32.15,0.5,6.67,22.12,2.4,0,Safe
1.48,11.2,28.53,26.86,0.4,12.99,29.09,3.0,0,Safe
3.19,35.42,42.02,38.34,0.36,29.42,17.85,14.5,0,Safe
99.59,293.5,96.22,37.44,2.83,66.78,12.29,85.3,3,Critical
7.2,101.78,41.04,29.3,0.71,29.34,23.37,16.7,0,Safe
1.84,8.35,30.22,21.61,0.1,11.98,25.95,2.6,0,Safe
39.5,174.75,72.15,35.13,1.17,44.18,22.28,43.4,1,Watch
0.7,0.94,31.16,28.57,0.37,10.08,27.79,2.0,0,Safe
23.41,31.74,54.01,39.25,0.71,40.93,20.72,26.1,0,Safe
55.72,229.05,96.53,45.79,2.93,89.24,12.45,100.0,3,Critical
2.94,3.08,36.82,28.82,0.15,5.64,26.87,0.0,0,Safe
69.51,123.62,75.14,43.87,0.95,50.39,12.52,58.4,1,Watch
22.01,140.19,78.0,49.04,1.73,59.51,17.57,68.2,2,Warning
5.8,0.77,33.85,22.51,0.56,14.74,22.03,0.0,0,Safe
37.47,201.05,79.49,34.38,1.59,46.13,13.4,50.6,1,Watch
1.05,11.73,30.65,27.67,0.1,9.61,19.54,0.0,0,Safe
7.24,110.08,46.25,18.87,1.13,32.38,22.2,18.1,0,Safe
0.56,6.99,35.66,30.48,0.21,12.01,19.21,4.7,0,Safe
6.52,6.31,47.35,26.69,0.17,10.48,24.99,5.5,0,Safe
0.83,16.23,39.98,29.23,0.47,10.33,24.87,7.0,0,Safe
8.12,24.04,34.03,28.39,0.31,12.3,18.35,2.8,0,Safe
2.31,17.83,53.54,25.85,0.49,10.56,19.1,2.5,0,Safe
0.16,20.48,40.51,22.4,0.13,6.23,24.75,0.0,0,Safe
57.44,152.09,72.5,34.31,0.94,51.55,17.03,52.1,1,Watch
7.82,43.09,51.55,37.19,1.14,31.36,18.88,18.3,0,Safe
22.97,66.46,55.32,39.41,0.54,41.12,13.43,28.3,0,Safe
1.51,1.66,10.85,20.78,0.59,12.48,30.64,0.0,0,Safe
98.88,293.32,85.13,45.03,2.02,53.2,16.12,88.8,3,Critical
32.45,48.66,66.86,22.93,1.19,46.21,21.06,26.6,0,Safe
125.89,115.66,78.7,36.25,1.17,62.58,15.65,65.7,2,Warning
1.39,15.86,43.33,28.0,0.53,7.91,22.09,4.3,0,Safe
4.47,24.47,39.29,28.97,0.13,13.03,22.55,1.4,0,Safe
13.57,67.56,57.49,33.83,0.54,20.45,17.04,13.0,0,Safe
0.14,21.49,32.06,27.55,0.42,8.48,25.31,0.0,0,Safe
4.81,14.16,53.41,17.35,0.58,6.92,24.45,0.6,0,Safe
33.27,112.41,73.52,31.79,1.37,42.54,16.43,44.4,1,Watch
36.01,176.94,71.97,38.58,0.94,41.68,13.25,48.3,1,Watch
5.92,8.01,24.93,22.35,0.51,5.38,24.43,6.4,0,Safe
0.05,12.18,45.67,34.53,0.25,4.8,24.98,0.0,0,Safe
61.04,365.49,92.38,53.29,2.56,74.84,18.12,100.0,3,Critical
2.02,17.91,33.46,35.55,0.46,10.51,26.46,5.0,0,Safe
2.94,21.78,35.34,34.57,0.4,8.49,16.93,0.0,0,Safe
50.0,209.27,77.14,28.16,1.22,58.75,14.77,48.4,1,Watch
72.84,163.46,85.24,36.65,0.94,31.93,20.66,46.7,1,Watch
47.33,217.8,79.28,46.89,1.41,41.65,18.7,66.6,2,Warning
41.7,207.46,84.26,37.25,1.85,53.43,17.92,60.8,2,Warning
6.74,24.65,29.72,16.92,0.17,5.86,23.49,1.9,0,Safe
0.91,13.84,47.32,36.63,0.48,13.47,32.45,0.0,0,Safe
73.15,178.3,77.68,45.5,1.38,28.39,15.68,55.2,1,Watch
0.8,20.3,43.72,38.63,0.22,9.57,27.42,4.3,0,Safe
21.4,95.37,67.88,37.65,0.66,25.8,17.98,19.5,0,Safe
17.62,48.9,57.73,26.38,0.92,32.77,19.96,15.2,0,Safe
25.23,212.41,76.69,32.09,1.34,35.99,18.39,37.6,1,Watch
23.46,36.22,65.72,25.35,1.16,25.71,21.14,22.8,0,Safe
33.76,45.51,52.47,27.26,0.57,21.19,17.86,13.3,0,Safe
6.09,101.57,58.11,33.75,1.06,28.24,25.03,21.9,0,Safe
0.37,9.1,45.98,20.53,0.21,5.49,25.97,0.3,0,Safe
28.5,68.63,59.73,42.2,0.44,32.15,16.15,27.5,0,Safe
27.39,36.57,63.43,25.0,0.4,37.96,22.65,16.5,0,Safe
60.62,133.69,65.87,32.74,1.66,54.98,10.86,45.2,1,Watch
0.46,1.64,33.36,28.45,0.31,9.71,23.7,0.0,0,Safe
12.34,36.89,54.67,31.11,0.91,26.11,20.11,16.0,0,Safe
2.34,15.58,23.73,18.2,0.31,8.26,26.73,3.0,0,Safe
18.31,44.38,46.33,35.69,0.84,21.08,18.04,17.0,0,Safe
63.96,291.94,86.64,37.38,2.28,65.32,16.82,72.6,2,Warning
1.19,1.72,42.53,29.07,0.54,8.9,32.67,2.0,0,Safe
0.21,6.16,32.76,33.76,0.45,15.93,23.33,4.9,0,Safe
30.64,58.41,60.43,27.55,0.39,25.21,17.74,15.6,0,Safe
44.05,46.34,67.58,36.71,1.04,31.09,16.45,26.5,0,Safe
19.94,65.98,64.21,37.03,1.19,32.15,19.15,28.7,0,Safe
121.52,284.37,97.05,38.33,4.54,91.07,19.75,94.3,3,Critical
3.76,3.33,34.52,27.72,0.48,6.88,27.48,0.5,0,Safe
61.93,164.23,76.03,39.45,1.28,37.46,20.48,54.9,1,Watch
105.15,282.86,92.27,37.76,2.52,90.89,10.98,89.5,3,Critical
50.54,213.11,68.58,37.45,1.77,51.29,14.74,61.3,2,Warning
2.98,22.04,31.49,33.99,0.57,5.14,25.03,3.3,0,Safe
72.13,137.41,67.81,40.01,1.39,30.84,12.26,50.2,1,Watch
107.52,260.97,90.31,48.26,2.72,57.64,14.5,100.0,3,Critical
0.63,18.42,36.25,32.92,0.3,13.64,21.48,3.9,0,Safe
14.78,96.93,62.81,39.24,0.32,23.36,20.31,19.9,0,Safe
14.65,74.24,55.06,33.72,0.61,20.1,20.2,9.3,0,Safe
16.63,77.33,72.47,38.37,0.44,21.84,13.9,20.3,0,Safe
3.7,18.13,40.17,27.98,0.32,14.28,25.09,0.0,0,Safe
103.82,192.27,83.46,40.43,1.6,37.12,19.83,61.2,2,Warning
2.26,2.5,49.33,26.16,0.35,8.0,23.03,0.0,0,Safe
24.99,86.94,61.27,36.68,0.44,24.77,15.34,24.4,0,Safe
22.3,55.13,70.44,30.82,0.61,29.51,16.26,14.5,0,Safe
27.51,205.42,78.27,37.39,1.04,56.27,16.41,46.6,1,Watch
29.57,41.09,72.94,27.99,0.34,31.61,21.65,15.5,0,Safe
7.38,10.33,36.44,26.08,0.14,16.48,18.07,0.0,0,Safe
4.39,0.15,33.13,25.86,0.27,13.64,16.68,4.1,0,Safe
40.05,44.26,63.86,37.72,1.09,12.43,17.88,17.7,0,Safe
0.33,7.89,27.71,20.99,0.51,6.25,18.82,0.5,0,Safe
9.17,46.21,61.41,44.82,1.13,26.59,18.69,23.2,0,Safe
31.42,170.86,81.04,42.34,0.96,40.81,21.44,50.7,1,Watch
0.8,18.02,35.61,36.06,0.52,11.42,16.53,0.0,0,Safe
18.29,60.78,47.0,24.01,0.54,25.8,20.86,11.8,0,Safe
47.13,215.29,83.21,40.06,1.26,37.33,22.2,55.0,1,Watch
2.35,18.79,30.58,25.12,0.51,14.87,23.48,1.6,0,Safe
50.51,200.77,69.72,41.48,1.89,52.62,16.36,66.4,2,Warning
55.22,212.45,76.83,45.22,1.45,39.54,14.05,60.6,2,Warning
2.77,17.85,19.0,23.35,0.25,7.3,25.48,0.0,0,Safe
74.83,159.4,80.94,40.12,1.0,44.55,20.96,67.2,2,Warning
76.42,140.53,82.49,33.54,0.85,43.28,17.44,44.0,1,Watch
32.37,203.59,67.0,37.28,1.46,51.23,16.42,49.6,1,Watch
0.39,17.72,28.09,24.51,0.24,12.81,13.46,0.0,0,Safe
4.88,23.32,42.01,33.92,0.37,11.47,24.9,1.1,0,Safe
6.26,17.25,29.55,30.35,0.17,9.61,24.04,4.7,0,Safe
6.81,93.9,63.96,30.08,0.96,37.35,19.0,25.6,0,Safe
42.94,36.05,52.99,28.48,0.42,28.59,18.39,17.1,0,Safe
48.74,110.94,86.71,37.96,1.89,35.2,13.92,41.7,1,Watch
69.5,368.28,92.26,57.5,2.87,77.25,15.64,100.0,3,Critical
8.49,87.65,57.67,27.75,0.4,28.56,18.35,11.0,0,Safe
3.82,5.21,27.49,18.13,0.19,7.28,19.83,0.0,0,Safe
37.35,111.34,65.67,31.78,1.6,42.54,13.01,34.9,1,Watch
7.42,107.83,67.1,43.19,0.94,22.14,19.74,20.5,0,Safe
111.72,223.06,94.51,55.14,4.54,82.91,13.18,100.0,3,Critical
8.23,13.95,28.97,39.27,0.59,11.94,20.5,7.1,0,Safe
6.29,21.82,32.86,13.53,0.11,11.3,15.87,0.0,0,Safe
30.92,187.7,80.2,39.14,1.03,42.4,17.13,49.1,1,Watch
104.28,275.67,90.89,48.2,1.84,65.18,14.14,91.6,3,Critical
65.53,185.9,70.03,25.96,1.95,51.82,13.49,49.4,1,Watch
22.35,186.69,73.82,40.93,0.97,58.18,10.67,53.8,1,Watch
0.56,7.63,47.84,44.96,0.36,4.12,20.47,0.2,0,Safe
46.55,147.38,93.61,44.75,1.98,42.29,17.81,59.8,1,Watch
51.26,285.13,89.11,38.53,3.75,62.35,16.03,85.8,3,Critical
23.46,113.85,73.39,25.11,0.78,27.46,21.92,24.3,0,Safe
63.29,352.55,85.97,40.15,2.65,88.14,16.55,92.6,3,Critical
57.0,95.52,77.75,22.26,0.48,21.51,22.44,21.5,0,Safe
68.52,65.94,71.38,36.73,0.4,28.44,17.35,38.0,1,Watch
16.99,39.57,58.44,37.39,1.04,22.35,20.38,11.8,0,Safe
0.5,9.86,35.16,35.3,0.54,5.96,21.52,2.6,0,Safe
105.28,267.63,92.93,53.52,3.26,87.62,11.51,100.0,3,Critical
38.46,138.49,76.14,34.56,1.47,39.58,15.4,40.5,1,Watch
9.6,43.08,63.9,32.47,0.73,25.01,18.22,13.8,0,Safe
0.75,3.73,29.35,13.86,0.18,7.54,20.84,0.0,0,Safe
2.24,18.0,39.67,25.77,0.6,7.32,21.7,2.1,0,Safe
58.86,256.95,88.41,36.18,3.34,70.51,14.87,82.6,3,Critical
64.95,113.14,68.32,33.93,0.86,56.83,15.1,48.8,1,Watch
32.2,53.0,66.87,31.03,0.71,25.43,20.62,18.0,0,Safe
34.55,111.65,63.73,32.41,0.34,30.62,26.32,30.9,1,Watch
2.57,24.21,42.81,23.75,0.33,10.91,21.32,0.0,0,Safe
5.06,16.64,29.17,23.87,0.37,10.85,23.51,3.3,0,Safe
49.47,136.87,70.42,33.56,1.3,49.63,22.79,46.1,1,Watch
58.6,160.16,71.85,25.85,1.83,43.6,12.35,47.5,1,Watch
108.77,242.45,86.01,45.3,2.64,61.21,13.14,96.0,3,Critical
22.38,186.0,72.41,27.82,1.65,39.54,17.37,38.8,1,Watch
25.73,131.4,75.04,48.69,1.48,44.41,16.42,54.6,1,Watch
0.04,13.45,22.62,33.07,0.46,8.49,26.92,3.6,0,Safe
1.08,18.18,44.45,32.14,0.33,16.39,28.89,2.9,0,Safe
48.19,178.95,72.4,38.69,1.76,54.4,22.41,62.7,2,Warning
53.29,200.62,82.48,36.59,0.98,49.16,21.64,55.0,1,Watch
65.56,191.81,94.16,49.74,4.73,63.96,15.79,97.7,3,Critical
2.19,0.46,32.17,16.21,0.46,6.3,23.34,0.0,0,Safe
0.85,7.45,45.18,14.65,0.55,11.69,28.53,5.9,0,Safe
93.81,146.72,82.14,41.49,1.62,44.24,14.53,64.2,2,Warning
4.12,1.3,31.08,30.33,0.34,5.79,22.45,0.0,0,Safe
1.38,21.59,48.3,11.71,0.21,12.67,30.32,3.7,0,Safe
36.66,31.84,61.35,42.24,0.8,27.59,14.67,25.4,0,Safe
1.45,20.28,21.69,21.85,0.33,10.53,21.7,0.9,0,Safe
29.19,108.34,75.74,33.76,1.13,17.67,23.95,23.2,0,Safe
21.54,99.98,53.87,38.11,1.03,37.29,13.87,26.0,0,Safe
1.36,13.88,35.88,33.22,0.45,4.51,19.25,0.0,0,Safe
0.51,23.57,51.32,29.74,0.27,5.01,32.83,5.8,0,Safe
2.64,3.91,40.78,18.65,0.29,8.48,21.33,5.7,0,Safe
2.6,5.41,43.44,27.53,0.33,6.64,26.45,3.8,0,Safe
0.23,9.95,34.42,22.52,0.44,8.36,30.12,1.2,0,Safe
48.52,179.06,76.22,41.34,1.8,53.4,18.34,69.4,2,Warning
18.66,198.91,79.88,35.34,0.92,32.86,15.11,33.3,1,Watch
7.07,17.24,39.58,40.81,0.13,12.72,20.14,2.4,0,Safe
25.95,36.54,66.69,21.33,0.78,27.35,23.06,9.1,0,Safe
2.96,1.01,46.95,20.94,0.31,6.88,16.7,0.0,0,Safe
61.1,74.07,68.01,32.02,1.14,23.41,17.12,30.3,1,Watch
0.24,3.2,44.57,22.64,0.22,7.75,16.77,0.0,0,Safe
3.57,10.39,51.8,26.08,0.4,16.23,21.23,0.0,0,Safe
14.63,19.87,36.96,26.45,0.39,10.02,23.84,4.0,0,Safe
4.73,93.97,60.14,37.98,0.78,27.95,15.83,20.9,0,Safe
30.91,108.26,57.89,34.93,0.86,29.88,17.27,22.7,0,Safe
18.85,32.19,71.3,38.23,0.31,27.33,18.64,21.5,0,Safe
40.24,97.46,78.49,28.49,0.5,17.44,19.05,22.6,0,Safe
1.54,22.38,26.1,27.46,0.55,13.14,19.91,2.3,0,Safe
102.53,142.91,81.73,45.48,1.47,51.38,19.33,73.2,2,Warning
8.24,4.17,37.6,35.37,0.55,11.08,20.41,2.9,0,Safe
118.68,119.9,74.82,30.37,0.87,53.38,13.77,44.3,1,Watch
68.75,316.54,85.56,54.57,2.43,74.93,15.41,100.0,3,Critical
23.63,193.32,80.49,39.63,1.91,52.91,16.02,55.2,1,Watch
70.76,211.69,98.65,43.0,2.55,55.9,10.91,83.7,3,Critical
48.15,156.2,76.2,45.61,1.49,42.14,17.01,55.3,1,Watch
21.3,114.49,58.95,41.19,0.35,27.3,16.35,24.5,0,Safe
33.23,94.75,66.83,35.96,0.53,25.65,18.89,23.7,0,Safe
82.66,329.35,86.73,57.98,2.76,62.78,13.04,100.0,3,Critical
0.03,19.08,46.99,34.77,0.24,9.78,30.38,4.9,0,Safe
35.77,210.17,74.79,38.82,1.11,57.98,8.54,58.2,1,Watch
6.75,10.88,52.88,21.44,0.45,13.56,22.77,2.6,0,Safe
112.65,316.35,87.79,37.97,2.57,75.18,15.88,91.3,3,Critical
15.65,123.36,71.1,40.99,1.71,35.68,14.56,43.2,1,Watch
48.67,113.34,75.97,34.94,0.64,14.96,23.56,22.8,0,Safe
34.94,136.46,84.95,33.0,1.92,44.72,18.4,46.2,1,Watch
41.08,57.65,56.94,38.2,0.45,31.41,16.15,34.9,1,Watch
51.12,292.44,92.12,48.39,3.38,91.94,16.7,100.0,3,Critical
0.91,14.45,26.31,28.44,0.31,14.98,24.25,0.0,0,Safe
106.35,191.0,81.22,48.27,1.36,56.48,13.67,83.3,3,Critical
0.68,16.59,28.79,25.54,0.5,14.66,28.55,0.0,0,Safe
65.46,205.57,80.52,33.9,1.52,49.02,18.05,59.3,1,Watch
73.04,337.1,94.8,37.57,2.83,74.33,10.5,86.0,3,Critical
41.66,170.82,82.78,34.91,1.23,41.38,13.34,45.0,1,Watch
11.07,73.62,60.68,39.51,0.47,9.95,16.62,9.4,0,Safe
40.9,180.63,77.93,27.77,1.14,36.14,22.32,33.5,1,Watch
16.48,75.93,51.27,33.39,0.82,26.93,19.74,22.3,0,Safe
1.82,15.31,23.75,34.32,0.54,13.27,27.12,5.3,0,Safe
1.55,21.98,34.25,35.8,0.2,4.25,19.48,5.9,0,Safe
32.88,97.58,68.22,33.06,0.62,27.36,21.04,19.1,0,Safe
115.26,311.23,86.82,50.09,4.43,87.46,16.21,100.0,3,Critical
0.49,14.81,42.23,21.4,0.29,10.18,23.69,0.0,0,Safe
11.1,83.11,66.59,32.79,0.68,37.16,19.52,25.1,0,Safe
61.35,125.78,72.12,48.85,1.54,58.84,17.76,68.2,2,Warning
11.77,82.01,73.13,28.51,0.76,30.78,19.78,21.2,0,Safe
4.07,20.51,42.52,28.31,0.17,6.97,21.54,0.0,0,Safe
28.28,196.26,64.49,47.12,1.84,41.99,14.35,61.4,2,Warning
1.27,6.33,25.8,38.23,0.15,4.6,21.98,0.0,0,Safe
47.11,95.16,76.33,22.03,0.53,25.45,17.86,18.0,0,Safe
1.79,10.2,47.76,19.17,0.22,12.41,21.05,1.8,0,Safe
0.47,20.26,31.95,30.33,0.37,9.42,24.05,0.0,0,Safe
32.14,76.57,60.6,32.61,0.4,32.53,18.24,22.7,0,Safe
18.6,157.32,72.78,32.6,1.85,52.58,20.06,43.3,1,Watch
2.47,7.61,35.0,28.55,0.36,8.84,22.04,2.2,0,Safe
0.16,9.17,53.88,22.08,0.13,13.22,21.77,0.4,0,Safe
3.48,0.46,34.89,41.85,0.27,11.71,22.39,2.8,0,Safe
68.07,364.0,85.72,36.7,2.0,85.54,13.57,81.9,3,Critical
80.83,159.74,72.4,44.92,1.44,43.24,13.07,67.2,2,Warning
0.31,8.24,32.41,32.86,0.11,12.62,23.78,0.0,0,Safe
2.08,7.82,35.05,35.33,0.24,15.47,28.22,4.3,0,Safe
74.59,135.52,76.74,36.54,1.64,53.02,17.27,58.3,1,Watch
1.44,20.08,35.08,35.79,0.43,5.99,23.68,4.2,0,Safe
0.24,12.3,29.73,35.93,0.5,20.43,29.59,0.5,0,Safe
1.54,12.6,34.39,26.31,0.11,17.08,27.39,0.5,0,Safe
85.21,290.67,91.73,53.1,2.08,91.21,10.23,100.0,3,Critical
10.92,90.64,73.92,35.49,1.08,33.8,16.24,27.6,0,Safe
43.38,154.34,89.31,33.96,0.81,40.74,13.69,43.2,1,Watch
30.34,36.83,67.41,22.7,0.42,31.79,18.62,12.9,0,Safe
46.35,57.83,52.43,27.84,0.54,33.04,15.58,19.9,0,Safe
2.89,12.12,37.81,33.56,0.58,16.46,22.56,1.7,0,Safe
1.57,4.84,21.44,34.98,0.35,10.34,24.11,6.6,0,Safe
58.0,296.12,91.01,57.53,3.26,69.4,14.11,100.0,3,Critical
0.92,2.1,37.07,38.14,0.46,7.38,23.73,2.9,0,Safe
76.14,283.01,91.3,49.25,4.47,77.71,12.62,100.0,3,Critical
21.55,53.74,72.97,26.85,0.74,27.78,18.4,21.8,0,Safe
5.19,10.79,27.93,38.09,0.54,11.86,23.6,0.1,0,Safe
94.58,298.74,98.9,40.25,1.96,54.62,13.06,78.5,2,Warning
4.89,4.32,33.32,32.76,0.54,10.16,24.17,4.4,0,Safe
40.36,177.4,79.51,42.01,1.8,48.96,16.7,59.9,1,Watch
23.61,115.09,49.01,28.14,0.46,37.36,22.15,24.0,0,Safe
15.16,100.6,74.75,50.14,0.65,20.1,21.34,25.6,0,Safe
10.17,65.66,60.9,32.99,0.81,35.71,14.27,23.6,0,Safe
0.8,20.88,20.92,35.93,0.2,6.22,28.92,0.3,0,Safe
8.12,8.92,26.29,33.78,0.26,10.13,27.72,0.0,0,Safe
12.7,41.52,62.88,31.43,0.73,29.96,17.84,13.4,0,Safe
58.57,372.18,98.52,48.82,4.48,66.75,16.13,95.5,3,Critical
2.69,20.58,42.57,25.88,0.46,2.57,24.79,4.8,0,Safe
1.34,16.73,32.47,34.02,0.41,0.0,21.22,4.4,0,Safe
58.16,204.04,79.98,41.01,1.08,52.35,17.69,66.7,2,Warning
1.33,10.27,20.63,34.52,0.2,7.56,31.16,0.6,0,Safe
0.13,18.63,23.73,34.36,0.17,8.43,28.79,0.9,0,Safe
21.16,119.95,69.68,31.11,0.68,20.61,14.98,17.7,0,Safe
17.3,54.45,50.05,42.11,0.61,25.55,19.5,21.6,0,Safe
29.47,79.69,49.62,32.39,1.18,25.04,20.66,22.4,0,Safe
2.05,9.95,42.68,36.85,0.15,4.53,18.22,2.1,0,Safe
25.43,49.35,55.83,41.93,1.06,26.14,17.31,22.7,0,Safe
3.26,8.18,33.06,39.05,0.26,9.24,28.07,0.0,0,Safe
59.74,176.83,80.85,43.02,1.11,65.71,14.75,72.5,2,Warning
2.27,13.13,26.04,20.53,0.4,15.1,24.89,3.7,0,Safe
2.53,9.1,37.6,43.48,0.22,10.86,23.85,7.8,0,Safe
38.68,57.89,50.72,25.87,1.11,29.3,22.94,22.8,0,Safe
1.44,12.41,42.44,31.48,0.29,11.29,19.71,2.8,0,Safe
4.11,14.84,38.64,30.01,0.46,9.6,20.85,2.1,0,Safe
19.99,66.0,52.71,44.35,0.87,26.77,22.64,24.9,0,Safe
22.99,197.21,69.23,40.97,1.31,27.11,15.65,34.6,1,Watch
1.08,7.09,23.36,22.13,0.16,11.41,25.27,0.0,0,Safe
15.74,98.61,69.99,36.0,0.42,29.09,24.04,24.7,0,Safe
17.62,209.93,80.3,36.09,1.37,41.97,17.34,46.9,1,Watch
56.03,152.12,76.16,40.18,0.97,41.66,18.2,45.6,1,Watch
3.84,14.46,54.53,32.4,0.58,14.27,24.68,5.0,0,Safe
15.55,44.2,59.87,26.97,1.03,29.73,18.75,17.9,0,Safe
2.76,18.59,31.34,29.1,0.13,8.26,24.81,0.0,0,Safe
0.37,5.53,33.87,19.74,0.32,2.66,22.67,0.5,0,Safe
116.75,345.32,89.35,44.24,2.02,87.64,13.06,96.7,3,Critical
1.27,11.62,45.45,33.3,0.48,8.85,25.49,5.6,0,Safe
24.39,115.08,34.76,29.95,0.72,33.89,15.33,24.7,0,Safe
0.46,15.42,22.5,23.59,0.34,11.51,16.73,0.0,0,Safe
78.82,283.39,93.9,38.2,4.07,75.03,18.18,86.9,3,Critical
26.3,67.91,66.59,31.09,0.83,31.19,14.54,20.9,0,Safe
1.11,23.03,34.04,33.25,0.13,13.58,23.04,2.6,0,Safe
12.14,61.62,69.39,38.69,1.11,23.28,22.91,17.8,0,Safe
4.11,12.61,40.66,36.84,0.55,9.74,22.16,1.3,0,Safe
3.02,10.83,32.73,26.77,0.56,14.68,20.47,0.0,0,Safe
14.56,112.31,74.92,26.4,0.31,17.4,17.85,15.9,0,Safe
1.3,9.83,39.37,24.43,0.47,14.15,25.36,7.1,0,Safe
52.16,206.84,75.75,37.12,0.87,33.11,16.1,49.6,1,Watch
7.18,80.71,75.43,36.85,0.35,37.52,15.58,25.1,0,Safe
20.96,71.94,62.23,39.45,0.9,30.75,22.82,28.3,0,Safe
107.11,226.22,94.18,40.64,2.22,73.24,13.82,93.7,3,Critical
55.67,173.27,67.63,40.5,1.42,42.11,12.66,52.7,1,Watch
91.06,316.92,88.8,56.89,2.09,77.17,14.56,100.0,3,Critical
10.47,19.35,39.73,25.52,0.28,9.15,19.3,1.8,0,Safe
124.58,196.4,85.89,39.66,3.0,61.01,8.52,78.7,2,Warning
0.39,23.69,30.7,27.43,0.34,10.11,19.17,1.2,0,Safe
27.39,63.86,66.35,34.09,0.58,22.21,19.08,14.9,0,Safe
0.06,16.77,36.19,38.57,0.21,7.02,31.59,2.0,0,Safe
5.26,17.15,37.69,38.19,0.41,8.58,18.88,3.8,0,Safe
27.48,92.38,60.86,28.24,0.69,26.77,19.4,20.2,0,Safe
61.59,188.29,85.46,32.06,1.32,46.47,15.88,51.3,1,Watch
12.43,154.78,80.14,24.8,1.03,56.18,14.67,35.0,1,Watch
0.49,23.29,47.99,25.08,0.47,7.2,28.53,5.6,0,Safe
3.59,0.32,33.33,33.12,0.14,16.16,30.09,1.5,0,Safe
0.41,13.72,32.17,25.42,0.28,11.01,29.74,7.8,0,Safe
8.47,99.56,60.57,43.11,0.87,25.27,17.12,23.1,0,Safe
77.3,159.92,75.37,42.5,1.09,33.52,14.51,54.2,1,Watch
0.17,17.34,39.71,22.94,0.37,18.85,23.02,0.0,0,Safe
7.11,21.49,34.49,18.19,0.11,0.04,20.42,1.9,0,Safe
0.47,21.61,26.58,20.41,0.33,9.51,22.69,0.5,0,Safe
4.35,2.51,30.35,20.58,0.46,8.88,25.42,0.8,0,Safe
59.38,203.58,87.91,46.51,2.04,74.53,13.02,93.8,3,Critical
37.28,84.25,80.19,31.02,0.86,24.55,15.11,24.5,0,Safe
36.85,105.57,64.88,31.39,0.31,17.25,15.58,17.5,0,Safe
0.55,12.26,41.63,33.74,0.13,12.12,27.16,0.0,0,Safe
28.91,166.02,80.58,37.09,1.34,39.18,17.53,44.9,1,Watch
65.7,266.48,91.38,38.07,4.77,59.37,15.39,79.2,2,Warning
19.5,59.59,67.35,34.68,0.48,32.13,20.84,20.2,0,Safe
2.53,23.92,36.22,22.06,0.37,12.75,25.0,4.5,0,Safe
11.78,87.47,61.05,33.21,0.65,31.19,16.49,18.1,0,Safe
115.2,344.15,93.74,57.9,2.2,78.73,12.66,100.0,3,Critical
2.85,12.33,20.28,34.53,0.2,13.22,19.09,1.9,0,Safe
49.54,60.84,85.98,29.75,0.69,33.47,16.58,22.7,0,Safe
8.24,94.45,54.5,30.72,0.48,38.76,23.01,28.0,0,Safe
5.12,15.35,48.0,35.8,0.35,5.42,16.8,8.0,0,Safe
6.88,2.8,42.51,29.3,0.36,16.79,26.89,1.7,0,Safe
0.1,7.62,29.31,31.19,0.17,7.36,24.02,0.5,0,Safe
0.03,16.45,21.25,37.67,0.22,10.45,23.97,1.3,0,Safe
1.91,1.29,28.52,33.97,0.58,6.14,25.3,0.6,0,Safe
3.79,5.5,19.54,25.99,0.52,17.51,31.94,4.4,0,Safe
30.69,57.42,54.11,34.81,0.92,28.12,16.24,27.3,0,Safe
48.88,119.59,51.91,28.42,0.38,22.16,19.25,22.8,0,Safe
34.01,191.63,73.85,41.35,1.72,50.09,12.89,58.3,1,Watch
72.19,115.87,90.39,41.22,1.8,39.98,20.3,60.6,2,Warning
10.98,97.13,55.4,33.37,0.53,18.36,17.84,15.8,0,Safe
1.4,19.11,37.66,20.77,0.56,7.66,27.6,2.4,0,Safe
1.04,13.41,28.03,22.77,0.36,15.34,20.48,0.0,0,Safe
33.81,127.45,77.71,48.13,1.87,54.11,22.29,66.0,2,Warning
60.48,190.24,74.62,40.04,0.88,50.17,20.27,55.2,1,Watch
48.53,89.19,57.18,30.42,1.1,33.95,22.01,32.7,1,Watch
17.8,209.16,80.46,34.76,1.03,34.02,13.15,35.8,1,Watch
0.18,4.36,28.39,27.14,0.28,12.07,23.68,0.8,0,Safe
25.35,117.68,58.47,34.72,1.07,25.54,21.12,23.1,0,Safe
119.25,221.0,97.03,50.11,2.71,72.13,19.11,100.0,3,Critical
61.27,178.66,73.85,41.29,1.51,49.31,10.52,62.8,2,Warning
69.68,348.73,92.88,45.34,3.55,75.44,11.41,100.0,3,Critical
20.85,95.9,64.12,29.94,0.36,39.53,17.39,23.3,0,Safe
41.89,174.52,84.19,33.62,0.96,64.06,15.42,56.1,1,Watch
22.32,154.53,75.99,37.27,0.88,44.38,23.88,45.6,1,Watch
1.31,0.35,36.18,53.22,0.32,7.85,19.19,0.0,0,Safe
1.08,2.99,19.94,28.15,0.2,15.6,28.41,3.4,0,Safe
1.12,24.4,33.46,37.19,0.18,22.06,20.93,7.7,0,Safe
31.16,157.31,74.95,30.64,1.45,38.68,15.66,40.1,1,Watch
93.22,217.59,95.21,43.92,1.94,76.97,12.68,95.2,3,Critical
21.02,205.67,77.18,38.66,1.55,53.88,14.76,54.1,1,Watch
3.95,23.51,34.93,32.58,0.52,14.6,22.09,3.4,0,Safe
23.18,57.47,73.97,33.59,0.69,23.38,19.53,22.4,0,Safe
0.58,10.36,27.55,22.49,0.53,8.13,22.18,0.0,0,Safe
116.58,374.3,87.67,56.15,2.37,71.55,12.39,100.0,3,Critical
112.07,277.73,90.9,53.26,3.58,62.93,9.49,100.0,3,Critical
1.4,4.57,27.43,21.84,0.46,12.08,22.28,0.0,0,Safe
2.17,22.7,40.25,33.5,0.19,5.3,19.88,7.9,0,Safe
1.35,11.82,42.42,18.82,0.34,9.51,19.56,0.0,0,Safe
0.89,21.12,19.78,18.04,0.27,14.01,19.42,7.0,0,Safe
83.45,155.46,83.25,30.96,1.05,67.25,14.35,61.0,2,Warning
0.31,6.63,29.26,21.22,0.29,0.63,24.59,0.8,0,Safe
3.48,9.1,26.5,34.12,0.34,21.45,23.82,9.4,0,Safe
1.95,4.18,36.6,26.73,0.21,0.09,24.88,1.0,0,Safe
81.47,344.41,97.97,47.73,2.1,78.95,16.65,100.0,3,Critical
23.64,86.21,55.04,37.26,0.95,20.48,19.34,20.3,0,Safe
0.39,14.84,28.86,30.77,0.34,5.89,23.63,0.0,0,Safe
48.7,70.38,74.25,24.57,0.52,30.08,14.25,20.0,0,Safe
5.08,6.7,34.34,24.36,0.14,1.79,23.82,1.1,0,Safe
4.4,6.31,38.89,26.5,0.31,18.18,23.93,1.6,0,Safe
0.72,0.73,37.27,26.48,0.28,10.7,24.24,0.0,0,Safe
23.18,64.91,84.13,38.75,0.99,27.46,20.46,30.7,1,Watch
7.23,37.05,55.24,31.77,1.17,19.8,20.76,10.2,0,Safe
2.42,4.46,26.12,13.89,0.54,13.89,21.94,4.6,0,Safe
38.44,70.41,78.45,27.9,1.04,27.82,22.47,27.1,0,Safe
101.52,374.71,93.62,41.54,2.32,78.1,17.53,98.7,3,Critical
13.65,100.99,52.87,43.28,0.93,30.39,18.73,26.6,0,Safe
20.09,184.45,82.92,42.31,1.94,43.69,9.8,55.2,1,Watch
46.2,58.8,60.37,26.2,0.42,30.19,17.44,20.6,0,Safe
71.74,99.84,58.22,31.18,0.55,33.86,20.76,29.5,0,Safe
118.06,215.87,92.94,48.11,2.96,89.94,15.23,100.0,3,Critical
1.39,5.84,38.69,31.0,0.43,10.0,29.32,0.0,0,Safe
20.2,60.48,56.09,37.51,0.9,27.22,22.29,21.5,0,Safe
29.49,111.14,60.68,32.09,1.08,33.97,17.67,28.1,0,Safe
17.86,54.46,70.83,33.76,1.13,22.26,21.63,21.1,0,Safe
9.83,90.47,47.18,13.33,1.11,31.73,19.03,17.8,0,Safe
21.0,56.48,65.97,32.03,0.65,25.92,24.43,20.4,0,Safe
15.54,164.72,75.06,37.99,1.66,58.08,15.69,49.6,1,Watch
83.64,136.9,81.36,41.88,1.71,31.31,22.04,54.5,1,Watch
77.43,216.08,76.64,34.34,1.95,48.4,19.56,61.8,2,Warning
5.59,7.2,35.3,23.54,0.11,11.61,36.56,4.6,0,Safe
6.99,23.25,35.18,31.72,0.24,14.33,29.01,4.2,0,Safe
80.98,79.93,55.02,34.75,0.92,30.28,19.1,37.5,1,Watch
9.28,13.25,44.3,25.85,0.45,9.36,25.11,0.6,0,Safe
25.39,71.46,57.29,40.39,1.13,13.37,18.41,17.6,0,Safe
9.68,18.8,30.45,28.37,0.47,9.94,16.98,1.4,0,Safe
6.65,11.51,41.19,32.44,0.13,9.55,22.86,5.9,0,Safe
2.92,15.19,30.66,30.72,0.59,11.93,25.27,2.5,0,Safe
27.09,30.59,69.84,33.57,0.48,29.67,16.1,19.4,0,Safe
2.58,11.64,43.97,25.18,0.11,10.78,27.08,0.2,0,Safe
21.86,52.66,62.8,38.0,0.55,31.55,20.41,24.6,0,Safe
77.2,263.91,90.46,38.12,2.81,72.82,18.1,90.1,3,Critical
32.35,189.0,83.54,45.98,1.72,48.92,15.35,69.7,2,Warning
92.82,370.54,89.68,55.36,4.31,86.27,11.26,100.0,3,Critical
1.15,10.28,41.03,23.8,0.18,10.16,19.55,1.8,0,Safe
89.7,331.56,89.93,48.27,3.42,88.09,16.46,100.0,3,Critical
45.17,120.4,75.39,33.51,1.26,32.58,15.23,40.5,1,Watch
0.44,20.19,26.72,33.84,0.24,5.15,23.11,7.5,0,Safe
24.62,91.71,59.45,34.52,0.72,24.2,19.16,18.8,0,Safe
13.31,105.42,68.04,40.57,0.66,35.47,16.23,29.3,0,Safe
105.48,261.88,98.29,45.08,4.45,68.82,15.24,100.0,3,Critical
98.66,211.93,96.82,55.66,3.98,60.11,14.75,100.0,3,Critical
27.27,111.62,75.77,41.81,1.75,38.43,13.18,45.7,1,Watch
50.3,127.17,80.87,30.72,1.3,47.67,16.14,50.4,1,Watch
7.7,4.71,40.3,31.25,0.51,10.25,19.65,8.3,0,Safe
0.95,14.52,43.72,25.6,0.26,10.65,25.13,0.0,0,Safe
0.97,4.01,37.26,31.36,0.31,6.2,26.87,0.0,0,Safe
35.32,188.8,77.05,32.66,1.84,38.42,17.43,44.7,1,Watch
33.43,158.43,69.72,38.21,0.84,63.92,11.6,56.4,1,Watch
34.33,110.05,63.8,44.03,0.63,25.1,17.93,34.5,1,Watch
129.69,244.88,98.13,56.86,2.21,83.43,15.53,100.0,3,Critical
0.37,0.04,47.13,37.88,0.48,9.33,16.32,0.0,0,Safe
33.15,81.5,55.88,46.29,0.94,31.69,17.93,37.7,1,Watch
0.72,23.06,39.88,34.31,0.34,12.63,17.89,5.1,0,Safe
4.68,20.11,38.61,18.84,0.57,11.72,25.57,0.0,0,Safe
40.27,108.59,51.61,34.45,0.42,35.3,16.29,27.6,0,Safe
1.37,11.09,37.36,19.22,0.55,9.87,18.52,4.6,0,Safe
81.66,211.03,98.2,45.75,3.77,54.07,14.55,91.1,3,Critical
0.65,10.74,38.34,41.31,0.4,8.82,25.0,1.7,0,Safe
14.33,80.38,55.45,18.09,0.63,31.03,17.07,12.6,0,Safe
7.73,10.81,53.5,37.79,0.23,8.73,25.84,1.6,0,Safe
0.75,23.42,22.99,19.12,0.24,7.55,18.79,0.0,0,Safe
20.25,41.58,58.41,40.45,0.82,32.19,25.16,27.2,0,Safe
0.08,8.81,39.45,10.0,0.26,11.31,25.7,0.0,0,Safe
75.01,154.73,85.16,50.73,1.43,45.5,14.97,75.5,2,Warning
68.63,375.78,98.02,40.81,1.93,86.74,13.76,96.9,3,Critical
31.4,43.2,57.86,25.04,0.74,25.5,22.67,11.1,0,Safe
1.96,18.96,49.14,34.93,0.49,4.06,25.26,4.0,0,Safe
4.87,14.69,41.13,27.57,0.51,4.72,19.23,4.1,0,Safe
34.16,118.81,46.13,45.17,0.81,19.07,18.05,26.6,0,Safe
0.57,9.36,24.69,21.71,0.34,9.16,19.19,0.8,0,Safe
31.9,53.65,66.38,39.04,0.96,27.14,20.08,26.2,0,Safe
0.82,14.91,26.23,24.64,0.42,4.38,27.59,3.0,0,Safe
11.87,33.89,55.41,44.78,0.91,26.99,17.89,20.9,0,Safe
101.67,236.64,95.58,41.67,3.08,88.66,9.5,96.3,3,Critical
34.93,55.92,57.49,32.43,1.12,18.43,21.71,14.8,0,Safe
14.22,53.27,56.83,29.52,1.19,33.99,16.79,14.5,0,Safe
116.98,346.95,97.01,41.04,2.62,87.57,16.36,93.8,3,Critical
4.38,14.69,35.64,31.11,0.57,11.12,29.16,0.0,0,Safe
26.54,52.82,50.35,38.5,1.14,33.1,17.72,25.2,0,Safe
5.43,23.32,23.1,32.04,0.54,15.58,27.69,4.7,0,Safe
49.73,210.36,85.91,40.59,0.82,47.87,15.24,64.0,2,Warning
1.32,12.7,34.37,35.18,0.52,11.85,20.3,5.8,0,Safe
1.41,8.92,38.96,13.02,0.22,12.35,19.06,5.8,0,Safe
2.97,24.04,40.28,25.72,0.37,10.78,25.91,1.3,0,Safe
26.35,30.36,51.33,37.06,1.0,35.5,19.71,23.1,0,Safe
16.69,103.01,65.76,25.23,0.69,24.84,18.38,16.7,0,Safe
82.62,221.29,98.62,54.83,2.09,75.64,10.11,100.0,3,Critical
82.44,234.98,90.42,49.02,4.11,55.68,14.06,100.0,3,Critical
0.41,7.01,33.02,24.79,0.24,9.45,20.67,0.6,0,Safe
3.96,21.8,24.4,29.39,0.41,7.06,25.1,4.4,0,Safe
100.89,192.22,91.05,43.49,2.67,76.4,11.38,100.0,3,Critical
42.35,101.19,55.2,37.37,0.44,19.15,16.63,25.5,0,Safe
35.1,97.89,70.0,45.87,0.39,29.84,18.27,35.4,1,Watch
3.48,7.34,24.79,18.84,0.3,9.14,25.86,0.0,0,Safe
51.46,142.94,84.88,30.48,1.5,43.99,9.79,48.2,1,Watch
4.1,12.54,31.47,21.41,0.11,19.0,24.24,8.3,0,Safe
101.0,169.16,73.82,44.9,0.91,42.66,18.09,63.8,2,Warning
22.1,63.67,71.22,30.15,1.15,33.21,23.14,23.9,0,Safe
30.92,100.59,80.54,34.28,1.13,29.01,22.19,34.4,1,Watch
103.37,225.38,98.12,54.21,3.62,68.61,10.76,100.0,3,Critical
4.36,0.23,22.41,14.47,0.59,7.37,18.39,3.7,0,Safe
0.53,16.7,38.1,44.98,0.26,8.26,19.87,0.0,0,Safe
44.18,214.64,77.42,38.04,1.84,53.61,12.66,60.5,2,Warning
12.65,59.28,69.14,17.99,0.98,17.95,16.97,9.4,0,Safe
2.77,11.21,38.63,29.5,0.35,10.85,25.9,3.6,0,Safe
0.03,3.2,45.92,18.66,0.17,11.07,24.82,0.0,0,Safe
45.0,184.98,76.99,40.54,0.84,43.35,13.99,50.9,1,Watch
4.75,24.49,36.81,30.67,0.21,11.26,22.31,4.8,0,Safe
6.0,2.64,46.16,27.96,0.23,12.13,20.1,0.0,0,Safe
15.07,73.29,68.32,36.69,0.78,34.77,18.42,22.4,0,Safe
114.07,260.28,88.25,42.03,3.51,82.51,10.69,100.0,3,Critical
34.8,117.75,58.72,23.53,1.13,42.32,19.07,30.1,1,Watch
28.36,179.59,65.2,39.92,1.44,33.48,17.18,39.7,1,Watch
27.23,50.27,61.32,32.91,0.34,39.79,20.79,28.5,0,Safe
70.19,157.17,86.46,33.13,1.04,44.28,14.88,50.2,1,Watch
5.74,8.67,38.6,28.77,0.22,5.67,17.52,3.3,0,Safe
74.38,149.36,82.08,35.06,1.94,36.27,14.68,53.1,1,Watch
10.1,21.47,13.22,35.99,0.27,12.68,25.62,0.0,0,Safe
1.67,12.84,41.7,33.5,0.44,20.94,20.77,6.4,0,Safe
1.22,22.61,41.05,31.88,0.5,15.82,29.01,0.0,0,Safe
24.94,147.89,72.92,34.84,1.56,45.38,12.84,42.2,1,Watch
0.44,5.43,36.12,30.88,0.26,0.14,17.39,0.0,0,Safe
124.2,259.42,85.07,44.16,4.01,84.46,12.6,100.0,3,Critical
21.09,43.84,59.01,32.16,0.51,21.81,20.17,17.8,0,Safe
4.64,17.5,39.53,27.03,0.1,6.99,24.71,0.0,0,Safe
0.48,13.18,54.21,32.11,0.57,17.14,26.08,3.3,0,Safe
102.42,202.12,88.64,42.12,2.13,88.44,16.33,93.9,3,Critical
0.86,7.64,27.95,25.36,0.13,6.46,17.5,2.0,0,Safe
8.76,18.43,52.36,21.39,0.57,10.15,26.79,4.2,0,Safe
71.3,144.1,79.78,37.37,1.8,41.84,11.01,54.5,1,Watch
102.57,323.59,95.82,44.71,3.74,64.75,9.03,96.6,3,Critical
1.56,5.28,37.05,30.49,0.14,12.97,22.27,1.4,0,Safe
47.71,119.08,73.5,36.76,1.06,46.06,16.19,43.0,1,Watch
50.3,173.36,86.53,41.89,1.63,45.92,14.33,61.5,2,Warning
19.08,118.07,65.63,30.27,0.51,11.89,16.93,15.9,0,Safe
1.58,13.78,32.08,30.29,0.43,13.52,27.66,0.0,0,Safe
0.77,12.92,26.86,21.58,0.27,14.06,20.92,0.0,0,Safe
3.67,8.75,29.54,34.93,0.12,5.25,20.7,5.3,0,Safe
0.23,1.76,38.11,38.19,0.42,10.09,24.53,2.7,0,Safe
24.84,77.67,53.58,42.41,0.73,15.46,17.42,17.6,0,Safe
78.98,282.55,97.93,44.33,3.08,76.91,15.52,100.0,3,Critical
57.08,216.23,81.28,37.98,1.03,53.82,16.32,66.3,2,Warning
1.95,5.17,32.77,32.71,0.42,13.08,19.16,1.0,0,Safe
80.27,195.58,71.64,48.17,1.01,40.29,11.41,76.2,2,Warning
27.14,48.31,70.88,38.58,0.71,29.15,17.77,22.3,0,Safe
5.14,12.06,50.95,37.53,0.28,12.33,26.34,7.2,0,Safe
1.1,22.6,29.04,41.58,0.56,0.0,30.59,4.1,0,Safe
0.28,24.4,47.47,29.59,0.57,11.96,21.55,0.0,0,Safe
54.07,260.14,85.51,53.66,4.05,53.11,9.7,98.5,3,Critical
58.15,201.31,80.62,36.56,1.06,52.02,14.94,55.6,1,Watch
37.2,159.35,84.34,34.6,1.88,35.18,14.32,47.0,1,Watch
0.27,16.35,31.01,21.32,0.41,4.72,26.43,5.0,0,Safe
4.03,4.02,33.55,36.34,0.58,14.62,26.16,0.0,0,Safe
4.7,21.92,29.88,21.93,0.35,9.53,22.76,6.4,0,Safe
13.71,62.46,64.83,32.79,0.44,27.07,18.2,19.9,0,Safe
9.21,35.69,59.87,38.17,0.58,25.24,18.83,13.4,0,Safe
90.25,326.41,93.6,53.35,2.05,62.25,19.88,100.0,3,Critical
37.77,141.93,85.57,42.67,1.09,39.24,17.45,51.9,1,Watch
74.86,292.09,89.94,52.01,3.85,89.82,14.19,100.0,3,Critical
2.82,20.18,32.02,39.98,0.21,11.75,20.66,0.0,0,Safe
1.91,8.17,36.07,33.83,0.34,10.69,27.33,3.2,0,Safe
57.05,214.46,80.67,33.77,1.74,46.06,27.14,51.6,1,Watch
5.76,20.27,33.97,27.06,0.21,12.9,20.53,0.0,0,Safe
32.84,43.84,55.5,43.63,0.84,30.4,22.15,26.6,0,Safe
10.11,22.94,39.41,37.03,0.58,10.17,23.34,0.0,0,Safe
31.19,32.73,67.6,29.88,1.0,28.4,20.31,15.8,0,Safe
33.85,103.38,64.23,31.2,1.19,26.94,16.23,29.5,0,Safe
52.25,142.63,72.5,40.87,1.21,47.36,17.78,52.1,1,Watch
19.09,97.94,72.24,20.88,0.68,29.32,14.95,13.8,0,Safe
0.34,15.14,28.72,25.66,0.5,5.16,33.19,5.3,0,Safe
2.78,5.97,31.09,22.89,0.39,15.58,26.47,1.0,0,Safe
27.56,115.48,72.75,27.35,0.46,42.43,21.46,28.8,0,Safe
49.73,115.21,73.67,37.73,1.73,38.69,14.18,46.3,1,Watch
7.24,14.15,31.65,24.04,0.27,14.48,28.51,2.5,0,Safe
1.67,4.21,30.4,43.15,0.41,10.94,28.93,0.0,0,Safe
0.36,11.73,44.86,31.5,0.21,13.0,19.84,0.0,0,Safe
21.12,62.59,55.81,34.56,0.49,25.77,24.72,15.8,0,Safe
18.68,112.99,56.88,22.3,0.54,37.07,17.06,19.8,0,Safe
119.38,219.08,90.05,55.13,2.35,54.39,15.99,100.0,3,Critical
0.49,3.22,32.22,35.8,0.43,11.38,27.64,0.0,0,Safe
1.36,22.2,28.05,26.33,0.6,11.84,22.12,1.4,0,Safe
9.25,79.45,71.83,31.97,0.6,25.24,15.47,17.6,0,Safe
69.82,242.19,91.1,53.09,4.66,64.76,14.55,100.0,3,Critical
1.5,10.45,23.34,20.28,0.29,12.23,26.76,0.0,0,Safe
0.21,21.95,29.71,33.99,0.22,8.12,21.24,4.2,0,Safe
18.64,41.51,44.22,29.97,0.78,27.91,18.67,11.8,0,Safe
1.15,11.84,32.92,31.62,0.2,7.45,25.65,1.2,0,Safe
92.18,276.03,87.02,48.77,3.26,72.11,13.93,100.0,3,Critical
14.74,107.73,50.7,33.36,1.07,26.41,17.04,18.9,0,Safe
23.92,216.7,78.17,37.21,1.76,47.03,15.35,49.7,1,Watch
52.26,337.8,87.37,38.61,4.62,91.33,14.65,90.5,3,Critical
45.85,53.13,53.8,30.9,0.82,28.72,15.0,21.1,0,Safe
6.01,24.46,47.4,34.56,0.17,6.25,17.61,2.0,0,Safe
1.61,12.33,44.22,27.45,0.27,8.58,25.11,6.3,0,Safe
100.7,150.79,74.3,37.58,1.88,55.9,15.18,66.2,2,Warning
11.63,59.22,77.26,34.3,0.48,34.36,14.54,17.6,0,Safe
3.53,109.45,71.12,25.37,0.68,30.97,19.23,14.6,0,Safe
76.66,222.95,94.02,37.92,4.46,79.89,14.35,89.9,3,Critical
23.15,70.66,58.17,45.76,1.16,33.94,19.85,31.4,1,Watch
8.86,98.67,64.32,29.89,1.12,17.71,16.73,10.7,0,Safe
4.66,11.51,26.04,26.25,0.43,14.75,23.04,3.1,0,Safe
8.22,6.74,32.59,31.04,0.4,18.07,29.7,6.7,0,Safe
1.9,22.67,41.16,16.1,0.58,8.68,17.99,1.1,0,Safe
16.92,30.79,48.71,30.7,1.02,22.34,20.95,9.4,0,Safe
9.85,86.46,69.3,32.39,0.74,24.42,18.65,14.9,0,Safe
59.36,168.79,88.15,43.16,1.78,49.88,19.39,70.2,2,Warning
27.26,105.74,56.12,22.98,1.02,19.86,14.47,23.3,0,Safe
17.63,121.87,79.63,40.77,1.38,40.91,15.25,43.2,1,Watch
6.39,35.49,61.93,34.68,1.11,16.89,17.23,9.6,0,Safe
30.35,82.31,61.18,25.9,0.36,22.31,20.15,16.2,0,Safe
29.32,62.64,63.48,31.28,0.65,35.13,19.38,25.9,0,Safe
1.2,2.91,25.23,37.65,0.49,8.75,25.01,0.3,0,Safe
28.08,58.77,45.49,36.21,0.92,29.47,22.76,20.7,0,Safe
2.2,11.59,32.9,19.38,0.11,9.28,26.88,1.7,0,Safe
23.59,33.25,69.28,36.63,0.49,43.36,16.69,25.2,0,Safe
6.81,16.83,30.2,34.66,0.55,9.71,19.54,1.4,0,Safe
129.52,303.89,94.74,40.73,3.86,81.8,7.89,100.0,3,Critical
38.71,142.26,78.3,41.44,1.33,41.4,15.51,46.9,1,Watch
1.29,17.46,39.41,30.55,0.28,7.76,21.63,4.6,0,Safe
101.78,256.85,90.91,47.95,4.74,76.95,14.45,100.0,3,Critical
43.59,187.1,71.41,38.75,1.6,33.44,18.32,45.3,1,Watch
6.57,89.37,73.72,31.19,1.1,36.34,22.27,24.0,0,Safe
35.19,41.14,72.81,47.11,1.12,24.9,17.21,31.0,1,Watch
33.79,156.9,74.55,40.67,1.88,43.51,14.98,51.3,1,Watch
43.12,130.33,74.22,33.98,1.96,38.57,14.89,38.4,1,Watch
22.31,57.9,63.23,25.9,1.01,35.4,19.55,22.3,0,Safe
64.27,141.32,84.66,41.34,1.24,41.92,9.18,59.9,1,Watch
4.64,80.65,52.23,36.6,0.93,36.16,23.07,19.8,0,Safe
1.16,14.21,44.42,31.16,0.26,12.54,24.72,4.0,0,Safe
79.97,329.5,87.28,45.37,3.43,76.72,17.43,100.0,3,Critical
4.32,12.51,33.6,20.0,0.41,8.73,17.77,0.0,0,Safe
0.3,4.0,15.23,18.63,0.48,9.09,22.46,1.6,0,Safe
117.81,145.87,91.27,37.87,1.99,53.74,15.2,69.9,2,Warning
13.26,180.51,87.08,46.4,1.07,44.08,14.53,48.8,1,Watch
0.37,18.18,33.55,24.89,0.17,1.76,29.92,7.2,0,Safe
120.14,314.84,97.12,42.79,2.4,86.85,12.43,100.0,3,Critical
1.99,5.24,40.61,24.37,0.42,10.93,20.34,0.0,0,Safe
3.62,5.17,35.77,36.21,0.59,5.61,26.14,2.3,0,Safe
1.67,1.74,46.47,28.07,0.52,8.49,23.79,0.0,0,Safe
128.63,348.49,90.6,49.57,3.36,57.55,14.81,100.0,3,Critical
8.76,86.39,75.92,45.25,0.53,28.67,20.9,25.1,0,Safe
0.44,23.38,23.21,28.52,0.35,11.46,27.14,3.3,0,Safe
4.27,5.06,48.61,29.43,0.4,9.72,28.7,4.6,0,Safe
14.06,114.49,54.25,36.53,1.19,27.12,19.74,23.0,0,Safe
28.34,101.32,82.42,30.6,0.76,35.97,13.32,28.5,0,Safe
2.62,2.9,32.5,22.56,0.58,12.48,18.42,2.9,0,Safe
14.42,11.22,38.57,32.95,0.12,9.48,31.5,2.3,0,Safe
39.85,76.05,65.58,35.74,0.59,27.01,20.85,34.2,1,Watch
2.46,11.27,44.9,38.22,0.15,18.68,24.25,12.9,0,Safe
2.55,2.76,26.16,34.3,0.21,11.09,21.58,1.4,0,Safe
2.17,3.98,27.01,23.19,0.4,9.81,19.14,6.1,0,Safe
0.69,2.03,33.8,28.54,0.35,9.45,21.86,5.6,0,Safe
33.26,99.16,43.65,38.7,1.04,24.76,16.36,24.2,0,Safe
27.52,99.93,70.09,39.71,1.12,26.54,15.87,29.4,0,Safe
22.99,108.41,62.99,30.14,0.9,23.76,16.19,19.1,0,Safe
0.66,15.24,27.32,16.67,0.19,0.0,22.73,0.1,0,Safe
10.43,21.85,33.11,33.67,0.22,9.23,30.37,0.0,0,Safe
0.33,4.55,39.76,24.11,0.52,1.15,24.35,0.0,0,Safe
6.01,21.77,36.29,32.13,0.21,11.19,24.95,0.0,0,Safe
81.25,177.16,72.73,33.33,1.31,27.46,17.31,48.6,1,Watch
3.14,14.78,36.26,37.91,0.15,8.93,22.47,0.0,0,Safe
0.32,13.08,33.22,28.14,0.18,12.57,23.9,0.0,0,Safe
17.76,49.81,60.54,36.57,1.11,34.15,15.44,28.6,0,Safe
41.6,145.2,80.4,46.97,1.58,38.99,17.26,57.7,1,Watch
10.5,9.24,25.25,31.88,0.31,6.46,26.21,0.0,0,Safe
8.62,31.96,58.68,31.63,0.8,26.21,17.76,10.9,0,Safe
5.18,6.77,35.68,38.45,0.51,8.75,32.18,0.0,0,Safe
19.12,73.03,64.25,35.59,0.83,20.6,17.52,19.4,0,Safe
4.38,17.62,38.65,33.29,0.12,16.44,26.3,3.7,0,Safe
3.35,0.96,32.92,35.6,0.18,5.43,29.76,1.8,0,Safe
1.53,17.21,21.56,21.21,0.44,5.99,25.02,1.6,0,Safe
9.42,52.6,64.69,44.87,0.95,24.01,16.1,15.3,0,Safe
0.36,10.6,41.2,28.43,0.1,13.58,23.74,0.0,0,Safe
3.78,1.81,40.42,29.32,0.36,8.09,22.89,3.4,0,Safe
19.14,54.83,55.35,33.18,0.53,40.15,25.17,28.9,0,Safe
5.79,12.28,41.87,30.81,0.19,4.64,29.39,0.6,0,Safe
0.73,7.74,27.31,23.69,0.11,16.42,26.19,1.9,0,Safe
0.62,17.34,46.94,27.17,0.24,16.38,22.43,0.0,0,Safe
0.46,3.18,31.81,36.46,0.49,1.25,23.97,0.0,0,Safe
0.63,1.81,43.22,26.62,0.14,7.16,25.05,1.3,0,Safe
0.05,10.05,41.47,32.06,0.47,13.81,28.49,3.0,0,Safe
53.71,188.75,74.19,34.97,0.98,37.0,25.88,39.2,1,Watch
1.02,7.82,32.2,18.68,0.11,14.8,21.36,0.6,0,Safe
0.47,22.87,33.93,33.8,0.35,14.43,17.14,1.6,0,Safe
4.08,22.57,18.24,16.98,0.53,8.36,28.3,4.4,0,Safe
36.64,87.76,68.73,33.26,0.42,33.11,22.92,30.7,1,Watch
2.17,5.54,27.72,34.82,0.46,10.62,29.43,2.3,0,Safe
42.03,103.33,60.67,36.96,0.46,20.36,16.9,22.5,0,Safe
5.4,23.32,46.69,31.79,0.28,9.07,24.94,7.4,0,Safe
1.37,23.42,18.01,38.73,0.43,8.89,21.09,2.8,0,Safe
35.69,92.6,69.51,29.01,0.36,24.17,22.61,20.5,0,Safe
58.35,198.9,77.36,31.95,1.49,47.78,16.77,50.0,1,Watch
1.44,10.93,37.0,21.69,0.57,4.1,28.96,3.3,0,Safe
32.22,63.8,70.87,33.62,0.52,35.79,17.45,25.1,0,Safe
31.26,204.33,77.49,40.33,0.92,42.87,13.45,47.7,1,Watch
68.15,217.64,69.52,41.5,0.87,60.38,13.9,69.7,2,Warning
4.56,1.67,48.39,33.52,0.54,17.7,29.98,0.0,0,Safe
22.17,77.27,69.35,26.07,0.78,31.18,18.71,16.9,0,Safe
61.56,216.76,91.21,44.18,4.58,62.11,13.91,91.8,3,Critical
5.76,5.72,20.04,32.98,0.17,8.44,29.51,0.0,0,Safe
85.53,158.52,80.52,40.97,0.87,45.49,13.39,63.0,2,Warning
116.65,281.81,91.81,53.28,2.82,56.41,17.25,100.0,3,Critical
82.65,147.77,81.13,41.88,0.83,31.11,16.74,51.0,1,Watch
2.41,14.26,30.85,18.54,0.18,10.7,23.26,1.0,0,Safe
21.37,38.47,67.84,27.21,0.83,39.69,20.45,23.9,0,Safe
0.96,0.1,38.24,30.11,0.38,14.83,21.31,1.1,0,Safe
0.21,20.46,38.54,40.11,0.57,6.23,30.0,0.0,0,Safe
1.66,2.78,38.09,44.95,0.59,13.97,27.1,1.9,0,Safe
12.69,72.43,47.38,32.57,0.37,40.2,18.35,23.8,0,Safe
24.63,71.82,67.25,26.83,0.33,32.52,21.33,20.4,0,Safe
1.8,17.72,30.21,21.68,0.39,10.25,28.34,0.0,0,Safe
92.17,288.66,98.27,40.74,4.78,62.21,12.7,93.6,3,Critical
93.33,348.84,93.32,51.09,3.59,73.21,17.97,100.0,3,Critical
12.59,98.24,80.77,36.49,0.92,28.53,21.9,26.3,0,Safe
4.63,23.05,35.83,28.99,0.3,12.97,21.44,0.6,0,Safe
20.49,100.36,90.09,29.15,0.39,28.96,21.14,21.4,0,Safe
2.69,9.42,56.06,17.73,0.25,3.69,18.25,3.4,0,Safe
0.8,17.09,48.93,26.28,0.31,16.98,18.63,2.5,0,Safe
16.98,90.38,85.69,30.42,0.37,34.83,15.32,27.9,0,Safe
37.27,172.15,74.42,33.05,1.54,46.2,16.51,47.7,1,Watch
114.78,213.78,98.4,45.36,1.9,83.82,13.83,100.0,3,Critical
8.65,23.76,31.45,27.3,0.55,8.55,18.57,2.6,0,Safe
2.13,15.52,32.27,22.78,0.41,13.42,27.36,0.5,0,Safe
37.65,94.69,64.74,46.16,0.76,31.77,19.35,39.3,1,Watch
2.05,24.27,39.44,25.28,0.44,14.51,27.04,1.0,0,Safe
1.92,2.0,27.31,36.26,0.16,9.08,16.96,4.4,0,Safe
129.66,213.25,86.96,42.17,2.88,66.13,11.05,94.8,3,Critical
1.92,18.02,41.84,28.29,0.15,12.97,28.58,4.9,0,Safe
39.18,98.49,60.25,31.16,1.16,29.55,21.53,29.0,0,Safe
5.51,51.67,60.39,32.49,0.5,31.99,16.94,13.4,0,Safe
2.49,9.76,23.92,31.8,0.25,8.9,26.43,1.3,0,Safe
35.34,88.54,74.7,44.78,0.76,34.44,15.04,39.2,1,Watch
4.09,8.32,35.65,17.1,0.27,8.4,21.93,1.1,0,Safe
54.39,199.0,78.37,35.58,0.91,42.19,19.17,51.3,1,Watch
79.01,199.61,90.38,41.74,2.0,52.67,12.11,76.1,2,Warning
40.69,167.82,69.49,44.45,1.98,40.56,10.92,59.0,1,Watch
19.66,108.6,53.83,29.79,1.08,23.45,16.91,20.9,0,Safe
0.03,14.46,34.61,35.38,0.26,11.01,21.17,0.0,0,Safe
30.84,91.19,63.15,41.64,0.93,12.75,20.83,20.4,0,Safe
0.35,22.39,39.29,17.34,0.4,6.65,20.11,2.7,0,Safe
2.38,18.13,34.75,23.01,0.3,5.68,25.74,1.4,0,Safe
0.21,18.11,23.1,36.16,0.17,10.55,22.64,0.0,0,Safe
95.05,298.03,85.54,54.11,4.68,69.69,21.9,100.0,3,Critical
44.87,108.79,55.99,38.83,0.31,27.61,21.27,23.1,0,Safe
1.23,15.24,24.52,29.48,0.15,13.16,23.14,0.6,0,Safe
7.17,106.63,71.67,38.31,0.69,20.89,18.46,20.6,0,Safe
16.41,34.47,53.36,37.34,0.34,21.86,18.5,4.6,0,Safe
1.21,4.46,36.84,27.19,0.53,9.15,29.87,0.1,0,Safe
3.56,7.59,49.28,33.28,0.58,11.61,25.78,0.0,0,Safe
24.12,174.19,74.71,43.63,1.36,47.79,15.49,53.6,1,Watch
58.8,254.9,98.24,51.45,4.09,88.48,10.03,100.0,3,Critical
4.69,22.08,55.2,31.35,0.56,11.16,27.23,6.1,0,Safe
2.95,10.48,39.43,41.73,0.31,11.5,24.54,0.1,0,Safe
36.28,165.11,78.83,44.14,1.98,41.82,17.42,54.7,1,Watch
19.3,58.78,56.26,38.08,0.53,41.32,18.51,32.3,1,Watch
0.48,20.45,24.5,32.99,0.45,12.01,17.75,0.4,0,Safe
67.81,197.75,74.33,30.52,1.66,31.09,19.19,39.5,1,Watch
56.47,196.99,95.49,49.62,2.4,56.02,15.81,93.4,3,Critical
2.73,19.9,42.51,29.87,0.28,12.33,25.02,0.0,0,Safe
17.22,78.48,58.7,25.2,0.77,19.77,17.56,9.6,0,Safe
16.26,97.94,54.27,38.72,0.99,43.75,18.06,33.7,1,Watch
0.22,15.4,29.24,30.95,0.45,14.38,19.46,4.3,0,Safe
100.03,185.94,66.62,54.85,1.28,38.28,17.75,75.4,2,Warning
46.83,214.85,76.74,38.99,1.0,47.19,17.2,55.1,1,Watch
18.0,110.72,65.12,35.14,1.18,34.15,17.06,27.7,0,Safe
31.4,117.49,65.63,28.65,1.01,31.46,19.35,24.1,0,Safe
55.18,212.99,86.77,36.8,3.64,77.21,16.99,89.7,3,Critical
1.3,5.8,42.98,18.06,0.44,10.46,20.15,0.0,0,Safe
15.16,6.34,44.18,31.54,0.58,11.63,21.01,5.1,0,Safe
9.72,93.75,57.5,31.37,0.66,21.04,15.53,13.6,0,Safe
28.75,40.48,53.68,35.57,0.43,18.16,16.27,15.2,0,Safe
71.0,110.11,78.11,35.64,0.93,62.7,10.03,52.3,1,Watch
56.09,256.12,91.7,43.85,1.92,79.46,3.12,94.6,3,Critical
46.31,183.14,79.32,37.25,1.04,32.16,14.45,43.4,1,Watch
10.31,111.51,52.86,36.33,0.79,31.57,14.83,27.4,0,Safe
0.4,18.84,46.1,38.34,0.28,8.56,23.27,4.9,0,Safe
20.7,118.94,65.35,31.07,0.91,16.82,22.23,11.8,0,Safe
2.1,1.96,42.59,29.77,0.15,9.98,25.84,0.0,0,Safe
46.34,64.29,59.09,18.63,0.3,10.77,20.82,13.0,0,Safe
20.12,110.84,59.94,33.92,1.01,14.11,12.67,18.6,0,Safe
30.28,67.38,61.15,33.04,0.97,32.25,15.12,28.3,0,Safe
2.57,19.31,38.83,49.5,0.18,15.92,30.35,7.0,0,Safe
1.75,0.18,53.45,32.49,0.31,12.1,27.11,5.8,0,Safe
24.22,75.83,53.81,24.51,0.68,38.06,15.63,23.5,0,Safe
72.71,168.16,88.12,37.22,1.56,30.55,20.23,51.2,1,Watch
1.15,9.17,46.88,24.22,0.36,13.32,31.49,0.0,0,Safe
40.28,99.85,58.98,21.98,0.56,27.25,12.79,17.7,0,Safe
84.1,248.0,95.27,42.33,2.46,54.81,13.16,89.4,3,Critical
90.99,168.8,81.67,38.69,0.89,47.35,16.84,60.1,2,Warning
97.85,314.44,93.95,51.17,3.91,91.93,10.96,100.0,3,Critical
25.29,56.47,60.83,31.88,0.6,21.2,13.86,20.5,0,Safe
4.39,10.61,31.78,25.76,0.4,8.66,21.52,4.1,0,Safe
22.45,97.17,52.3,28.29,0.46,30.68,22.23,19.9,0,Safe
34.96,201.91,68.4,31.46,1.21,58.02,15.33,47.9,1,Watch
1.08,3.87,26.41,19.96,0.51,3.16,20.01,0.8,0,Safe
2.26,0.03,27.98,28.22,0.31,11.36,22.57,0.3,0,Safe
0.2,10.6,45.5,36.13,0.45,8.64,23.25,5.1,0,Safe
4.54,7.2,29.98,48.23,0.5,4.69,23.37,0.6,0,Safe
49.38,92.88,68.94,34.01,1.2,31.94,23.79,29.9,0,Safe
32.08,128.56,74.72,44.29,1.86,53.05,18.2,54.3,1,Watch
75.62,363.61,88.37,52.94,2.1,87.21,13.31,100.0,3,Critical
0.63,0.08,36.63,10.0,0.11,13.8,30.24,3.0,0,Safe
21.74,182.63,84.34,33.21,1.47,25.44,16.69,30.8,1,Watch
0.77,12.58,36.36,27.43,0.19,3.86,18.65,2.0,0,Safe
70.07,256.76,93.09,41.06,3.35,87.59,9.02,100.0,3,Critical
16.92,70.74,72.38,22.54,0.44,20.91,17.07,15.3,0,Safe
0.62,17.76,27.96,21.58,0.24,5.05,24.52,0.0,0,Safe
62.59,217.51,97.42,55.6,1.85,79.46,9.84,100.0,3,Critical
10.26,108.57,56.04,37.88,0.6,20.52,20.87,19.2,0,Safe
43.17,112.42,79.92,39.29,1.04,54.0,15.39,54.9,1,Watch
0.35,11.02,23.32,31.79,0.38,9.41,16.11,1.3,0,Safe
36.01,108.08,75.48,43.55,0.9,36.83,16.93,43.7,1,Watch
115.66,250.37,89.32,47.43,2.85,81.9,12.5,100.0,3,Critical
0.06,11.25,33.29,17.57,0.27,6.28,29.04,0.9,0,Safe
6.92,39.89,70.64,27.48,0.63,30.57,16.8,11.0,0,Safe
2.16,15.95,28.85,40.58,0.42,15.62,19.01,4.8,0,Safe
86.73,164.8,82.2,33.28,1.68,43.67,19.55,50.6,1,Watch
0.01,13.01,42.52,18.64,0.57,6.79,20.16,0.8,0,Safe
1.54,4.24,47.26,26.74,0.23,4.74,20.66,2.0,0,Safe
97.32,310.88,96.02,47.28,3.39,53.12,17.83,94.8,3,Critical
24.92,99.21,53.95,38.5,0.63,32.46,22.91,24.2,0,Safe
2.44,24.14,30.22,17.67,0.14,18.78,22.97,4.8,0,Safe
0.97,13.26,41.92,33.21,0.44,5.03,19.76,4.2,0,Safe
91.5,221.86,86.42,49.08,2.85,72.32,8.57,100.0,3,Critical
124.67,253.35,89.59,47.16,1.95,72.89,11.31,97.6,3,Critical
15.58,85.73,63.21,22.78,0.95,19.79,16.77,6.3,0,Safe
0.93,14.74,26.27,31.58,0.27,10.47,20.83,2.6,0,Safe
1.51,2.23,36.87,32.21,0.46,4.68,20.52,1.3,0,Safe
3.57,22.65,32.26,41.12,0.25,8.4,25.54,0.0,0,Safe
1.57,11.89,28.37,22.52,0.2,11.28,20.44,9.5,0,Safe
0.7,7.4,44.26,20.05,0.44,9.4,22.16,0.9,0,Safe
48.19,211.37,84.82,43.79,0.81,43.46,17.13,61.0,2,Warning
0.71,22.38,29.95,33.14,0.14,13.43,25.64,4.6,0,Safe
16.82,62.88,60.62,36.67,0.48,23.99,17.66,19.0,0,Safe
0.85,12.79,39.85,25.68,0.59,7.65,24.43,0.0,0,Safe
14.25,58.75,70.34,38.18,1.03,37.88,18.64,28.6,0,Safe
92.88,218.66,90.06,54.6,3.8,69.49,15.57,100.0,3,Critical
77.39,245.94,97.26,41.3,2.93,57.0,18.1,86.5,3,Critical
23.96,178.54,80.29,37.05,0.95,31.04,13.22,34.6,1,Watch
67.07,348.99,96.55,57.35,3.09,60.5,14.36,100.0,3,Critical
71.11,199.67,75.81,41.73,0.83,53.3,20.24,67.1,2,Warning
1.98,20.37,32.86,27.39,0.4,11.75,16.64,0.0,0,Safe
9.1,85.3,42.91,32.44,0.7,12.79,14.22,8.0,0,Safe
36.23,33.37,79.03,41.15,0.73,29.15,16.81,26.1,0,Safe
42.08,131.25,66.79,38.01,0.82,36.87,16.22,41.0,1,Watch
68.6,92.29,56.13,36.48,0.57,22.77,15.92,29.0,0,Safe
30.25,172.05,81.53,44.43,0.82,42.72,18.01,51.6,1,Watch
46.96,84.06,78.49,33.85,0.83,31.71,19.06,31.9,1,Watch
60.49,173.5,74.67,40.18,1.85,59.95,15.52,69.0,2,Warning
28.05,32.59,68.82,29.68,0.56,38.88,20.05,17.1,0,Safe
1.57,9.57,43.31,31.97,0.22,8.02,21.36,1.9,0,Safe
1.3,4.7,26.13,24.27,0.28,8.13,22.76,1.3,0,Safe
3.08,15.13,30.2,30.29,0.12,13.51,20.72,2.9,0,Safe
70.32,140.34,74.31,27.21,2.0,40.4,18.44,42.8,1,Watch
1.24,21.38,27.98,42.5,0.19,10.29,26.46,3.6,0,Safe
7.38,3.54,32.68,31.93,0.52,8.46,23.64,7.8,0,Safe
0.22,11.26,35.5,33.21,0.19,0.0,21.17,1.9,0,Safe
1.4,18.59,41.58,32.82,0.51,9.8,24.94,3.1,0,Safe
34.17,202.43,82.14,42.9,1.36,45.53,20.55,58.7,1,Watch
2.17,7.74,32.93,24.9,0.17,12.98,26.85,6.1,0,Safe
46.29,205.68,87.93,34.58,1.11,36.12,13.29,46.0,1,Watch
3.08,5.25,23.91,10.6,0.16,5.74,27.62,0.0,0,Safe
35.0,85.35,53.71,43.24,1.19,35.24,18.81,35.9,1,Watch
6.78,95.21,63.03,30.05,0.55,26.66,23.61,10.5,0,Safe
19.2,87.15,59.61,27.31,1.12,32.79,13.89,18.9,0,Safe
6.92,52.16,72.71,24.25,0.64,23.63,21.4,8.9,0,Safe
2.22,5.79,42.88,33.77,0.35,9.68,27.24,0.6,0,Safe
2.61,1.54,25.61,15.81,0.21,12.59,29.61,2.3,0,Safe
51.69,202.25,69.78,44.44,1.11,41.19,18.26,66.3,2,Warning
48.18,158.08,79.05,40.43,1.5,37.12,18.18,48.9,1,Watch
1.75,10.57,38.91,34.56,0.41,17.97,21.01,3.7,0,Safe
114.13,214.75,90.97,47.98,2.27,91.54,19.01,100.0,3,Critical
45.9,67.49,51.59,32.99,0.69,30.77,19.48,23.4,0,Safe
32.93,66.73,69.61,33.48,0.46,23.55,22.14,19.7,0,Safe
1.68,10.83,28.21,31.42,0.53,15.55,24.09,1.1,0,Safe
124.06,332.94,96.9,48.8,3.59,70.67,10.7,100.0,3,Critical
12.31,103.74,57.89,20.74,1.17,25.45,19.76,16.9,0,Safe
6.04,3.94,30.27,17.68,0.31,7.87,33.33,8.6,0,Safe
0.02,12.76,30.15,21.5,0.23,4.5,24.59,2.8,0,Safe
0.04,6.34,29.2,26.27,0.24,9.0,25.98,2.9,0,Safe
38.78,177.43,81.74,40.5,1.0,47.49,18.51,54.5,1,Watch
36.11,61.52,42.39,27.12,0.35,21.84,21.18,15.6,0,Safe
1.59,9.41,32.2,29.32,0.57,8.42,25.58,0.0,0,Safe
1.77,18.12,38.91,43.2,0.48,4.04,12.92,4.6,0,Safe
68.2,55.31,58.63,36.62,0.85,36.27,23.69,37.8,1,Watch
40.93,213.64,79.9,35.79,1.49,47.34,12.09,59.5,1,Watch
65.52,277.52,87.95,46.8,2.99,90.07,17.91,100.0,3,Critical
1.18,21.13,35.51,24.4,0.49,15.58,29.82,0.0,0,Safe
50.79,217.23,81.65,29.27,2.0,49.91,14.75,50.3,1,Watch
37.56,153.27,82.59,41.8,1.87,62.85,12.06,65.9,2,Warning
3.04,14.36,29.73,20.89,0.43,4.58,19.11,0.9,0,Safe
1.79,1.36,25.18,26.64,0.32,13.31,27.82,4.3,0,Safe
1.18,11.25,25.89,33.53,0.45,6.8,29.28,2.2,0,Safe
5.17,98.1,67.22,29.92,0.77,30.05,20.27,20.3,0,Safe
6.91,34.83,55.64,35.77,0.81,35.12,13.34,22.6,0,Safe
98.22,217.19,96.08,37.35,3.08,60.24,16.73,84.6,3,Critical
13.82,112.67,58.88,27.2,0.34,29.21,17.23,18.7,0,Safe
0.09,2.28,31.29,26.96,0.44,9.82,24.21,1.7,0,Safe
2.09,6.62,39.0,23.94,0.42,10.81,25.41,0.8,0,Safe
32.43,153.59,70.15,43.28,1.97,52.16,19.83,55.9,1,Watch
126.71,203.39,85.1,50.65,4.67,82.37,18.34,100.0,3,Critical
54.61,164.57,66.57,51.29,1.82,40.09,21.02,67.2,2,Warning
29.33,53.19,56.25,30.86,0.79,32.53,14.37,23.4,0,Safe
2.18,5.16,29.84,33.77,0.19,9.06,25.25,0.0,0,Safe
69.34,201.18,93.49,37.85,2.61,69.49,15.56,80.9,3,Critical
18.97,87.81,78.04,25.59,0.35,24.95,15.28,20.2,0,Safe
6.62,7.14,39.88,28.79,0.56,8.92,24.68,0.4,0,Safe
13.71,48.07,75.22,33.77,0.93,22.03,22.45,13.3,0,Safe
0.87,3.3,24.68,26.36,0.28,7.2,24.45,0.0,0,Safe
31.78,198.43,69.96,44.18,1.47,60.93,14.72,65.3,2,Warning
107.6,271.29,85.21,44.73,2.18,59.71,11.36,87.3,3,Critical
2.39,2.26,24.36,25.11,0.21,11.15,18.81,2.5,0,Safe
6.95,4.73,28.17,28.2,0.35,10.9,25.26,0.0,0,Safe
39.25,115.88,73.04,30.5,0.36,27.66,18.13,24.2,0,Safe
1.72,22.6,34.25,23.22,0.22,0.0,23.43,2.8,0,Safe
1.65,2.29,29.87,35.33,0.34,17.24,21.53,5.2,0,Safe
36.21,172.21,77.25,30.16,1.79,53.6,12.1,45.8,1,Watch
14.61,38.28,49.37,23.28,1.12,33.91,16.17,18.6,0,Safe
10.56,31.59,53.75,37.58,0.93,29.14,17.65,16.1,0,Safe
41.35,203.8,78.84,46.55,1.96,44.49,13.11,63.3,2,Warning
119.88,214.43,93.97,38.94,2.54,83.52,15.22,93.3,3,Critical
17.47,75.09,46.27,26.05,0.51,28.11,25.56,16.2,0,Safe
4.89,17.16,26.91,23.85,0.48,10.17,29.27,0.0,0,Safe
6.21,1.92,32.29,38.97,0.28,3.78,23.13,6.2,0,Safe
1.96,19.85,44.52,32.81,0.36,8.45,17.07,5.5,0,Safe
49.27,47.09,61.15,31.52,0.78,31.64,21.41,22.0,0,Safe
3.97,48.23,54.65,33.05,0.87,24.38,13.24,15.2,0,Safe
34.2,145.19,79.14,42.09,1.32,32.1,16.73,43.9,1,Watch
1.36,5.75,44.37,14.17,0.47,1.04,22.87,2.2,0,Safe
1.76,23.5,38.68,37.9,0.52,12.55,21.63,2.3,0,Safe
0.18,23.02,36.26,21.06,0.21,11.47,24.83,3.8,0,Safe
2.31,19.23,29.12,10.0,0.33,14.18,16.1,0.0,0,Safe
1.62,9.45,31.94,20.11,0.51,12.72,23.28,1.0,0,Safe
26.86,213.98,84.89,45.24,1.6,36.6,15.08,55.6,1,Watch
26.09,35.82,77.87,35.45,0.86,34.48,16.91,20.7,0,Safe
17.88,49.77,69.01,38.36,1.04,39.39,18.53,34.5,1,Watch
3.51,17.63,40.72,42.08,0.47,7.61,20.35,0.0,0,Safe
0.44,17.78,37.99,29.93,0.32,5.22,21.73,0.0,0,Safe
38.33,208.74,73.65,33.11,1.88,42.8,12.57,48.4,1,Watch
55.46,154.22,88.61,33.03,1.01,58.46,13.37,51.2,1,Watch
13.9,0.2,25.64,30.17,0.51,3.69,17.86,2.2,0,Safe
9.27,61.06,62.83,26.63,0.99,35.38,17.46,20.9,0,Safe
43.93,151.02,81.66,43.52,1.62,59.73,15.93,67.9,2,Warning
0.37,23.21,32.45,43.49,0.41,12.41,26.03,3.9,0,Safe
26.84,33.54,63.27,36.11,1.01,23.75,17.01,18.6,0,Safe
0.21,15.03,25.86,26.81,0.25,13.25,23.92,3.1,0,Safe
95.41,303.63,93.54,39.64,3.93,76.05,9.94,94.5,3,Critical
20.66,52.42,45.84,28.61,0.72,25.95,18.36,18.3,0,Safe
0.79,20.22,28.14,25.91,0.41,11.41,25.34,2.2,0,Safe
19.38,46.12,58.38,22.48,0.82,29.43,20.97,11.9,0,Safe
33.48,41.32,53.76,25.2,0.6,20.86,23.94,12.0,0,Safe
54.77,328.3,89.59,44.04,2.59,80.68,18.19,98.3,3,Critical
13.91,197.86,88.82,36.39,0.92,40.54,15.29,36.6,1,Watch
23.51,192.75,77.72,34.74,1.59,63.89,12.48,56.7,1,Watch
1.95,10.89,28.58,29.98,0.58,7.71,18.76,0.9,0,Safe
7.3,34.14,47.56,34.42,1.08,35.32,17.12,24.6,0,Safe
22.32,55.39,52.74,38.41,0.43,25.87,23.97,25.5,0,Safe
15.13,117.87,57.1,35.23,0.4,28.36,22.26,23.7,0,Safe
3.59,10.16,45.71,35.9,0.27,6.66,24.25,2.1,0,Safe
4.61,85.81,66.99,39.88,0.66,24.56,15.59,22.2,0,Safe
1.49,5.54,29.29,25.52,0.35,5.51,21.64,0.3,0,Safe
41.28,30.66,56.45,32.95,1.18,23.46,17.93,19.9,0,Safe
0.2,6.37,42.55,33.71,0.33,7.5,19.73,3.8,0,Safe
0.03,2.95,37.67,20.62,0.31,8.58,18.45,0.0,0,Safe
34.22,122.43,78.1,35.28,2.0,50.31,17.76,48.8,1,Watch
20.0,60.43,70.92,28.0,0.61,25.03,16.67,13.0,0,Safe
0.16,14.0,24.89,24.25,0.39,4.63,20.7,2.2,0,Safe
7.75,2.04,38.2,39.99,0.34,13.34,25.06,1.0,0,Safe
2.08,17.95,28.53,21.93,0.13,2.98,25.83,0.0,0,Safe
2.46,0.41,46.78,23.21,0.28,5.7,20.5,0.0,0,Safe
24.06,98.37,64.28,32.14,0.42,35.86,13.04,31.6,1,Watch
2.36,14.58,34.56,14.99,0.5,9.95,24.07,0.0,0,Safe
30.97,86.03,70.12,28.6,0.44,23.16,17.85,16.9,0,Safe
1.65,9.79,29.02,24.94,0.28,13.65,21.95,0.0,0,Safe
47.19,144.11,71.55,33.99,1.55,44.34,13.11,47.4,1,Watch
2.1,2.65,48.43,18.41,0.35,15.13,24.44,0.4,0,Safe
0.04,12.04,28.49,19.33,0.6,7.58,21.11,2.4,0,Safe
116.08,241.55,89.97,52.25,4.59,62.97,11.5,100.0,3,Critical
5.88,44.63,74.55,30.11,0.32,40.76,20.4,18.7,0,Safe
11.49,63.37,62.68,38.89,0.84,27.33,22.84,22.7,0,Safe
4.0,10.59,30.07,26.54,0.17,10.97,23.21,2.1,0,Safe
21.8,59.61,61.6,26.1,1.1,18.76,18.22,14.1,0,Safe
22.95,69.06,63.98,33.43,0.53,16.3,19.99,19.2,0,Safe
0.25,7.15,44.67,28.98,0.54,12.65,27.33,0.0,0,Safe
0.25,11.44,37.67,41.91,0.4,5.14,21.46,3.2,0,Safe
34.46,59.15,59.3,38.68,1.18,28.29,21.06,28.1,0,Safe
27.53,118.5,62.59,38.31,0.82,30.55,20.35,28.7,0,Safe
60.55,172.22,74.31,37.82,1.27,58.07,16.82,62.3,2,Warning
115.9,352.04,88.19,46.0,3.37,71.37,11.77,100.0,3,Critical
5.0,10.81,37.45,18.86,0.21,9.32,17.83,0.0,0,Safe
7.85,11.21,33.34,27.12,0.2,11.55,30.74,5.3,0,Safe
8.69,5.03,23.3,28.93,0.4,7.26,19.44,0.0,0,Safe
50.37,162.93,75.96,42.4,1.71,38.05,15.11,49.7,1,Watch
19.38,31.18,62.35,27.77,1.18,38.07,21.3,18.8,0,Safe
70.83,306.6,95.31,47.15,2.37,61.98,18.77,99.8,3,Critical
1.9,1.06,26.94,20.04,0.29,9.71,17.96,3.6,0,Safe
2.02,3.85,47.33,37.87,0.24,15.95,27.26,1.6,0,Safe
1.05,0.8,22.44,38.96,0.47,12.52,23.16,1.9,0,Safe
1.67,12.62,32.26,29.27,0.37,7.82,24.17,2.3,0,Safe
2.86,22.58,33.65,27.51,0.29,10.81,21.38,2.8,0,Safe
5.58,6.63,31.99,11.9,0.46,10.81,16.55,3.4,0,Safe
6.9,20.03,31.28,33.29,0.35,12.91,22.26,2.4,0,Safe
1.3,2.28,37.29,13.5,0.41,12.46,22.25,2.2,0,Safe
48.16,47.46,70.4,31.25,0.4,24.26,21.27,21.3,0,Safe
15.81,77.63,72.34,33.69,0.38,31.81,11.95,21.4,0,Safe
46.05,134.85,72.05,39.1,1.29,23.63,12.63,39.4,1,Watch
15.61,55.67,62.94,32.91,0.82,13.86,18.36,15.9,0,Safe
86.55,379.36,93.06,53.93,4.77,91.37,18.38,100.0,3,Critical
2.79,14.52,48.45,24.12,0.27,12.74,19.67,1.4,0,Safe
84.92,328.37,88.08,40.37,4.52,85.08,13.53,96.4,3,Critical
64.89,209.69,82.27,31.66,1.09,44.04,22.14,51.9,1,Watch
5.53,97.81,57.59,34.1,1.18,34.0,18.57,26.9,0,Safe
5.39,23.57,26.59,32.86,0.22,11.93,25.35,6.0,0,Safe
120.05,123.74,76.05,38.25,0.89,50.11,16.78,57.3,1,Watch
15.21,44.02,56.37,26.7,1.19,23.76,18.19,11.7,0,Safe
0.72,23.86,26.84,24.51,0.55,8.14,21.25,2.3,0,Safe
61.98,212.18,89.5,40.93,4.14,64.92,9.88,85.6,3,Critical
17.53,117.17,61.17,42.17,0.82,25.82,12.15,29.4,0,Safe
1.04,7.87,17.43,38.71,0.45,11.39,16.25,3.1,0,Safe
31.02,118.96,68.5,31.96,0.8,22.34,19.68,25.4,0,Safe
88.99,168.11,76.5,37.87,1.76,53.23,16.08,64.8,2,Warning
9.9,31.4,68.08,27.61,0.37,37.35,23.14,15.2,0,Safe
1.62,2.22,40.94,17.8,0.41,11.57,28.6,0.0,0,Safe
1.52,7.32,17.55,28.27,0.41,10.69,25.17,0.0,0,Safe
14.88,175.04,84.27,30.73,1.2,38.39,11.93,37.9,1,Watch
13.41,111.2,73.7,23.48,0.66,34.17,19.98,22.0,0,Safe
93.74,300.36,93.95,38.14,4.38,63.65,17.44,91.8,3,Critical
2.91,1.46,34.7,21.54,0.3,9.91,27.21,6.8,0,Safe
0.32,14.24,42.99,37.14,0.57,5.31,18.27,2.4,0,Safe
5.14,7.86,33.37,43.62,0.59,10.12,28.77,0.4,0,Safe
126.97,216.82,96.28,36.86,1.89,83.21,17.9,84.7,3,Critical
46.45,56.52,57.23,37.91,0.67,41.71,22.61,30.2,1,Watch
2.54,5.15,32.59,30.54,0.57,17.14,24.6,0.0,0,Safe
9.21,46.56,65.99,37.34,1.02,15.0,19.44,16.9,0,Safe
0.08,14.45,38.97,27.76,0.34,11.52,23.63,0.0,0,Safe
50.1,335.71,93.06,40.88,2.22,87.34,16.84,82.6,3,Critical
19.39,143.89,71.98,32.63,0.82,45.47,15.69,37.3,1,Watch
4.38,21.83,39.73,30.26,0.42,11.98,27.88,0.0,0,Safe
84.02,297.05,91.28,45.0,3.13,70.82,18.28,100.0,3,Critical
0.6,2.81,33.18,19.38,0.4,12.02,21.02,0.5,0,Safe
46.25,183.32,69.62,34.84,1.77,43.95,16.18,48.8,1,Watch
7.89,79.94,63.57,33.84,0.4,28.94,17.76,18.9,0,Safe
102.06,298.03,86.65,48.26,4.01,57.04,8.68,96.4,3,Critical
55.44,42.39,64.49,34.05,0.76,24.49,12.9,26.2,0,Safe
0.09,16.93,31.25,23.66,0.28,16.51,25.75,0.0,0,Safe
60.25,178.28,81.85,46.81,1.33,28.56,11.35,56.0,1,Watch
37.29,34.35,65.01,30.83,0.82,24.91,21.58,18.9,0,Safe
5.2,44.86,67.55,38.55,0.73,35.74,17.73,19.6,0,Safe
111.0,327.15,86.46,48.64,4.29,66.29,11.94,100.0,3,Critical
28.43,85.96,73.33,30.44,0.97,19.77,21.67,21.5,0,Safe
4.65,24.61,38.15,34.75,0.59,11.31,27.84,3.2,0,Safe
87.96,215.7,93.47,43.27,2.13,89.78,13.51,91.4,3,Critical
10.27,16.9,33.13,21.81,0.28,13.91,24.08,0.0,0,Safe
3.65,3.53,40.16,34.51,0.53,13.46,22.67,0.0,0,Safe
1.22,11.25,33.55,12.32,0.35,4.52,29.24,4.1,0,Safe
9.3,6.08,30.47,26.4,0.33,11.73,28.09,3.8,0,Safe
37.26,67.35,62.27,32.75,0.49,37.74,20.13,26.8,0,Safe
1.4,16.61,44.3,35.42,0.43,6.29,19.81,5.4,0,Safe
0.38,18.96,22.44,25.56,0.21,10.86,30.36,0.0,0,Safe
16.33,51.59,62.01,32.23,0.85,28.0,16.93,9.8,0,Safe
37.02,76.02,71.64,27.39,1.1,18.55,15.48,17.1,0,Safe
1.85,1.02,45.1,24.19,0.53,8.47,18.34,0.0,0,Safe
89.11,363.81,85.36,56.0,2.46,72.8,15.41,100.0,3,Critical
36.77,89.95,76.1,34.74,0.53,21.74,15.73,21.6,0,Safe
45.29,80.99,64.39,46.06,1.09,38.6,20.62,42.5,1,Watch
3.53,4.49,47.09,14.23,0.24,13.23,25.81,2.5,0,Safe
8.39,9.19,42.87,21.81,0.29,0.46,21.9,0.0,0,Safe
0.14,11.73,41.05,20.02,0.43,4.47,23.36,0.0,0,Safe
1.66,6.13,45.25,42.2,0.34,9.24,23.47,2.7,0,Safe
19.59,50.39,77.73,36.73,0.99,26.87,15.27,26.3,0,Safe
0.06,3.13,29.64,34.13,0.16,9.42,22.44,3.1,0,Safe
97.1,230.7,88.42,51.12,4.52,64.21,11.99,100.0,3,Critical
29.23,134.59,84.13,49.76,1.8,45.4,12.95,56.9,1,Watch
70.99,165.58,72.08,35.69,1.49,53.37,19.48,58.2,1,Watch
21.74,69.74,58.91,32.04,0.62,21.21,19.29,13.0,0,Safe
51.58,131.1,64.78,51.27,1.69,47.29,20.13,70.3,2,Warning
30.23,65.9,67.3,34.21,0.85,35.61,24.47,22.7,0,Safe
8.72,13.88,37.59,29.01,0.28,5.53,25.73,0.0,0,Safe
27.52,115.28,69.98,14.09,0.36,35.38,19.49,16.9,0,Safe
8.03,22.23,32.77,24.19,0.31,5.48,25.58,3.8,0,Safe
49.18,33.4,70.96,19.13,0.94,25.65,13.32,13.8,0,Safe
21.71,30.4,55.94,32.47,1.05,25.23,16.81,17.6,0,Safe
1.8,22.37,32.7,22.13,0.57,13.32,26.67,3.9,0,Safe
26.86,92.62,81.69,35.49,0.59,36.95,21.84,32.1,1,Watch
114.5,324.74,98.67,40.97,3.99,65.42,14.96,94.2,3,Critical
20.16,119.53,64.11,37.33,1.69,37.87,14.57,30.1,1,Watch
0.22,20.06,32.42,28.31,0.4,10.96,22.94,4.1,0,Safe
2.34,6.22,52.42,35.43,0.18,8.51,21.18,3.4,0,Safe
0.84,7.58,29.22,26.27,0.38,19.02,21.42,2.9,0,Safe
15.15,112.92,54.5,35.69,0.58,41.53,25.27,31.0,1,Watch
0.88,9.13,19.86,30.46,0.51,1.69,16.81,3.1,0,Safe
12.51,46.28,70.05,28.49,0.87,33.61,21.0,16.1,0,Safe
10.6,36.1,67.02,32.03,0.32,21.98,21.64,8.6,0,Safe
24.6,43.48,62.22,33.07,1.16,25.09,15.15,16.2,0,Safe
0.81,0.08,31.81,34.36,0.55,6.19,22.77,1.4,0,Safe
32.3,177.56,89.34,32.18,1.27,57.26,19.04,48.0,1,Watch
5.48,5.89,52.26,31.97,0.56,16.45,28.18,5.9,0,Safe
1.08,22.24,23.72,21.35,0.36,14.76,18.43,0.8,0,Safe
2.95,4.14,36.65,25.76,0.48,7.3,27.95,0.7,0,Safe
16.24,74.6,74.1,37.56,0.58,20.98,18.7,20.3,0,Safe
68.21,171.76,67.55,45.37,1.35,48.61,15.86,65.5,2,Warning
2.79,19.05,35.47,19.51,0.12,7.75,23.06,3.8,0,Safe
23.69,83.35,57.35,23.04,1.02,25.44,17.58,14.8,0,Safe
1.72,7.74,35.28,25.64,0.28,6.25,26.01,0.0,0,Safe
33.36,86.09,55.77,30.23,1.2,39.99,23.59,34.6,1,Watch
0.4,18.22,33.32,31.35,0.28,3.92,21.36,1.8,0,Safe
8.3,99.04,63.44,41.9,0.58,33.82,15.87,28.2,0,Safe
5.97,15.82,27.19,36.81,0.1,20.04,15.68,5.7,0,Safe
1.03,20.71,46.8,26.77,0.24,12.16,27.05,1.6,0,Safe
14.98,95.72,64.02,33.31,0.64,27.42,19.77,17.7,0,Safe
26.92,215.45,74.9,40.93,1.92,32.02,15.6,47.6,1,Watch
70.57,296.05,96.14,43.15,2.03,64.66,12.15,89.9,3,Critical
0.01,10.06,34.58,34.02,0.43,8.04,23.75,0.7,0,Safe
16.89,86.81,81.34,37.0,0.89,27.57,12.92,28.5,0,Safe
3.7,7.83,33.78,21.16,0.52,10.49,26.03,0.6,0,Safe
60.96,359.18,87.68,39.83,2.83,69.12,14.61,81.6,3,Critical
24.92,68.26,68.68,27.15,1.13,16.1,20.13,17.7,0,Safe
85.86,314.0,85.45,54.1,3.73,74.95,13.63,100.0,3,Critical
0.15,9.13,31.43,13.98,0.17,14.01,32.18,1.6,0,Safe
1.79,0.69,30.82,24.44,0.37,15.77,20.87,0.4,0,Safe
2.56,1.37,25.42,23.25,0.24,9.4,31.54,0.0,0,Safe
0.17,20.69,29.71,31.57,0.19,4.98,29.45,0.0,0,Safe
47.81,107.51,72.52,33.6,0.34,37.51,21.99,32.7,1,Watch
30.74,93.61,50.98,30.9,1.0,28.19,19.4,23.7,0,Safe
82.16,60.07,65.04,31.05,0.71,14.1,21.94,27.0,0,Safe
3.75,1.38,28.21,33.05,0.47,13.17,26.89,2.6,0,Safe
22.15,204.73,80.23,34.37,1.16,46.02,13.51,45.8,1,Watch
123.53,283.12,90.27,57.02,3.01,79.06,5.82,100.0,3,Critical
40.37,143.41,83.82,42.19,1.87,39.36,18.1,54.1,1,Watch
129.01,222.88,89.36,36.15,4.04,89.62,14.45,91.9,3,Critical
2.36,6.85,23.92,32.32,0.32,11.43,27.47,2.0,0,Safe
2.31,20.08,25.91,25.3,0.21,13.31,23.97,0.0,0,Safe
47.35,83.77,52.99,27.7,0.43,26.99,21.38,23.2,0,Safe
25.06,118.38,65.08,34.58,1.1,33.27,17.0,27.7,0,Safe
13.59,112.8,64.44,31.75,0.96,36.52,21.8,29.1,0,Safe
70.77,237.23,98.27,48.74,3.35,70.31,23.32,100.0,3,Critical
31.77,87.14,59.86,43.7,0.62,27.8,20.84,24.9,0,Safe
2.61,8.54,29.35,11.33,0.36,12.71,13.56,1.4,0,Safe
4.29,34.98,56.87,22.57,0.31,20.26,20.54,6.6,0,Safe
20.46,97.16,66.55,32.64,0.93,25.44,17.87,24.7,0,Safe
35.69,141.18,79.51,32.63,1.99,59.27,19.61,49.3,1,Watch
16.24,63.97,58.38,40.39,0.76,34.14,14.85,26.5,0,Safe
38.88,166.73,79.79,32.97,1.16,37.27,20.21,37.2,1,Watch
27.16,56.54,59.16,37.92,0.55,38.37,20.34,28.9,0,Safe
2.1,10.39,34.67,34.51,0.56,10.04,26.9,0.9,0,Safe
103.83,378.95,98.43,52.87,2.2,64.78,7.71,100.0,3,Critical
0.55,18.49,32.97,35.6,0.59,5.71,25.18,1.5,0,Safe
47.71,144.84,74.83,23.78,1.32,32.27,15.16,25.2,0,Safe
33.29,108.27,59.78,36.1,1.2,28.7,17.27,29.6,0,Safe
2.87,17.2,24.32,20.2,0.47,8.75,22.58,0.0,0,Safe
5.13,36.79,55.55,31.44,0.97,27.74,17.79,14.0,0,Safe
62.78,128.27,80.85,35.22,1.28,52.95,14.46,54.4,1,Watch
120.71,271.67,93.82,47.28,1.8,52.92,14.66,84.7,3,Critical
2.98,16.59,26.4,18.5,0.46,7.49,18.12,0.7,0,Safe
106.76,197.11,97.48,45.93,1.91,68.66,9.72,91.7,3,Critical
118.02,231.63,89.73,40.12,3.83,68.51,12.33,92.8,3,Critical
43.82,204.83,74.72,40.27,1.97,44.27,18.21,63.7,2,Warning
43.71,196.73,81.64,37.31,1.95,47.32,18.9,56.1,1,Watch
9.12,46.88,63.13,27.89,0.87,25.82,19.46,10.5,0,Safe
28.28,90.7,58.23,21.14,0.98,18.84,16.46,9.1,0,Safe
69.13,211.42,85.18,47.26,4.24,87.87,16.72,100.0,3,Critical
0.76,8.26,49.84,35.88,0.16,8.83,24.2,0.0,0,Safe
1.03,9.47,35.62,36.46,0.2,11.92,24.78,0.9,0,Safe
3.89,20.36,33.39,33.97,0.22,13.42,26.24,0.0,0,Safe
4.2,0.25,40.58,32.4,0.41,15.79,25.7,4.3,0,Safe
51.62,181.25,85.28,41.7,1.72,45.37,10.22,66.9,2,Warning
103.91,237.35,90.28,36.43,3.53,54.61,15.66,86.0,3,Critical
0.61,13.63,22.03,22.95,0.14,11.83,20.77,3.7,0,Safe
1.85,1.68,32.06,24.99,0.41,0.0,26.14,0.0,0,Safe
1.74,14.98,50.26,26.8,0.15,12.0,20.19,6.8,0,Safe
2.28,22.83,39.83,26.72,0.18,12.31,29.31,0.0,0,Safe
5.24,8.03,32.05,30.65,0.17,4.13,26.31,8.3,0,Safe
30.81,103.91,55.76,35.37,0.6,28.36,19.23,20.5,0,Safe
0.25,23.39,33.59,40.25,0.6,12.61,17.69,3.6,0,Safe
120.61,362.67,85.57,46.18,3.76,56.58,14.96,89.5,3,Critical
7.98,11.37,28.48,24.02,0.37,7.03,26.49,6.0,0,Safe
37.37,131.32,74.67,27.5,1.53,31.79,13.81,32.2,1,Watch
2.71,10.02,34.41,38.32,0.33,9.52,29.84,0.0,0,Safe
5.59,2.9,40.02,31.96,0.16,5.19,26.08,1.3,0,Safe
4.33,22.59,40.74,19.99,0.37,6.77,21.56,6.2,0,Safe
0.44,16.93,29.96,34.16,0.11,12.46,24.79,7.9,0,Safe
44.78,75.09,63.16,39.12,0.69,25.45,15.6,25.6,0,Safe
111.59,305.48,86.96,54.61,2.07,81.97,11.49,100.0,3,Critical
27.75,113.24,70.99,30.21,0.98,41.89,19.26,33.5,1,Watch
65.83,190.7,76.77,36.45,1.98,41.11,16.31,53.3,1,Watch
34.76,177.18,85.17,43.18,1.75,54.1,15.1,59.8,1,Watch
1.4,5.07,49.25,20.48,0.1,6.59,21.6,0.0,0,Safe
0.37,22.79,33.19,35.61,0.36,11.18,16.79,0.0,0,Safe
1.45,2.23,29.5,24.97,0.55,8.36,18.67,0.0,0,Safe
8.98,91.91,66.31,30.73,0.54,31.29,18.88,18.8,0,Safe
3.78,24.79,42.45,38.07,0.14,8.47,30.43,0.0,0,Safe
125.96,201.22,86.58,54.96,4.34,81.72,16.88,100.0,3,Critical
4.78,13.05,35.88,24.76,0.13,6.6,22.01,4.2,0,Safe
7.79,21.37,28.2,35.25,0.53,3.89,23.37,7.5,0,Safe
23.59,217.92,81.6,36.25,1.83,47.95,17.72,57.5,1,Watch
0.13,12.58,51.41,21.73,0.55,0.0,28.06,0.0,0,Safe
5.43,10.69,36.85,29.47,0.49,7.89,24.57,0.6,0,Safe
127.53,324.28,91.29,39.59,1.81,87.07,12.55,91.1,3,Critical
79.24,302.74,91.32,57.04,4.75,54.73,13.91,100.0,3,Critical
114.34,366.19,88.59,52.29,2.03,76.98,12.93,100.0,3,Critical
4.1,24.27,30.73,32.7,0.15,14.3,20.44,3.9,0,Safe
39.66,176.93,88.5,43.51,1.65,38.65,15.5,61.3,2,Warning
35.24,131.06,77.92,45.43,1.83,38.88,10.85,55.3,1,Watch
5.41,15.01,29.07,32.14,0.5,9.52,21.12,0.0,0,Safe
1.91,1.05,27.33,32.67,0.25,10.91,21.4,0.0,0,Safe
19.94,78.93,65.61,25.1,0.54,36.66,22.51,16.9,0,Safe
42.3,113.81,54.97,31.07,1.06,17.58,25.81,24.0,0,Safe
40.77,180.61,82.03,37.76,1.61,46.2,13.03,52.6,1,Watch
16.16,42.0,53.74,34.88,0.37,28.39,22.12,15.5,0,Safe
0.34,8.89,27.83,36.88,0.41,12.75,22.43,1.3,0,Safe
107.32,209.77,85.15,55.45,4.56,54.83,16.64,100.0,3,Critical
17.21,103.37,76.42,37.67,0.57,39.26,18.5,31.1,1,Watch
0.69,20.08,43.94,26.11,0.29,6.76,19.46,2.8,0,Safe
0.04,19.68,40.77,35.93,0.11,11.43,27.11,4.3,0,Safe
3.07,16.89,33.99,32.51,0.23,11.21,25.0,0.0,0,Safe
13.58,9.5,42.95,26.4,0.14,12.79,21.89,2.4,0,Safe
0.28,23.37,37.01,17.34,0.29,14.8,30.23,2.0,0,Safe
10.44,112.98,68.47,25.86,0.56,24.72,15.3,13.0,0,Safe
5.29,21.49,29.81,29.05,0.35,2.44,26.39,4.5,0,Safe
107.58,276.19,85.08,43.63,4.68,67.2,14.82,92.0,3,Critical
5.71,24.13,33.28,10.0,0.17,6.63,30.5,0.0,0,Safe
3.12,19.4,30.45,22.49,0.51,9.81,12.51,0.2,0,Safe
0.58,1.85,39.81,41.48,0.1,18.83,28.97,5.3,0,Safe
2.24,16.43,28.23,27.42,0.13,8.1,18.33,3.2,0,Safe
49.54,134.05,79.78,41.63,1.4,31.85,15.36,46.9,1,Watch
11.86,113.3,66.33,35.14,1.13,32.37,14.73,23.4,0,Safe
31.64,63.22,58.47,37.91,0.4,19.79,19.15,20.9,0,Safe
26.95,72.3,54.89,27.25,0.87,17.02,19.93,12.3,0,Safe
11.53,21.29,32.35,23.4,0.51,18.81,25.7,4.3,0,Safe
100.53,355.76,94.11,36.34,1.88,58.25,16.57,77.7,2,Warning
3.55,24.4,42.8,21.79,0.35,14.46,26.6,0.7,0,Safe
5.5,9.96,33.73,37.72,0.31,10.33,16.48,0.0,0,Safe
111.95,306.42,92.88,49.14,1.9,61.46,10.58,96.1,3,Critical
5.43,0.17,40.12,36.42,0.27,3.87,27.58,7.7,0,Safe
0.0,14.88,43.16,25.0,0.56,19.29,29.53,6.3,0,Safe
65.11,216.16,81.17,36.8,1.34,44.09,14.1,58.9,1,Watch
7.36,13.48,32.84,22.31,0.17,14.57,19.43,2.8,0,Safe
16.5,96.11,61.16,31.74,1.04,24.79,19.35,18.6,0,Safe
5.01,5.24,32.97,28.23,0.4,9.67,23.99,3.1,0,Safe
5.7,11.33,32.4,38.79,0.34,7.51,13.01,1.9,0,Safe
2.45,20.67,32.2,37.28,0.26,0.41,33.78,1.8,0,Safe
0.29,9.44,44.18,29.36,0.14,11.54,34.09,3.9,0,Safe
21.27,51.15,41.15,33.89,0.83,30.75,22.07,19.7,0,Safe
26.55,80.97,70.88,28.74,0.93,38.72,19.78,26.2,0,Safe
76.85,209.42,80.9,41.76,1.56,42.87,13.06,69.6,2,Warning
0.79,20.14,45.11,22.41,0.34,14.85,18.79,9.1,0,Safe
7.75,104.73,75.8,35.71,0.89,29.46,21.06,24.3,0,Safe
3.56,14.14,33.04,19.73,0.16,14.22,20.41,4.6,0,Safe
0.59,11.1,37.85,36.34,0.53,4.34,28.98,2.1,0,Safe
88.26,154.04,81.66,38.76,1.21,42.95,18.27,59.8,1,Watch
34.49,41.97,54.78,27.06,0.43,40.29,20.44,21.7,0,Safe
12.7,76.37,66.38,40.68,0.42,14.73,19.75,10.2,0,Safe
23.9,66.56,68.75,30.65,0.59,29.93,22.39,19.6,0,Safe
0.02,6.56,31.63,23.67,0.44,9.14,23.9,1.8,0,Safe
6.26,15.62,36.34,30.15,0.25,8.85,24.55,5.7,0,Safe
0.35,21.36,50.1,25.1,0.39,9.11,22.47,6.3,0,Safe
0.93,6.09,28.61,35.85,0.58,8.6,20.35,3.6,0,Safe
1.51,13.6,34.02,25.28,0.48,14.91,21.73,4.0,0,Safe
37.2,209.09,86.82,35.35,1.98,49.11,18.33,52.8,1,Watch
0.66,19.18,50.16,16.6,0.39,8.56,31.18,0.3,0,Safe
9.95,89.36,61.9,30.46,0.7,37.09,17.14,25.3,0,Safe
56.49,314.8,98.33,48.67,2.83,61.5,17.61,97.8,3,Critical
41.98,61.41,76.73,40.41,0.69,30.87,19.12,34.9,1,Watch
93.88,207.03,89.87,44.33,4.3,85.83,10.33,100.0,3,Critical
10.08,57.25,49.32,44.42,0.96,21.5,19.99,14.5,0,Safe
1.31,16.27,32.71,30.17,0.18,6.7,28.32,2.3,0,Safe
56.95,142.73,63.34,41.99,1.18,41.52,18.46,54.3,1,Watch
4.28,20.53,36.57,38.57,0.38,15.27,26.75,0.6,0,Safe
11.16,117.61,61.08,33.19,0.65,20.03,19.35,21.4,0,Safe
37.91,74.63,72.38,26.26,0.95,32.45,15.47,19.8,0,Safe
1.38,10.76,42.76,18.34,0.44,7.89,18.23,0.0,0,Safe
0.06,10.35,29.91,25.18,0.28,10.67,17.88,0.0,0,Safe
1.32,19.1,23.57,30.54,0.45,7.38,22.34,4.5,0,Safe
72.06,157.28,83.79,39.23,1.37,55.83,11.3,64.7,2,Warning
0.98,16.23,36.64,26.5,0.54,13.16,23.91,0.9,0,Safe
1.83,5.29,35.99,27.96,0.32,7.3,26.59,0.5,0,Safe
33.66,38.6,34.37,24.77,0.85,37.11,18.89,19.3,0,Safe
124.59,323.35,96.95,36.67,4.02,54.43,13.64,76.5,2,Warning
25.66,113.93,57.22,33.96,0.99,26.9,11.16,24.0,0,Safe
1.12,7.26,17.5,30.96,0.47,7.12,20.31,0.0,0,Safe
33.31,118.07,46.6,27.77,0.97,12.29,22.13,15.4,0,Safe
0.75,14.22,42.57,19.75,0.42,5.97,30.05,6.8,0,Safe
2.94,13.23,44.63,31.98,0.21,16.51,24.85,6.5,0,Safe
18.87,85.79,55.6,37.44,0.5,26.14,16.81,26.2,0,Safe
30.64,100.64,60.65,30.55,0.55,32.29,17.48,25.5,0,Safe
22.38,41.26,70.32,34.35,1.1,31.94,18.82,15.8,0,Safe
26.23,42.38,51.7,42.44,0.85,31.87,22.12,24.4,0,Safe
27.34,196.28,84.08,31.42,1.37,45.31,15.54,39.3,1,Watch
7.02,66.68,57.01,26.59,1.14,28.72,17.84,12.7,0,Safe
31.63,210.64,78.14,45.27,1.54,50.2,14.69,66.6,2,Warning
1.58,1.11,35.13,28.59,0.2,14.33,27.74,0.0,0,Safe
43.03,157.48,69.32,41.73,1.01,52.91,19.51,51.7,1,Watch
0.1,13.0,31.02,33.95,0.14,14.53,30.4,0.5,0,Safe
4.76,5.79,24.16,22.11,0.35,9.11,21.3,2.1,0,Safe
63.75,75.13,49.56,37.44,0.97,28.86,19.17,29.1,0,Safe
8.68,105.27,66.65,39.73,0.53,36.09,18.28,25.4,0,Safe
2.13,9.9,34.76,23.49,0.16,11.92,21.73,3.0,0,Safe
1.76,5.09,30.45,21.39,0.43,16.31,19.81,0.0,0,Safe
0.49,2.59,25.76,28.01,0.31,2.98,26.59,2.0,0,Safe
1.93,17.08,47.46,33.85,0.28,12.02,19.74,0.0,0,Safe
0.2,5.71,39.42,25.14,0.59,7.37,18.97,0.0,0,Safe
32.74,142.67,85.41,31.03,1.59,54.31,15.97,47.7,1,Watch
44.95,118.84,80.73,32.16,1.52,63.66,10.35,52.4,1,Watch
30.84,100.29,65.62,36.13,1.16,44.05,18.77,40.1,1,Watch
0.24,6.37,43.12,25.29,0.35,11.05,18.8,0.0,0,Safe
21.96,54.7,57.09,37.97,0.9,25.27,13.13,17.4,0,Safe
37.04,77.45,52.16,29.63,0.32,17.63,19.04,9.5,0,Safe
119.89,206.63,93.22,51.67,2.81,71.91,15.02,100.0,3,Critical
3.52,3.2,34.7,23.07,0.45,0.0,22.85,0.0,0,Safe
70.61,201.1,79.82,29.24,1.08,43.07,18.26,49.9,1,Watch
93.7,192.29,70.18,35.22,1.33,43.56,16.17,49.6,1,Watch
0.01,9.25,35.92,29.88,0.11,10.49,19.87,0.2,0,Safe
44.7,170.78,79.76,29.58,1.9,57.64,15.47,48.8,1,Watch
36.54,77.38,76.61,29.06,0.95,16.16,19.29,18.0,0,Safe
0.92,7.59,33.54,32.5,0.34,8.52,23.5,0.0,0,Safe
13.15,53.78,67.9,24.17,0.37,13.29,19.54,2.5,0,Safe
0.55,12.35,31.42,38.83,0.34,11.72,24.2,0.0,0,Safe
60.25,214.87,90.89,34.87,1.16,50.53,18.43,57.5,1,Watch
9.2,8.81,43.46,22.91,0.19,0.0,23.01,4.8,0,Safe
67.58,118.12,78.69,39.68,1.83,43.76,16.1,63.6,2,Warning
125.99,261.41,88.21,54.53,4.49,79.52,18.15,100.0,3,Critical
17.43,71.69,64.35,26.22,0.95,17.26,13.23,13.2,0,Safe
20.99,53.26,54.79,31.0,0.85,35.7,19.47,19.5,0,Safe
1.02,2.16,44.57,23.96,0.49,16.86,27.59,0.0,0,Safe
2.61,12.61,38.89,31.24,0.26,11.9,22.06,0.0,0,Safe
36.75,126.08,77.87,37.62,1.52,35.39,12.17,35.4,1,Watch
14.02,114.9,57.4,20.91,0.37,34.05,19.94,19.2,0,Safe
13.2,87.52,72.76,19.78,0.59,16.59,18.46,10.7,0,Safe
51.09,179.63,76.7,34.34,1.93,35.28,19.29,50.0,1,Watch
0.97,23.25,39.02,29.06,0.59,11.92,23.91,0.0,0,Safe
2.33,1.08,45.2,21.86,0.32,9.13,26.29,0.0,0,Safe
36.03,76.73,53.49,32.37,1.02,35.59,20.37,28.6,0,Safe
83.38,201.88,92.7,46.21,3.54,79.99,13.93,100.0,3,Critical
3.55,8.86,47.94,37.63,0.37,12.27,20.11,4.6,0,Safe
66.77,215.67,66.88,38.97,1.39,19.97,17.65,45.5,1,Watch
21.14,58.7,61.17,39.25,0.44,12.89,18.4,13.9,0,Safe
0.1,2.72,39.46,34.42,0.5,10.7,29.15,0.0,0,Safe
46.75,189.09,68.69,42.7,1.72,30.67,13.45,47.9,1,Watch
39.33,33.54,59.75,34.86,0.39,27.69,15.51,24.1,0,Safe
0.71,12.43,32.23,30.24,0.51,7.71,24.18,2.8,0,Safe
127.19,316.73,87.7,36.61,2.18,85.31,17.4,82.4,3,Critical
20.33,33.42,73.23,30.24,1.08,20.43,17.98,14.9,0,Safe
52.79,342.13,89.99,45.27,3.1,71.91,17.53,93.6,3,Critical
2.1,23.26,35.78,19.44,0.32,6.25,20.69,3.9,0,Safe
2.79,22.73,22.96,26.82,0.27,10.64,20.91,1.8,0,Safe
20.2,100.68,69.52,26.68,0.98,25.81,15.48,21.4,0,Safe
11.0,12.59,30.5,21.06,0.47,10.37,20.64,3.9,0,Safe
5.49,57.04,69.37,27.73,1.15,32.15,13.56,14.0,0,Safe
26.81,72.89,62.07,33.86,0.88,29.79,20.68,20.2,0,Safe
6.58,0.02,42.86,27.66,0.31,8.76,27.15,0.0,0,Safe
119.68,326.62,95.06,52.14,2.1,53.99,16.9,96.1,3,Critical
66.31,219.88,92.58,47.6,4.07,89.76,10.03,100.0,3,Critical
58.7,108.03,63.37,25.63,0.95,30.08,18.24,24.4,0,Safe
5.48,3.26,32.33,28.59,0.23,4.87,13.45,5.2,0,Safe
1.4,4.17,44.63,36.22,0.43,14.68,30.32,2.8,0,Safe
2.15,17.42,41.14,20.06,0.42,10.2,19.57,1.9,0,Safe
31.78,211.37,80.13,37.35,0.9,62.5,18.83,58.8,1,Watch
1.53,2.64,34.0,22.73,0.34,3.04,26.44,0.3,0,Safe
36.72,33.72,78.08,34.7,0.48,28.4,17.98,23.5,0,Safe
5.58,18.96,39.68,25.72,0.22,3.38,19.57,5.5,0,Safe
0.16,5.4,38.43,23.35,0.12,8.65,22.73,0.0,0,Safe
1.36,3.91,35.07,24.38,0.39,7.65,22.44,2.2,0,Safe
3.34,0.84,42.59,37.16,0.58,10.5,23.95,1.6,0,Safe
28.53,99.18,66.99,36.48,0.83,27.8,21.66,28.4,0,Safe
2.41,22.04,39.36,24.55,0.36,4.8,23.65,3.5,0,Safe
24.64,32.32,70.9,33.75,0.65,26.21,16.71,18.2,0,Safe
0.75,18.74,32.72,17.95,0.1,6.59,21.02,1.7,0,Safe
29.56,39.56,74.59,38.25,1.07,34.16,19.03,29.1,0,Safe
8.58,70.31,67.53,23.26,0.37,18.73,19.8,11.6,0,Safe
7.82,85.31,49.45,36.78,1.02,26.12,15.62,23.9,0,Safe
4.53,10.8,44.11,36.76,0.1,19.13,21.97,4.3,0,Safe
30.95,42.7,60.81,35.16,0.98,27.47,19.82,24.4,0,Safe
3.19,17.68,45.07,33.49,0.48,13.67,25.91,4.3,0,Safe
1.05,24.79,45.06,35.54,0.46,17.3,26.97,3.5,0,Safe
22.77,35.75,59.57,38.87,0.79,27.6,21.9,26.3,0,Safe
12.42,79.33,65.97,34.22,0.53,24.74,15.09,19.3,0,Safe
0.87,11.6,39.7,21.36,0.44,11.18,25.68,0.0,0,Safe
34.14,86.14,62.55,31.72,0.92,35.3,25.96,19.3,0,Safe
106.43,265.41,96.11,41.71,3.54,75.83,14.76,100.0,3,Critical
11.25,70.7,46.6,41.86,0.75,17.68,20.97,10.9,0,Safe
45.8,188.09,69.65,37.58,0.9,43.16,18.33,48.0,1,Watch
22.33,53.39,64.67,32.99,0.72,26.41,24.7,17.5,0,Safe
35.51,39.61,68.9,31.05,0.36,34.1,23.09,20.5,0,Safe
84.84,251.36,88.53,47.96,3.56,58.39,12.22,98.4,3,Critical
15.11,13.37,23.8,25.77,0.36,7.23,15.97,2.0,0,Safe
1.65,7.1,37.42,36.75,0.14,8.45,22.64,0.5,0,Safe
89.21,311.12,96.2,42.45,3.49,66.38,10.22,95.2,3,Critical
27.42,112.01,70.91,25.03,0.95,33.73,14.83,22.7,0,Safe
0.27,12.88,26.24,31.22,0.14,13.82,28.18,0.0,0,Safe
103.15,130.9,83.14,44.43,1.6,45.36,19.3,64.8,2,Warning
47.61,92.8,69.92,41.78,0.63,39.88,16.1,45.1,1,Watch
26.99,89.66,77.64,34.56,0.3,30.87,22.24,24.4,0,Safe
32.88,197.75,81.32,44.21,0.86,57.05,12.8,63.4,2,Warning
107.65,247.94,95.44,51.95,2.52,56.26,8.23,100.0,3,Critical
113.8,324.16,86.89,45.55,2.43,61.03,12.2,92.0,3,Critical
64.44,230.86,92.29,46.68,2.53,74.34,9.19,100.0,3,Critical
115.57,330.74,87.7,51.87,2.27,86.91,17.15,100.0,3,Critical
101.24,347.7,97.02,41.96,2.88,77.3,14.07,97.0,3,Critical
74.28,200.73,81.15,31.68,1.01,21.45,15.08,43.0,1,Watch
0.24,10.46,34.44,26.42,0.45,14.25,22.2,1.4,0,Safe
3.57,4.4,28.2,23.9,0.18,15.44,28.05,1.1,0,Safe
13.04,31.59,66.02,37.73,0.67,27.37,15.17,14.4,0,Safe
1.78,16.28,32.75,34.71,0.15,14.67,22.08,0.0,0,Safe
0.65,23.55,47.64,23.68,0.51,10.85,28.2,0.0,0,Safe
15.44,55.89,61.5,30.96,0.85,37.34,19.71,27.6,0,Safe
34.35,75.04,68.03,35.08,0.9,27.57,17.93,28.8,0,Safe
0.07,17.94,24.46,33.49,0.55,10.91,24.46,0.9,0,Safe
1.47,16.12,37.15,33.59,0.15,12.76,27.84,0.7,0,Safe
0.34,0.6,34.99,14.48,0.53,19.02,25.85,1.8,0,Safe
26.67,149.27,74.35,27.18,1.65,49.56,15.65,38.1,1,Watch
0.81,24.41,32.12,38.88,0.26,9.33,21.17,1.0,0,Safe
4.62,66.61,63.15,29.76,1.06,40.72,21.0,23.1,0,Safe
6.04,7.81,42.05,31.19,0.34,6.93,24.34,1.4,0,Safe
23.59,36.85,71.43,42.32,0.51,34.09,21.03,21.0,0,Safe
6.66,13.96,41.67,29.77,0.58,14.58,22.53,4.3,0,Safe
56.54,278.68,94.29,44.86,4.5,78.64,14.03,100.0,3,Critical
90.44,211.39,95.2,53.54,2.84,56.3,20.32,100.0,3,Critical
38.64,127.38,71.78,44.61,1.74,38.43,16.73,45.9,1,Watch
18.99,117.2,67.37,28.34,0.67,21.72,13.44,12.2,0,Safe
6.62,6.86,39.23,42.81,0.52,14.21,27.92,1.3,0,Safe
70.81,168.46,85.18,37.55,1.15,33.95,19.26,51.1,1,Watch
1.03,20.75,38.01,31.3,0.51,21.0,34.77,1.3,0,Safe
4.57,1.19,21.76,19.73,0.15,9.79,32.79,4.0,0,Safe
56.6,176.09,83.76,41.56,1.23,47.93,14.97,58.4,1,Watch
67.65,377.69,85.36,55.75,4.68,89.1,12.8,100.0,3,Critical
0.75,14.13,21.32,23.12,0.24,5.21,23.88,0.0,0,Safe
43.02,37.33,71.28,33.6,1.1,28.89,19.95,22.3,0,Safe
40.32,163.43,78.52,32.11,1.79,41.98,16.67,41.8,1,Watch
27.07,82.29,66.1,20.86,0.87,16.65,17.21,9.1,0,Safe
0.79,9.34,30.15,17.07,0.53,13.2,25.49,0.0,0,Safe
1.79,4.89,27.1,19.29,0.24,18.21,18.29,2.6,0,Safe
77.29,363.02,90.7,48.92,4.03,59.83,12.4,100.0,3,Critical
123.02,121.88,71.72,28.18,1.96,36.9,20.62,43.9,1,Watch
0.43,0.8,16.31,26.61,0.43,6.82,24.53,0.9,0,Safe
7.19,7.56,30.92,25.74,0.52,13.5,20.63,1.7,0,Safe
19.06,38.92,72.18,35.26,0.59,22.67,20.76,19.1,0,Safe
0.58,0.54,36.23,24.64,0.2,14.39,22.23,0.4,0,Safe
0.69,10.46,20.25,26.12,0.3,13.57,22.29,0.0,0,Safe
2.41,12.37,19.01,36.33,0.27,14.3,20.41,0.0,0,Safe
1.68,23.35,46.47,23.74,0.27,7.92,24.92,3.6,0,Safe
71.28,162.23,75.76,47.84,1.06,39.06,16.16,68.1,2,Warning
43.19,119.33,60.36,36.14,0.55,36.49,21.99,34.9,1,Watch
56.26,357.07,98.45,50.22,3.58,62.18,13.88,100.0,3,Critical
8.19,74.04,69.28,18.0,0.86,24.73,15.95,11.4,0,Safe
3.58,11.43,18.84,29.76,0.13,7.34,25.64,1.8,0,Safe
70.84,212.13,96.16,36.35,3.56,68.97,10.18,83.5,3,Critical
16.63,47.39,62.19,36.44,0.61,31.13,17.21,13.7,0,Safe
110.02,327.52,98.92,37.08,1.81,87.32,11.68,86.9,3,Critical
82.57,359.23,93.84,55.41,4.5,85.62,16.14,100.0,3,Critical
11.43,70.62,64.13,17.64,0.76,23.63,21.07,11.6,0,Safe
57.87,151.03,80.3,29.22,1.78,47.41,18.44,42.7,1,Watch
23.87,47.03,68.91,32.74,1.07,29.4,17.01,20.6,0,Safe
2.69,4.78,43.52,38.49,0.37,8.91,19.64,5.4,0,Safe
29.15,200.46,72.72,42.24,1.67,41.85,16.07,52.9,1,Watch
3.24,6.09,37.52,10.99,0.49,16.62,23.38,4.2,0,Safe
124.27,201.79,85.84,37.98,2.31,91.87,10.75,87.8,3,Critical
0.75,9.4,26.36,27.42,0.56,5.39,20.26,0.0,0,Safe
1.76,19.42,37.2,30.0,0.22,8.39,27.0,7.2,0,Safe
28.35,183.51,85.24,38.28,1.13,51.82,11.19,54.8,1,Watch
33.36,128.93,71.98,39.72,1.76,38.53,14.57,39.3,1,Watch
0.93,24.44,34.12,22.78,0.12,8.9,25.69,0.5,0,Safe
2.13,4.21,33.6,33.98,0.44,9.16,27.5,0.0,0,Safe
5.91,9.69,44.26,29.36,0.33,5.99,17.35,0.0,0,Safe
18.89,32.02,64.64,34.67,1.19,27.92,19.36,23.4,0,Safe
4.04,18.71,30.28,33.76,0.51,7.54,27.19,2.8,0,Safe
14.88,56.11,63.36,40.05,0.73,33.28,16.48,22.0,0,Safe
30.96,202.08,64.25,48.67,1.33,54.72,16.03,63.0,2,Warning
101.37,250.03,98.12,52.61,3.02,70.87,12.01,100.0,3,Critical
52.33,374.05,95.91,56.61,4.08,65.61,11.37,100.0,3,Critical
1.37,21.62,35.64,31.35,0.35,8.38,19.14,0.7,0,Safe
48.64,74.17,70.6,26.1,1.03,27.29,17.02,20.2,0,Safe
86.89,366.74,90.39,42.88,4.04,59.71,12.15,94.9,3,Critical
1.39,4.87,27.78,30.81,0.56,3.16,25.11,4.6,0,Safe
30.44,96.06,58.83,40.52,1.06,26.03,19.93,27.8,0,Safe
43.19,117.97,66.35,46.8,0.6,31.86,25.23,40.1,1,Watch
89.48,79.97,56.82,25.5,0.38,19.5,20.34,20.9,0,Safe
1.53,7.18,48.08,29.86,0.15,11.15,18.26,4.1,0,Safe
1.2,9.79,36.09,37.13,0.5,8.67,22.73,0.0,0,Safe
13.47,168.16,81.0,37.84,1.62,42.95,19.6,49.2,1,Watch
33.63,52.44,62.34,35.01,0.94,32.36,13.93,25.6,0,Safe
24.2,155.13,77.47,43.29,1.52,44.66,12.65,48.9,1,Watch
36.36,207.77,70.45,32.72,1.18,48.58,14.03,49.0,1,Watch
0.04,4.4,31.94,36.05,0.39,12.2,25.58,0.0,0,Safe
103.42,321.28,93.77,42.28,3.22,74.09,13.56,100.0,3,Critical
4.69,22.9,35.14,36.6,0.49,9.98,28.75,6.7,0,Safe
11.48,91.98,71.66,29.47,1.03,31.58,21.99,19.8,0,Safe
4.19,20.92,29.02,16.0,0.28,3.75,20.14,2.7,0,Safe
8.85,17.73,28.87,32.89,0.2,5.82,26.88,1.1,0,Safe
42.27,59.07,75.63,30.86,0.92,27.49,21.33,21.7,0,Safe
4.86,58.82,72.42,22.18,1.01,23.41,20.05,11.2,0,Safe
0.46,2.76,29.16,32.64,0.11,8.64,19.04,3.8,0,Safe
30.97,102.66,72.22,23.82,0.37,38.26,20.81,20.9,0,Safe
4.09,9.68,36.36,27.72,0.16,12.53,24.78,5.0,0,Safe
3.58,7.11,46.02,27.84,0.14,11.59,23.87,0.0,0,Safe
0.71,18.66,28.29,25.67,0.38,12.69,36.08,2.1,0,Safe
52.24,66.14,60.25,37.58,0.31,27.27,20.04,28.7,0,Safe
107.17,315.64,85.86,36.82,3.92,74.8,14.12,91.3,3,Critical
1.86,6.23,27.39,31.26,0.25,5.96,29.86,0.0,0,Safe
18.61,156.47,79.23,36.92,0.88,37.4,14.28,39.4,1,Watch
5.69,8.99,28.02,13.99,0.33,12.34,16.36,3.3,0,Safe
35.09,156.91,81.94,34.74,1.07,57.49,12.91,52.0,1,Watch
29.18,85.25,67.64,33.41,1.01,29.49,24.49,28.7,0,Safe
2.23,16.34,28.63,46.65,0.18,9.08,21.18,2.2,0,Safe
60.78,232.69,86.7,40.56,2.72,52.34,16.1,75.3,2,Warning
2.04,15.31,30.04,26.89,0.1,9.68,27.73,0.0,0,Safe
0.46,10.01,47.46,20.03,0.2,5.3,21.0,0.0,0,Safe
17.39,94.88,58.7,35.09,0.93,26.9,15.76,18.4,0,Safe
1.59,13.9,35.65,22.9,0.19,11.23,19.44,0.5,0,Safe
20.12,101.13,65.22,42.85,0.64,19.68,18.95,18.7,0,Safe
0.64,16.8,36.0,30.45,0.36,8.37,26.35,3.8,0,Safe
43.13,147.49,81.15,35.79,1.08,45.9,15.71,42.5,1,Watch
38.18,59.71,63.23,29.99,0.74,23.26,17.05,18.7,0,Safe
3.88,7.17,38.22,29.41,0.3,4.92,18.78,0.6,0,Safe
0.87,9.73,50.53,37.29,0.28,8.76,25.38,5.4,0,Safe
1.41,5.98,39.5,28.46,0.28,14.18,22.17,2.3,0,Safe
2.33,3.3,26.64,35.53,0.41,7.89,20.29,3.5,0,Safe
12.64,117.93,66.92,41.49,0.63,25.32,15.32,28.8,0,Safe
4.3,4.85,37.46,22.87,0.17,14.21,26.15,5.2,0,Safe
0.25,11.01,39.34,16.18,0.14,8.27,19.38,0.0,0,Safe
3.69,24.51,27.64,15.56,0.12,10.28,28.12,0.0,0,Safe
0.25,7.35,31.32,30.96,0.2,6.14,24.21,3.0,0,Safe
37.34,92.91,61.1,22.67,0.34,11.13,22.03,15.6,0,Safe
2.22,15.34,30.56,37.65,0.5,9.22,28.98,0.0,0,Safe
0.95,4.91,40.51,13.42,0.51,5.6,18.67,0.0,0,Safe
3.35,11.4,42.35,34.1,0.43,10.52,20.2,4.0,0,Safe
1.64,8.58,40.25,23.8,0.39,3.73,23.49,4.0,0,Safe
49.4,180.95,87.96,46.06,1.25,26.23,16.46,47.7,1,Watch
1.36,11.67,31.34,24.87,0.27,15.08,26.51,2.6,0,Safe
21.18,64.34,56.59,32.19,1.08,39.03,20.14,20.2,0,Safe
0.95,0.45,28.53,37.74,0.59,8.26,26.32,2.6,0,Safe
116.07,201.87,94.37,42.28,3.67,58.04,18.66,89.8,3,Critical
16.49,32.71,61.54,31.17,1.17,9.33,21.72,9.1,0,Safe
39.01,85.92,58.32,33.79,1.13,14.38,17.98,16.7,0,Safe
16.8,1.17,31.77,19.67,0.15,13.52,25.79,0.9,0,Safe
20.06,64.23,84.34,23.04,1.05,26.87,17.84,17.3,0,Safe
49.33,169.96,79.8,24.34,1.64,45.56,22.28,39.9,1,Watch
4.57,12.83,24.45,24.13,0.51,5.44,23.6,0.7,0,Safe
41.43,88.76,65.66,30.0,0.75,18.34,19.04,20.6,0,Safe
4.49,1.0,44.46,34.17,0.28,4.27,22.09,4.0,0,Safe
58.22,117.08,58.15,34.47,0.65,27.05,20.66,35.7,1,Watch
1.05,11.67,28.27,21.91,0.54,9.64,23.57,3.6,0,Safe
3.83,16.47,26.63,21.22,0.24,14.03,20.14,2.5,0,Safe
2.5,10.64,33.93,40.63,0.24,6.15,22.98,5.6,0,Safe
15.44,32.06,61.58,39.13,0.97,31.59,19.37,22.9,0,Safe
8.46,20.01,44.89,28.1,0.23,11.67,22.04,7.0,0,Safe
64.12,113.47,72.55,32.43,0.91,26.14,16.8,29.5,0,Safe
27.08,102.12,56.06,27.69,1.09,31.84,16.06,24.4,0,Safe
1.71,11.52,17.26,34.18,0.26,4.44,21.05,2.8,0,Safe
0.18,0.97,46.83,20.98,0.43,9.97,26.06,5.8,0,Safe
0.27,21.6,33.68,31.56,0.18,11.13,19.63,5.8,0,Safe
6.04,20.43,37.62,34.16,0.23,17.91,28.2,4.2,0,Safe
75.64,305.23,93.97,47.88,2.79,54.91,18.51,92.7,3,Critical
40.77,128.65,76.12,33.59,1.1,36.92,17.16,39.9,1,Watch
39.81,139.1,73.4,25.32,1.52,40.26,11.08,32.7,1,Watch
61.32,93.27,43.31,28.58,1.16,35.17,20.03,28.8,0,Safe
2.83,12.45,40.75,31.42,0.6,8.32,20.51,0.0,0,Safe
96.03,329.47,90.96,36.11,4.79,70.08,10.14,85.1,3,Critical
4.15,5.7,40.07,32.59,0.58,17.01,24.14,8.0,0,Safe
40.02,110.96,63.05,30.68,1.02,35.58,17.43,32.8,1,Watch
2.44,13.52,31.32,23.45,0.12,15.84,25.37,3.0,0,Safe
11.59,104.9,66.23,39.19,0.46,38.62,14.02,29.9,0,Safe
45.26,199.5,65.26,48.18,1.97,42.79,17.34,62.6,2,Warning
3.96,3.15,35.08,28.59,0.5,6.25,26.8,0.0,0,Safe
2.13,7.28,34.93,28.49,0.42,5.39,33.6,0.8,0,Safe
103.92,331.25,89.87,49.07,2.01,53.81,14.3,86.8,3,Critical
15.64,67.12,55.49,44.75,0.89,24.72,14.12,24.4,0,Safe
58.5,151.03,80.7,36.96,1.33,47.39,18.04,48.0,1,Watch
35.2,85.99,77.9,21.58,0.48,28.03,16.88,17.6,0,Safe
33.56,127.58,76.35,45.92,1.05,39.06,18.75,43.6,1,Watch
2.3,0.76,25.81,42.15,0.53,11.78,21.09,0.0,0,Safe
1.32,2.27,41.75,12.18,0.28,0.0,23.97,0.0,0,Safe
8.58,82.93,59.89,38.71,0.44,20.93,17.67,16.7,0,Safe
38.05,116.83,79.79,38.62,1.18,53.3,14.66,56.9,1,Watch
19.14,65.24,72.71,35.8,0.9,28.23,18.64,27.0,0,Safe
1.01,14.63,39.05,22.01,0.54,6.65,23.74,6.9,0,Safe
2.49,4.32,42.09,28.17,0.17,11.33,23.91,2.3,0,Safe
1.42,7.52,45.98,24.51,0.13,7.41,29.45,0.0,0,Safe
70.16,197.12,70.94,34.89,0.92,37.78,16.29,47.9,1,Watch
0.13,6.87,30.35,34.7,0.43,8.58,25.89,1.7,0,Safe
107.89,364.64,88.74,47.38,2.6,54.29,18.69,88.4,3,Critical
33.14,103.79,68.67,29.33,1.04,22.72,15.7,21.2,0,Safe
2.52,17.56,44.11,29.51,0.29,6.36,31.13,1.0,0,Safe
1.18,14.37,33.45,21.98,0.32,16.17,24.45,2.0,0,Safe
13.79,169.28,68.7,35.86,1.2,33.29,15.12,34.0,1,Watch
12.92,117.6,74.04,38.16,0.36,26.73,20.54,25.5,0,Safe
75.75,371.06,95.48,44.03,4.28,80.47,11.62,100.0,3,Critical
0.28,3.03,25.93,31.57,0.58,4.95,17.16,0.3,0,Safe
28.56,111.41,50.61,35.64,0.83,26.61,17.13,19.5,0,Safe
19.56,60.95,57.28,25.72,0.74,26.92,16.22,17.1,0,Safe
2.63,16.83,40.74,30.97,0.35,13.03,17.86,2.6,0,Safe
24.1,159.54,75.61,40.84,1.93,58.96,15.34,57.6,1,Watch
0.67,9.18,33.88,27.45,0.59,5.43,24.99,2.3,0,Safe
94.49,365.91,89.37,42.9,3.91,61.57,7.94,94.9,3,Critical
0.58,4.23,41.27,33.41,0.5,7.79,27.46,5.2,0,Safe
63.0,128.34,83.23,42.01,1.46,26.6,14.16,41.5,1,Watch
35.64,114.75,81.47,36.07,1.1,46.12,26.56,43.0,1,Watch
2.94,14.04,28.09,14.49,0.25,10.98,30.43,0.8,0,Safe
3.02,14.05,32.32,27.48,0.45,19.93,19.38,6.2,0,Safe
30.18,154.66,74.73,45.47,1.53,54.85,15.81,63.3,2,Warning
10.41,77.06,70.75,39.29,0.94,22.4,19.61,23.3,0,Safe
3.96,13.15,23.64,33.16,0.4,14.14,21.03,0.0,0,Safe
1.38,22.35,29.02,31.42,0.35,3.92,19.73,3.3,0,Safe
0.03,12.29,18.69,22.88,0.11,12.42,23.8,1.4,0,Safe
20.79,44.76,57.45,36.73,0.81,45.2,23.09,27.2,0,Safe
5.52,1.59,27.46,29.48,0.41,2.2,20.28,5.3,0,Safe
47.94,42.91,55.94,36.42,0.83,19.35,17.87,21.3,0,Safe
58.07,160.03,70.61,45.09,1.56,46.63,18.82,64.0,2,Warning
42.28,194.06,76.94,46.88,1.12,43.36,15.2,60.3,2,Warning
33.81,113.13,66.29,49.47,1.02,41.61,18.06,45.0,1,Watch
0.58,18.42,43.35,26.54,0.3,13.32,29.21,4.1,0,Safe
40.16,109.23,53.47,40.98,0.46,31.02,23.31,33.9,1,Watch
84.23,334.84,89.66,38.96,1.97,75.2,10.91,89.2,3,Critical
1.61,6.81,36.68,18.78,0.51,0.19,23.46,3.3,0,Safe
10.09,49.41,54.67,31.16,0.66,29.43,15.56,9.8,0,Safe
3.4,12.74,31.0,28.29,0.2,11.43,25.81,3.3,0,Safe
30.53,45.42,49.18,34.18,0.61,38.75,19.8,22.6,0,Safe
8.26,113.45,58.09,43.2,0.89,27.22,19.22,27.8,0,Safe
2.87,16.34,39.48,25.71,0.19,13.46,22.37,0.0,0,Safe
10.6,83.7,51.18,38.05,1.11,35.33,17.83,26.2,0,Safe
0.23,22.16,39.36,34.55,0.19,6.48,31.55,4.3,0,Safe
44.13,169.75,77.51,33.96,1.24,39.95,17.99,47.4,1,Watch
13.47,0.11,35.33,24.46,0.59,13.5,26.05,4.5,0,Safe
78.01,153.51,77.9,45.89,1.11,37.36,18.02,59.6,1,Watch
6.02,21.21,38.64,26.35,0.33,7.69,25.23,5.2,0,Safe
19.25,30.64,74.32,33.91,0.47,23.47,20.19,11.4,0,Safe
0.68,7.42,20.37,21.46,0.46,10.89,19.87,3.1,0,Safe
40.24,116.92,81.8,30.26,0.86,51.75,17.17,33.6,1,Watch
56.6,223.08,85.45,43.01,3.76,72.6,15.19,92.4,3,Critical
1.75,22.78,28.8,44.66,0.2,5.11,26.0,10.0,0,Safe
0.37,7.97,34.22,24.31,0.57,9.02,23.52,0.0,0,Safe
10.37,117.18,77.06,34.97,0.63,38.93,19.13,33.1,1,Watch
4.24,0.1,51.93,33.15,0.25,11.95,23.68,0.0,0,Safe
77.57,270.65,85.17,54.77,4.45,59.9,18.21,100.0,3,Critical
32.68,108.86,51.48,31.71,0.48,30.11,19.86,20.5,0,Safe
55.55,180.32,81.43,39.08,1.18,40.89,19.53,51.0,1,Watch
1.1,0.13,38.23,35.89,0.37,9.31,23.5,0.0,0,Safe
1.46,3.25,33.03,33.77,0.16,15.32,21.27,6.8,0,Safe
52.88,203.73,68.67,49.97,0.98,51.27,12.82,70.8,2,Warning
17.67,118.71,67.38,38.19,0.44,23.1,18.97,25.7,0,Safe
26.12,92.07,58.0,31.92,0.53,25.31,20.66,15.4,0,Safe
66.18,174.01,86.66,36.01,1.0,45.0,14.42,54.7,1,Watch
0.2,23.59,28.57,27.17,0.51,10.92,19.59,2.6,0,Safe
0.77,15.9,42.14,24.33,0.22,15.87,25.79,3.9,0,Safe
41.32,45.11,69.86,21.72,0.31,29.5,18.24,12.4,0,Safe
0.43,13.3,45.79,17.71,0.34,7.12,26.01,0.3,0,Safe
3.3,4.64,41.36,37.69,0.38,5.02,19.19,0.0,0,Safe
2.67,6.83,41.6,27.05,0.6,6.02,25.13,4.7,0,Safe
9.72,85.68,62.5,38.45,0.84,29.59,18.31,21.8,0,Safe
3.95,11.24,22.94,24.72,0.56,5.84,12.01,0.0,0,Safe
30.16,113.79,60.58,30.14,1.12,33.99,15.95,30.5,1,Watch
101.22,369.0,87.55,38.68,3.24,87.76,16.82,96.2,3,Critical
0.21,22.5,36.32,31.5,0.4,6.19,33.51,0.8,0,Safe
27.68,185.34,64.57,28.88,1.5,29.39,18.66,35.6,1,Watch
3.07,1.43,39.22,29.73,0.56,5.69,27.93,2.4,0,Safe
31.74,203.39,78.07,33.22,1.43,43.6,15.9,45.1,1,Watch
0.28,23.77,40.01,31.23,0.28,7.39,27.61,2.5,0,Safe
0.13,22.11,28.96,33.67,0.4,4.51,26.62,0.0,0,Safe
24.18,57.5,76.13,38.2,0.84,23.13,19.47,21.0,0,Safe
14.67,109.48,62.68,32.17,1.03,20.33,14.27,16.8,0,Safe
10.84,5.97,50.86,21.54,0.4,12.27,25.75,0.5,0,Safe
1.16,24.53,37.59,36.12,0.24,14.11,29.3,2.8,0,Safe
32.76,94.06,80.23,31.69,0.33,22.98,19.77,22.2,0,Safe
67.6,203.03,71.42,37.8,1.79,36.97,18.83,56.6,1,Watch
11.28,33.61,54.31,32.71,0.81,39.63,20.27,20.8,0,Safe
6.16,12.56,37.87,27.94,0.28,18.63,30.64,7.4,0,Safe
54.35,92.49,60.88,26.87,0.51,33.38,18.43,26.4,0,Safe
12.95,205.87,66.95,30.82,1.09,44.31,14.12,33.3,1,Watch
70.27,113.65,73.59,45.75,1.09,36.89,15.53,54.9,1,Watch
1.39,21.08,33.6,19.66,0.59,9.47,21.25,2.1,0,Safe
1.06,23.44,37.9,28.09,0.2,8.03,28.76,0.0,0,Safe
34.08,210.78,79.74,38.74,0.95,33.25,18.41,47.2,1,Watch
0.06,20.69,29.77,25.84,0.37,13.15,18.37,2.6,0,Safe
3.81,8.35,24.11,32.74,0.5,9.56,24.47,2.3,0,Safe
36.54,138.24,74.97,36.75,1.33,34.27,15.3,38.8,1,Watch
7.35,21.18,36.57,20.71,0.11,15.82,26.9,0.0,0,Safe
0.96,3.87,36.92,36.16,0.44,7.05,26.06,0.0,0,Safe
2.79,11.76,34.8,29.99,0.59,13.53,22.1,2.2,0,Safe
23.69,111.3,64.27,28.26,0.4,17.68,16.73,15.8,0,Safe
63.93,69.88,62.02,38.75,0.63,34.59,19.93,41.3,1,Watch
31.8,84.84,59.26,26.19,0.51,24.04,21.37,14.7,0,Safe
55.64,181.6,80.54,41.58,1.33,54.84,11.55,65.6,2,Warning
97.89,211.66,94.04,37.05,2.62,53.04,14.0,76.7,2,Warning
0.84,10.79,41.6,10.0,0.47,6.04,25.37,3.2,0,Safe
102.79,236.61,93.12,50.67,4.4,83.08,14.26,100.0,3,Critical
3.3,66.66,64.76,27.56,0.4,31.72,10.98,4.3,0,Safe
3.02,12.81,29.43,23.09,0.33,9.78,22.69,5.5,0,Safe
14.57,110.9,60.34,29.0,0.53,30.99,22.38,24.0,0,Safe
101.67,212.62,86.9,45.12,3.75,80.54,17.86,100.0,3,Critical
7.9,1.78,32.87,17.64,0.22,4.08,30.98,3.5,0,Safe
0.17,10.1,22.83,34.48,0.55,7.81,20.75,5.0,0,Safe
2.02,2.93,39.38,23.74,0.16,14.64,23.01,7.1,0,Safe
1.72,14.34,21.95,29.02,0.39,8.9,23.04,3.3,0,Safe
0.12,8.23,34.09,32.37,0.17,13.28,23.5,1.7,0,Safe
1.48,11.74,31.54,23.3,0.35,7.71,26.65,1.8,0,Safe
83.76,365.71,97.5,41.16,3.36,62.07,14.82,88.1,3,Critical
39.45,92.82,65.2,34.64,0.93,39.66,22.18,37.7,1,Watch
4.43,15.61,30.51,26.8,0.17,12.51,18.41,0.0,0,Safe
3.33,20.54,31.12,42.21,0.47,0.0,18.75,0.4,0,Safe
7.03,13.95,35.44,47.27,0.58,3.3,21.02,7.3,0,Safe
111.64,255.37,91.31,49.53,2.8,82.13,14.16,100.0,3,Critical
4.06,19.71,27.59,41.24,0.53,12.69,30.47,3.5,0,Safe
63.62,161.27,67.65,37.55,1.59,60.51,17.28,62.1,2,Warning
1.31,8.51,24.49,33.4,0.2,6.9,26.26,3.9,0,Safe
34.39,105.77,64.5,27.69,0.7,25.72,19.05,16.7,0,Safe
25.48,99.33,67.64,32.11,1.1,16.27,21.88,23.9,0,Safe
0.72,9.98,25.74,24.07,0.34,9.15,27.91,2.5,0,Safe
27.96,39.31,72.58,37.23,0.54,20.65,24.73,16.5,0,Safe
71.72,378.88,86.69,38.51,4.09,61.15,10.07,85.8,3,Critical
0.66,1.16,42.38,18.63,0.43,7.2,29.11,0.0,0,Safe
1.65,1.17,44.43,42.91,0.5,11.74,14.17,0.1,0,Safe
1.18,23.46,32.87,17.44,0.24,11.5,28.71,7.0,0,Safe
53.61,146.05,78.1,45.04,1.61,50.56,19.3,69.4,2,Warning
1.19,15.16,38.47,17.78,0.42,8.63,30.24,0.0,0,Safe
53.54,328.08,90.89,41.65,3.17,53.78,12.82,80.5,3,Critical
37.71,189.83,71.67,25.28,1.73,50.13,13.31,40.8,1,Watch
53.32,196.14,82.58,31.11,1.39,38.31,15.22,45.1,1,Watch
6.46,5.12,25.5,27.78,0.21,17.46,26.38,3.1,0,Safe
18.03,53.86,56.54,37.31,0.36,38.36,19.68,25.8,0,Safe
18.26,77.36,67.36,29.05,1.0,23.98,17.95,17.4,0,Safe
26.12,44.63,31.22,28.91,1.17,25.51,17.01,15.3,0,Safe
15.4,50.41,52.18,34.11,0.72,39.62,20.31,26.1,0,Safe
0.18,13.24,33.5,38.71,0.46,6.12,24.61,0.5,0,Safe
19.04,86.93,66.12,35.68,0.56,20.82,12.41,25.5,0,Safe
3.22,4.93,23.62,27.2,0.38,12.33,22.77,1.3,0,Safe
49.56,181.34,82.12,39.94,0.88,39.32,16.61,50.9,1,Watch
65.35,363.88,87.45,55.87,3.22,58.13,10.78,100.0,3,Critical
1.27,4.12,42.4,35.66,0.39,6.8,25.93,1.1,0,Safe
11.05,43.41,52.02,32.13,0.64,29.52,16.65,17.3,0,Safe
65.97,342.49,93.55,39.48,1.97,57.32,14.91,74.0,2,Warning
0.91,5.68,15.81,27.01,0.37,6.48,18.09,2.7,0,Safe
40.82,178.12,86.94,29.65,1.49,37.1,21.88,42.8,1,Watch
0.97,19.85,27.15,39.69,0.16,11.88,26.25,3.2,0,Safe
27.84,64.85,62.16,30.86,0.54,28.74,21.06,17.0,0,Safe
22.94,195.81,68.36,36.6,1.81,52.89,17.14,53.3,1,Watch
47.28,82.14,58.27,40.55,0.33,27.73,11.55,34.1,1,Watch
4.89,11.91,47.92,25.96,0.21,14.11,23.81,4.1,0,Safe
14.32,42.83,72.44,33.1,0.94,24.45,17.18,17.0,0,Safe
3.83,7.74,37.73,33.73,0.39,8.0,18.74,2.9,0,Safe
9.39,22.54,36.72,25.64,0.27,3.64,24.8,3.2,0,Safe
53.36,40.94,64.18,30.24,1.09,29.76,15.27,25.9,0,Safe
2.05,7.58,21.65,26.95,0.43,8.87,30.43,0.0,0,Safe
4.13,9.39,37.49,34.28,0.47,7.51,20.96,6.4,0,Safe
17.79,100.74,64.6,25.02,0.69,36.37,19.4,24.5,0,Safe
92.27,195.94,96.87,48.01,2.25,59.51,15.67,92.6,3,Critical
66.88,194.38,98.75,47.52,4.3,70.96,17.94,100.0,3,Critical
35.82,101.18,56.53,34.51,0.34,21.43,18.98,25.2,0,Safe
90.64,317.89,89.72,46.22,2.96,55.75,13.94,96.1,3,Critical
17.56,66.89,72.53,26.19,0.43,18.3,18.12,13.6,0,Safe
20.05,43.37,49.73,36.07,0.76,34.24,15.47,22.4,0,Safe
69.32,110.27,72.71,34.86,1.86,24.75,13.55,44.3,1,Watch
0.7,23.84,35.03,30.94,0.31,1.64,20.04,2.9,0,Safe
63.21,258.46,92.12,36.29,3.73,91.04,7.26,90.1,3,Critical
56.82,125.31,70.99,28.75,1.55,51.24,18.19,49.5,1,Watch
63.74,198.06,76.5,41.4,0.92,56.51,13.95,70.9,2,Warning
116.31,371.47,87.69,41.08,4.25,79.51,16.44,100.0,3,Critical
16.34,117.07,53.41,24.03,0.62,32.79,16.77,23.9,0,Safe
50.27,164.1,86.16,34.75,1.87,21.82,7.8,43.5,1,Watch
1.56,8.78,45.89,30.38,0.29,8.64,26.06,2.5,0,Safe
2.51,1.31,36.74,32.35,0.38,10.62,21.72,0.0,0,Safe
1.97,11.75,36.64,32.38,0.49,5.84,20.45,4.7,0,Safe
31.99,205.78,73.89,36.38,1.95,26.02,21.33,42.5,1,Watch
0.51,18.4,44.03,23.76,0.24,9.72,26.43,0.6,0,Safe
4.71,7.55,37.15,27.43,0.26,13.85,19.42,1.7,0,Safe
0.04,16.97,37.53,37.56,0.48,13.19,27.56,3.3,0,Safe
35.79,53.22,56.71,52.39,0.38,24.3,17.94,23.8,0,Safe
2.01,8.58,31.49,32.05,0.18,9.79,26.68,0.0,0,Safe
6.16,9.31,22.15,29.96,0.24,4.37,27.07,0.0,0,Safe
0.3,13.98,38.97,32.58,0.49,13.94,14.14,0.0,0,Safe
0.77,11.56,45.68,16.76,0.21,17.82,21.36,0.8,0,Safe
8.76,20.6,43.38,36.32,0.26,7.09,29.63,5.5,0,Safe
4.61,8.32,36.31,23.54,0.28,13.35,26.46,0.0,0,Safe
108.02,141.85,72.24,41.81,1.35,44.5,18.3,61.0,2,Warning
2.27,7.77,38.59,34.93,0.47,9.89,24.45,4.2,0,Safe
13.49,107.95,71.57,35.04,1.11,28.81,15.34,26.8,0,Safe
2.5,9.46,44.59,33.79,0.22,8.33,24.86,3.1,0,Safe
7.26,78.86,68.19,32.12,1.15,27.51,19.52,25.3,0,Safe
19.08,103.24,71.62,35.02,0.9,44.51,20.74,36.9,1,Watch
3.79,2.84,53.43,34.94,0.55,13.15,23.15,4.7,0,Safe
34.72,56.51,71.23,30.88,1.08,17.69,19.62,19.7,0,Safe
13.77,37.54,61.83,30.02,1.1,28.73,21.37,17.4,0,Safe
48.45,133.12,77.38,31.83,1.03,35.37,18.79,31.7,1,Watch
18.08,35.86,72.24,27.48,0.38,32.2,20.31,21.6,0,Safe
29.5,116.26,88.92,36.26,1.42,32.3,18.25,37.9,1,Watch
50.78,251.15,91.21,46.45,4.03,63.35,18.61,92.6,3,Critical
7.0,7.12,35.77,38.94,0.48,6.67,20.58,2.5,0,Safe
89.34,278.08,95.64,54.0,3.47,60.97,12.95,100.0,3,Critical
57.8,61.23,67.09,35.76,0.62,32.28,18.51,38.6,1,Watch
15.04,98.33,83.44,41.08,0.54,20.57,16.43,24.6,0,Safe
57.66,155.8,86.26,33.73,0.81,31.19,16.0,36.4,1,Watch
0.58,10.6,34.9,28.82,0.55,6.62,29.09,0.0,0,Safe
36.6,63.27,76.52,29.57,0.56,35.54,18.9,31.4,1,Watch
25.47,81.38,62.53,37.93,0.92,28.8,19.61,19.7,0,Safe
8.19,64.35,47.7,33.63,0.91,22.6,18.89,13.5,0,Safe
21.73,117.27,67.77,34.47,0.34,35.21,20.53,25.8,0,Safe
32.1,199.31,75.21,35.43,0.96,49.05,14.31,46.0,1,Watch
8.28,12.97,43.59,32.03,0.43,11.53,23.26,3.2,0,Safe
1.83,3.27,34.0,35.74,0.11,6.54,22.06,5.4,0,Safe
18.97,70.62,67.85,29.7,0.86,24.06,18.96,18.1,0,Safe
48.27,71.83,66.91,25.4,0.32,34.51,22.59,21.5,0,Safe
33.11,122.89,81.16,44.32,1.69,45.44,12.22,59.9,1,Watch
63.51,61.81,79.73,24.79,0.74,29.82,19.25,20.1,0,Safe
0.03,15.21,38.71,29.5,0.42,7.5,29.1,0.0,0,Safe
0.19,4.11,32.94,35.2,0.2,12.19,23.36,0.0,0,Safe
93.83,154.74,78.37,33.12,1.02,36.47,13.25,47.8,1,Watch
19.29,38.34,78.67,37.59,0.82,32.11,19.14,28.2,0,Safe
0.94,22.52,28.82,21.75,0.19,9.77,24.82,1.5,0,Safe
1.01,15.19,19.13,27.5,0.38,6.98,24.0,0.0,0,Safe
0.16,16.44,41.07,33.94,0.33,8.61,26.41,0.0,0,Safe
13.28,115.62,58.3,30.56,0.41,23.84,20.54,19.6,0,Safe
4.98,18.94,27.18,19.3,0.19,6.28,25.52,8.7,0,Safe
11.59,18.23,28.88,33.81,0.5,9.72,23.41,4.7,0,Safe
21.13,40.01,58.61,36.11,0.78,34.25,17.3,26.2,0,Safe
2.18,12.01,38.12,31.48,0.11,13.41,23.02,3.1,0,Safe
121.86,333.35,94.79,46.55,1.94,91.75,16.04,100.0,3,Critical
0.73,15.3,29.2,30.7,0.6,5.1,17.1,0.0,0,Safe
64.27,197.93,76.77,33.05,1.46,32.67,18.2,45.5,1,Watch
35.16,173.15,68.89,48.87,1.2,44.58,16.93,56.5,1,Watch
120.94,226.35,90.85,55.99,2.37,88.36,12.89,100.0,3,Critical
9.1,102.64,55.5,41.77,0.33,30.1,21.92,23.4,0,Safe
0.22,22.54,48.22,15.88,0.24,8.78,22.8,1.7,0,Safe
0.06,16.27,37.35,24.41,0.49,9.1,22.59,2.3,0,Safe
3.15,5.61,42.55,22.08,0.38,6.94,24.51,0.0,0,Safe
113.86,337.24,89.93,43.15,3.04,52.4,18.61,83.9,3,Critical
30.84,107.16,70.68,31.68,0.89,20.12,16.59,19.5,0,Safe
1.32,3.93,39.27,20.46,0.54,17.11,19.18,4.9,0,Safe
2.71,10.27,41.15,35.11,0.56,8.57,23.32,2.6,0,Safe
51.31,262.55,92.69,52.57,4.56,80.07,15.93,100.0,3,Critical
63.6,108.29,61.18,32.54,0.55,34.3,21.09,34.2,1,Watch
0.32,17.53,33.57,32.45,0.3,12.14,19.64,1.7,0,Safe
107.02,306.28,91.12,46.75,3.74,68.28,12.34,100.0,3,Critical
0.66,13.87,28.96,23.45,0.29,11.05,26.39,1.9,0,Safe
16.97,98.07,59.75,34.91,0.92,32.43,14.77,27.7,0,Safe
3.59,13.71,43.13,10.28,0.29,10.87,25.42,4.0,0,Safe
17.45,66.18,51.92,34.93,0.74,31.77,21.42,26.6,0,Safe
56.74,157.2,83.03,30.97,1.99,58.42,18.74,53.0,1,Watch
43.61,97.56,73.17,36.36,0.31,30.31,17.68,31.7,1,Watch
3.06,15.98,43.8,35.94,0.35,4.37,22.02,0.0,0,Safe
18.97,86.95,34.87,41.83,0.85,23.63,17.58,19.3,0,Safe
47.81,77.79,56.09,30.84,0.32,23.29,15.56,18.8,0,Safe
2.5,24.98,34.97,28.07,0.41,14.1,22.47,5.5,0,Safe
44.3,46.25,64.81,33.3,1.0,21.2,20.87,24.6,0,Safe
102.26,351.99,92.86,41.69,3.93,69.92,17.19,98.3,3,Critical
28.86,57.69,70.61,38.33,0.45,32.9,19.36,26.5,0,Safe
21.18,98.7,69.53,29.93,0.6,40.61,15.15,25.3,0,Safe
24.35,102.33,66.72,27.54,0.69,27.67,21.64,17.6,0,Safe
36.1,169.58,70.41,33.51,1.83,63.59,18.19,54.7,1,Watch
85.21,115.38,82.59,37.33,0.88,37.04,14.29,49.2,1,Watch
4.26,8.57,25.67,19.88,0.58,4.21,21.49,0.7,0,Safe
0.75,17.92,58.56,31.41,0.55,8.47,28.17,1.6,0,Safe
0.98,4.42,35.0,24.31,0.33,16.06,17.25,3.2,0,Safe
75.68,201.43,89.75,45.66,1.96,85.7,15.47,94.4,3,Critical
0.14,19.86,36.69,31.0,0.46,11.0,32.75,0.2,0,Safe
4.31,115.53,59.32,37.71,1.03,21.41,12.85,17.7,0,Safe
12.3,34.91,72.07,29.58,1.04,28.44,14.45,15.6,0,Safe
14.76,103.4,63.2,29.02,0.7,31.17,20.46,20.1,0,Safe
0.13,11.61,30.11,22.59,0.37,9.6,13.18,0.0,0,Safe
34.94,41.57,66.33,34.15,1.01,37.92,18.91,31.7,1,Watch
29.41,89.47,63.56,32.44,1.18,19.93,23.8,19.4,0,Safe
9.75,48.34,61.45,36.64,0.77,18.77,19.69,12.2,0,Safe
24.28,111.46,77.97,32.48,1.16,59.97,17.54,39.3,1,Watch
1.74,6.38,33.67,29.16,0.48,13.86,25.29,0.0,0,Safe
46.57,83.91,68.61,39.88,1.11,34.31,15.09,39.8,1,Watch
14.51,152.75,86.16,46.77,1.55,37.41,15.37,49.6,1,Watch
1.29,17.83,28.75,33.63,0.51,13.9,21.99,1.8,0,Safe
0.44,12.66,26.39,23.3,0.31,8.7,27.33,0.0,0,Safe
3.4,17.48,37.36,16.24,0.28,2.15,19.75,0.0,0,Safe
0.67,4.11,29.66,32.02,0.59,12.96,22.56,0.0,0,Safe
23.36,95.67,64.53,26.94,0.86,33.53,16.83,20.4,0,Safe
0.97,0.94,39.16,22.28,0.32,18.69,26.94,0.0,0,Safe
1.4,8.24,40.49,41.17,0.21,12.83,23.78,0.0,0,Safe
48.02,178.66,76.94,43.74,1.16,34.69,18.6,51.4,1,Watch
4.81,0.01,28.33,33.58,0.54,2.8,29.94,0.0,0,Safe
129.98,277.24,85.41,38.42,4.02,55.48,18.14,79.5,2,Warning
6.74,22.25,29.7,33.81,0.18,5.44,28.52,8.6,0,Safe
91.96,307.04,95.17,45.11,3.38,71.92,13.11,100.0,3,Critical
46.91,35.59,49.87,28.64,0.49,15.9,18.72,12.2,0,Safe
1.99,7.17,27.27,24.38,0.53,7.24,28.17,3.0,0,Safe
13.94,31.79,72.58,25.58,0.34,28.28,14.12,18.6,0,Safe
3.38,10.69,33.4,20.72,0.4,2.16,21.55,3.0,0,Safe
0.13,19.57,26.39,31.58,0.15,5.8,27.28,2.3,0,Safe
52.4,151.7,78.53,44.5,1.59,37.42,19.95,57.3,1,Watch
7.69,37.82,51.32,36.0,0.53,25.75,12.38,7.6,0,Safe
12.99,107.76,65.2,32.87,0.62,30.14,18.02,20.7,0,Safe
1.26,12.1,15.98,21.86,0.3,10.43,27.84,3.9,0,Safe
16.5,88.66,58.48,34.21,0.36,32.58,12.45,22.6,0,Safe
2.5,12.37,23.13,30.32,0.35,10.1,29.15,4.1,0,Safe
123.29,259.49,98.5,38.67,1.88,73.56,12.01,83.4,3,Critical
13.33,58.89,49.47,29.31,0.39,25.16,18.16,13.7,0,Safe
29.21,109.85,46.11,33.73,0.64,38.36,18.88,28.2,0,Safe
90.06,255.08,88.01,40.08,2.16,60.22,15.8,80.2,3,Critical
2.2,24.04,46.74,28.24,0.46,14.35,22.7,1.0,0,Safe
29.73,38.79,55.05,24.63,0.64,21.21,17.82,14.3,0,Safe
95.78,322.48,92.22,41.21,3.19,73.41,15.7,100.0,3,Critical
33.36,170.47,69.16,32.97,0.81,50.15,12.35,46.5,1,Watch
4.55,1.9,40.21,31.44,0.41,12.96,21.33,6.7,0,Safe
3.46,21.47,24.76,20.98,0.14,14.73,27.39,0.2,0,Safe
3.81,11.81,30.83,33.1,0.34,11.43,23.77,1.9,0,Safe
61.77,224.52,86.31,57.18,2.84,78.2,13.8,100.0,3,Critical
25.93,92.95,61.11,34.11,0.57,19.3,17.29,14.4,0,Safe
115.61,253.22,96.64,43.26,4.4,60.91,13.79,95.0,3,Critical
13.97,53.06,69.4,30.28,0.35,22.35,18.55,12.5,0,Safe
122.86,329.5,88.75,39.5,3.99,88.62,16.1,100.0,3,Critical
77.15,266.65,96.81,53.78,3.07,70.61,16.27,100.0,3,Critical
19.37,116.68,57.0,30.65,0.51,24.2,15.21,20.1,0,Safe
9.64,72.63,69.64,37.57,0.34,22.54,23.27,22.2,0,Safe
52.02,180.45,74.3,44.29,1.34,49.98,14.68,65.3,2,Warning
2.99,24.06,36.46,42.25,0.24,8.66,24.81,2.7,0,Safe
56.87,238.66,96.95,37.34,4.3,66.94,14.22,84.6,3,Critical
15.74,65.94,59.35,34.56,0.35,27.53,23.08,12.6,0,Safe
0.45,6.68,40.42,28.75,0.18,9.15,27.62,2.5,0,Safe
0.02,7.95,37.03,21.27,0.51,7.27,28.6,1.1,0,Safe
4.9,92.73,65.07,25.11,0.95,15.87,22.77,12.8,0,Safe
13.76,63.48,63.65,42.76,0.55,15.37,25.18,10.9,0,Safe
57.07,130.29,78.21,30.45,1.2,35.46,17.83,39.9,1,Watch
75.45,358.32,86.97,48.04,3.93,66.5,14.48,100.0,3,Critical
1.56,8.42,33.07,25.84,0.33,5.13,25.33,0.0,0,Safe
26.31,187.48,81.1,36.47,1.66,59.57,14.36,58.2,1,Watch
9.04,74.55,63.25,40.83,0.48,35.08,19.91,24.4,0,Safe
93.3,343.75,88.01,39.31,4.18,88.53,20.01,100.0,3,Critical
0.69,16.84,31.19,32.63,0.44,12.06,19.2,4.0,0,Safe
126.17,293.99,97.82,50.67,2.69,61.83,13.57,100.0,3,Critical
17.23,188.78,72.71,34.27,1.19,44.12,16.05,41.9,1,Watch
0.41,18.92,38.47,24.39,0.49,12.53,25.08,2.0,0,Safe
55.4,296.44,98.14,37.08,3.06,83.12,15.33,83.9,3,Critical
63.08,64.2,50.64,29.57,1.05,21.16,16.6,24.5,0,Safe
0.19,24.44,32.66,38.15,0.44,6.28,24.1,2.3,0,Safe
0.59,12.36,34.09,33.14,0.18,10.64,23.0,0.3,0,Safe
106.47,210.34,98.95,45.95,2.78,72.59,12.34,100.0,3,Critical
1.42,19.02,23.9,32.99,0.16,5.78,23.36,1.3,0,Safe
0.41,24.48,29.37,26.24,0.22,8.01,25.37,1.7,0,Safe
127.35,348.29,92.72,53.73,3.34,73.48,16.08,100.0,3,Critical
126.86,243.12,94.94,52.34,2.86,85.68,10.42,100.0,3,Critical
24.11,60.5,53.99,33.49,0.59,25.03,19.03,17.0,0,Safe
46.32,95.33,65.42,36.26,0.68,38.0,17.75,31.1,1,Watch
2.19,23.47,22.95,35.9,0.27,9.33,28.35,0.0,0,Safe
0.1,1.61,50.18,29.04,0.26,4.6,26.73,0.7,0,Safe
21.22,102.07,54.42,25.52,0.78,47.06,21.51,25.3,0,Safe
28.64,180.65,80.86,36.88,1.77,24.22,17.53,44.6,1,Watch
0.54,14.98,36.29,23.83,0.54,13.59,23.78,1.6,0,Safe
61.6,190.61,70.99,42.14,1.08,61.54,19.04,60.1,2,Warning
11.66,56.73,70.88,41.35,0.68,38.87,18.49,30.2,1,Watch
14.86,79.45,53.79,22.01,0.45,29.09,19.01,8.5,0,Safe
20.29,108.72,63.72,37.19,0.36,30.48,13.8,32.4,1,Watch
2.16,21.87,35.86,25.17,0.37,9.1,21.06,0.3,0,Safe
40.73,45.39,52.56,37.63,0.85,31.27,15.95,26.1,0,Safe
70.49,325.29,88.67,48.38,3.55,77.82,16.22,100.0,3,Critical
53.42,197.83,62.55,44.8,0.86,45.67,10.81,55.9,1,Watch
1.97,17.44,39.85,35.17,0.44,0.98,20.79,8.9,0,Safe
19.45,103.55,58.95,35.18,0.57,21.12,16.63,20.1,0,Safe
23.54,53.55,80.99,31.08,1.03,39.62,17.71,23.7,0,Safe
0.14,15.67,35.38,21.87,0.14,4.02,20.99,0.0,0,Safe
1.01,20.95,30.53,26.25,0.36,9.75,25.82,0.0,0,Safe
37.22,116.43,52.79,24.95,0.39,28.37,22.24,23.1,0,Safe
6.23,16.68,32.28,28.22,0.12,11.96,26.51,2.7,0,Safe
9.54,41.77,56.7,28.13,1.15,8.26,14.39,9.2,0,Safe
64.96,287.73,88.2,44.22,1.93,56.79,11.46,79.9,2,Warning
58.51,290.77,95.58,46.72,3.64,72.85,20.38,100.0,3,Critical
27.08,62.62,57.03,31.42,0.4,31.48,16.81,20.7,0,Safe
31.23,179.7,77.4,32.27,1.16,52.74,17.75,42.9,1,Watch
40.83,77.95,62.04,24.5,0.8,28.36,21.7,20.5,0,Safe
19.2,38.89,58.26,36.44,1.04,17.58,17.02,13.7,0,Safe
20.83,36.04,52.84,30.51,0.44,37.99,21.76,21.0,0,Safe
11.11,43.55,72.43,36.6,1.03,27.28,21.3,23.4,0,Safe
29.22,64.12,59.03,31.9,0.42,42.42,23.02,26.5,0,Safe
83.51,200.63,98.98,47.59,4.47,61.85,10.38,100.0,3,Critical
1.53,1.74,32.33,33.03,0.2,8.02,24.4,0.0,0,Safe
33.94,172.49,72.36,37.81,0.97,37.88,17.42,44.8,1,Watch
30.94,46.95,50.98,29.15,0.49,23.23,26.32,21.4,0,Safe
2.79,18.58,23.59,28.2,0.12,10.93,25.69,4.8,0,Safe
28.23,53.53,55.98,43.7,0.65,33.4,20.82,25.6,0,Safe
2.85,3.46,37.59,35.22,0.26,4.03,26.66,0.0,0,Safe
10.15,88.29,68.14,28.07,0.9,15.66,16.41,5.8,0,Safe
4.28,16.55,43.68,21.8,0.56,12.15,20.77,0.0,0,Safe
20.06,100.49,58.79,33.09,0.6,28.1,17.88,24.2,0,Safe
103.94,264.86,88.95,44.13,3.91,89.99,12.73,100.0,3,Critical
1.09,3.27,30.09,31.12,0.27,5.99,27.78,0.0,0,Safe
3.13,17.41,38.74,28.21,0.35,3.83,23.47,0.0,0,Safe
2.45,5.01,27.44,28.99,0.27,2.2,21.33,0.4,0,Safe
28.9,59.07,55.66,27.25,0.87,27.64,23.78,18.9,0,Safe
0.68,13.51,31.96,38.08,0.46,2.05,22.84,0.4,0,Safe
86.4,214.95,91.82,36.58,3.48,56.12,15.73,76.5,2,Warning
48.28,203.19,71.84,34.65,0.97,56.61,15.75,53.6,1,Watch
23.12,56.1,63.0,34.56,1.08,33.75,15.67,31.4,1,Watch
1.15,16.63,33.72,31.24,0.55,8.81,25.4,2.4,0,Safe
3.98,13.13,30.76,38.12,0.22,13.66,11.68,3.0,0,Safe
22.93,43.71,67.65,39.67,1.05,25.43,18.66,28.8,0,Safe
10.95,63.54,54.42,40.94,0.86,33.69,18.49,26.2,0,Safe
74.21,247.65,92.36,38.45,3.08,59.32,12.26,82.1,3,Critical
0.18,7.99,24.49,24.56,0.19,5.22,25.22,2.0,0,Safe
1.05,19.25,30.31,19.91,0.24,19.78,24.3,4.6,0,Safe
21.75,51.31,54.39,33.51,0.37,30.88,20.52,14.8,0,Safe
0.26,3.73,31.39,26.96,0.32,9.98,21.57,0.0,0,Safe
0.94,5.39,41.57,27.98,0.51,10.5,23.94,5.2,0,Safe
1.75,11.07,38.06,32.86,0.46,4.6,20.42,0.0,0,Safe
38.65,70.73,66.36,28.32,0.36,26.23,20.05,17.6,0,Safe
1.25,3.21,39.09,18.56,0.49,5.88,26.7,0.0,0,Safe
1.34,2.41,50.52,23.48,0.18,5.07,22.71,1.2,0,Safe
1.42,20.61,44.96,26.48,0.21,9.07,16.68,3.4,0,Safe
3.26,2.98,29.37,43.95,0.45,12.21,29.68,0.0,0,Safe
30.28,215.22,73.34,44.37,1.46,44.66,17.33,55.0,1,Watch
4.41,23.85,23.4,33.12,0.21,11.18,22.82,3.1,0,Safe
5.53,21.84,37.09,20.55,0.29,7.16,18.4,0.5,0,Safe
0.69,22.44,28.6,23.76,0.32,9.28,23.82,1.4,0,Safe
1.76,15.72,35.17,20.21,0.47,10.11,30.92,1.0,0,Safe
35.74,45.69,74.11,32.18,1.1,27.06,19.15,27.4,0,Safe
28.07,43.23,55.47,24.92,0.91,33.94,23.36,16.7,0,Safe
13.64,37.54,61.22,33.42,0.32,29.98,17.95,18.5,0,Safe
16.55,80.14,36.14,47.57,1.02,28.9,19.33,25.4,0,Safe
53.65,212.21,79.92,37.5,1.9,29.26,13.25,55.8,1,Watch
25.54,83.0,46.32,33.61,0.93,31.5,15.73,19.3,0,Safe
129.13,211.99,85.16,55.33,4.04,60.15,15.27,100.0,3,Critical
1.41,9.11,38.53,32.99,0.32,7.58,23.58,0.6,0,Safe
0.12,9.59,30.78,29.0,0.42,9.93,25.55,3.7,0,Safe
0.94,6.35,28.74,34.64,0.48,5.17,29.81,2.2,0,Safe
3.23,8.51,43.6,19.83,0.12,9.18,29.7,3.8,0,Safe
1.35,0.31,31.38,29.72,0.25,7.99,27.17,0.0,0,Safe
0.25,17.84,33.85,38.82,0.17,4.98,13.14,3.0,0,Safe
67.35,340.54,91.47,50.69,2.43,64.86,11.38,100.0,3,Critical
18.04,68.78,63.95,26.15,0.48,31.9,17.92,21.5,0,Safe
19.69,115.33,73.57,31.27,0.71,21.27,21.05,16.5,0,Safe
0.0,6.01,45.78,24.15,0.23,14.4,25.83,0.0,0,Safe
77.99,376.44,94.71,45.64,2.08,69.53,15.75,98.6,3,Critical
23.28,69.64,46.04,28.68,0.91,40.86,14.98,22.3,0,Safe
10.37,87.65,61.56,38.18,1.03,36.86,15.56,27.9,0,Safe
31.97,45.8,66.94,29.01,0.81,13.79,16.87,15.9,0,Safe
60.74,370.29,91.5,55.84,2.38,91.24,16.5,100.0,3,Critical
8.52,34.99,60.24,30.07,0.48,27.1,16.7,15.3,0,Safe
0.06,15.95,47.46,38.17,0.16,11.17,31.63,1.6,0,Safe
2.5,16.86,28.54,24.91,0.14,6.77,28.33,3.3,0,Safe
72.74,190.4,68.62,28.06,0.94,36.18,13.91,40.4,1,Watch
33.52,120.05,82.08,41.75,1.46,53.24,18.63,53.6,1,Watch
13.03,111.54,60.5,30.1,0.68,29.04,20.21,18.5,0,Safe
0.98,2.82,46.64,31.89,0.28,5.99,13.61,0.5,0,Safe
108.1,353.75,98.74,45.37,1.93,87.22,14.52,100.0,3,Critical
14.21,104.86,66.36,25.78,0.43,28.42,17.83,16.8,0,Safe
0.16,4.99,36.73,15.62,0.54,13.06,26.68,1.0,0,Safe
0.56,8.15,39.27,27.9,0.23,3.01,29.05,0.0,0,Safe
23.96,170.35,81.62,34.46,0.86,52.34,14.9,43.2,1,Watch
15.7,88.28,50.04,27.42,0.37,34.84,21.21,19.7,0,Safe
24.75,78.47,52.33,30.65,0.33,23.4,16.5,11.7,0,Safe
0.71,8.9,35.0,23.45,0.17,7.88,22.71,0.0,0,Safe
46.9,180.65,82.82,48.84,1.8,55.54,17.85,73.8,2,Warning
70.57,288.8,93.14,42.08,4.71,72.28,13.38,95.6,3,Critical
55.25,52.79,60.39,38.67,1.01,35.41,26.05,36.2,1,Watch
1.37,23.64,39.06,18.27,0.5,11.49,21.23,0.0,0,Safe
8.98,45.62,58.81,35.34,0.87,17.77,14.25,13.2,0,Safe
32.23,87.18,77.13,40.97,0.76,29.73,21.9,32.0,1,Watch
48.17,141.46,75.16,33.24,1.69,42.71,18.44,49.9,1,Watch
61.32,219.9,87.28,37.97,3.15,72.0,16.33,83.7,3,Critical
2.95,4.8,33.2,26.03,0.6,7.49,21.39,4.2,0,Safe
53.36,200.93,85.16,45.66,1.9,90.65,14.92,97.5,3,Critical
1.16,10.12,28.42,27.01,0.51,13.2,26.92,2.7,0,Safe
6.01,21.48,37.0,25.93,0.41,10.73,16.67,5.0,0,Safe
2.78,12.57,40.16,31.96,0.45,14.76,24.52,0.0,0,Safe
11.66,65.91,68.32,28.51,0.81,21.21,16.58,9.5,0,Safe
75.15,148.93,84.49,39.35,1.19,39.76,13.44,55.7,1,Watch
111.1,212.92,93.5,38.16,3.36,62.95,12.49,87.4,3,Critical
0.56,21.87,35.97,39.27,0.17,10.38,24.08,6.0,0,Safe
0.29,12.44,51.94,40.76,0.58,15.13,19.62,6.4,0,Safe
2.78,0.74,33.2,28.91,0.3,4.11,21.8,2.5,0,Safe
32.36,98.04,55.7,43.24,0.97,30.06,21.73,35.3,1,Watch
0.87,17.25,32.45,36.34,0.57,16.25,23.0,5.8,0,Safe
40.58,103.11,62.55,31.37,0.79,22.05,21.13,26.4,0,Safe
1.25,8.07,20.47,18.61,0.43,6.72,30.64,0.0,0,Safe
6.6,70.88,64.06,34.91,0.47,17.64,18.19,10.5,0,Safe
10.28,45.01,54.57,37.91,0.59,31.7,21.64,21.0,0,Safe
13.75,91.94,76.72,31.09,0.59,29.32,15.12,25.3,0,Safe
117.86,335.72,96.41,54.69,2.28,66.27,13.08,100.0,3,Critical
4.31,2.87,26.05,39.7,0.13,6.56,24.51,3.9,0,Safe
110.48,211.74,90.24,39.81,4.38,58.33,17.15,88.1,3,Critical
0.91,6.61,42.92,15.37,0.35,8.05,25.19,5.0,0,Safe
2.67,4.95,24.53,29.79,0.58,11.21,14.04,2.5,0,Safe
39.55,98.34,70.66,24.78,0.65,24.22,24.97,20.3,0,Safe
30.52,146.5,77.81,24.75,1.36,47.3,17.79,40.3,1,Watch
0.32,18.6,29.72,34.48,0.47,10.7,13.66,3.9,0,Safe
58.38,198.55,86.52,39.34,1.58,27.56,15.29,51.0,1,Watch
2.16,7.84,26.74,10.0,0.19,5.23,19.82,0.9,0,Safe
50.53,34.53,63.21,29.98,0.54,29.35,16.84,24.0,0,Safe
30.93,150.44,66.99,43.94,1.36,42.44,14.66,48.3,1,Watch
60.37,365.22,93.03,40.72,4.6,66.06,15.67,90.5,3,Critical
14.72,163.08,81.72,40.17,1.19,56.33,16.54,51.0,1,Watch
16.97,85.07,72.86,28.06,0.56,27.26,17.77,16.2,0,Safe
1.24,18.23,26.14,32.35,0.31,9.07,28.75,0.5,0,Safe
65.18,196.63,86.54,57.97,1.96,77.86,15.55,100.0,3,Critical
3.66,1.89,32.03,22.04,0.51,5.03,19.7,0.8,0,Safe
24.64,199.23,75.27,45.94,1.55,54.47,20.23,63.3,2,Warning
0.69,10.26,32.5,28.36,0.22,1.08,18.36,2.4,0,Safe
40.75,133.5,78.99,42.38,1.84,51.64,13.44,61.4,2,Warning
7.15,109.34,74.42,22.2,0.95,24.8,20.81,14.5,0,Safe
36.0,192.53,71.7,35.09,1.29,39.4,17.08,38.5,1,Watch
25.05,138.26,72.05,39.32,1.49,47.12,15.83,49.4,1,Watch
9.38,77.58,75.69,34.31,1.0,25.04,17.27,19.4,0,Safe
49.08,108.89,58.42,28.79,0.75,24.82,20.41,27.0,0,Safe
77.97,182.51,67.87,34.59,0.88,59.51,12.24,61.0,2,Warning
117.4,215.13,95.33,38.0,4.72,83.57,12.39,99.6,3,Critical
5.43,17.01,24.68,18.59,0.52,3.98,27.49,8.0,0,Safe
108.37,356.04,97.33,46.58,4.65,63.67,15.05,100.0,3,Critical
29.6,37.04,59.28,16.55,0.5,39.18,17.62,15.4,0,Safe
98.02,278.07,86.52,41.29,1.91,70.93,10.24,85.6,3,Critical
0.91,22.02,28.11,31.24,0.21,9.82,22.1,0.0,0,Safe
53.45,44.81,58.1,25.62,0.83,26.68,20.64,19.7,0,Safe
17.16,63.22,51.13,25.7,1.09,22.26,14.64,13.0,0,Safe
0.62,4.05,24.86,10.2,0.43,8.77,31.23,5.2,0,Safe
80.91,176.05,76.44,33.82,1.64,36.46,17.0,51.3,1,Watch
52.67,180.18,79.43,34.16,1.21,58.78,15.14,57.9,1,Watch
3.29,16.37,51.05,33.92,0.35,8.41,26.78,0.0,0,Safe
0.45,15.04,37.3,21.53,0.39,6.67,22.73,3.4,0,Safe
8.69,71.98,53.63,32.88,0.64,26.86,16.15,13.8,0,Safe
78.75,167.77,78.61,37.76,1.39,49.86,16.19,65.6,2,Warning
13.02,117.69,67.19,29.55,0.64,44.39,19.88,24.3,0,Safe
13.39,49.75,61.61,32.6,1.0,26.79,23.52,14.2,0,Safe
26.82,83.64,70.08,31.98,0.61,31.64,16.15,24.7,0,Safe
103.57,236.63,95.62,48.84,2.26,61.66,15.18,98.3,3,Critical
0.14,17.85,29.72,30.97,0.22,5.13,19.9,0.0,0,Safe
25.89,36.7,78.27,40.74,0.84,42.82,22.16,35.8,1,Watch
4.84,7.46,20.4,27.98,0.26,8.66,22.94,3.7,0,Safe
0.5,19.35,26.32,30.69,0.43,11.59,25.06,1.6,0,Safe
21.83,93.97,70.23,23.88,0.81,34.32,20.03,20.1,0,Safe
7.09,31.26,55.19,23.05,0.91,28.1,23.4,11.6,0,Safe
0.45,24.65,43.45,31.79,0.18,7.65,25.62,3.2,0,Safe
0.67,6.85,30.01,16.47,0.37,3.76,25.9,0.0,0,Safe
9.42,77.68,73.55,22.73,0.91,24.85,15.87,14.1,0,Safe
0.94,18.56,30.04,36.35,0.43,8.4,24.34,0.7,0,Safe
25.34,59.66,59.28,27.04,1.11,37.44,21.94,20.7,0,Safe
7.05,22.99,55.24,26.29,0.28,16.83,30.82,8.6,0,Safe
34.43,93.56,56.69,36.37,0.91,29.57,15.88,28.2,0,Safe
28.51,92.61,52.08,38.19,0.81,32.68,21.98,30.0,0,Safe
19.08,81.94,76.1,34.59,0.39,14.16,16.5,17.3,0,Safe
33.04,209.04,80.16,43.57,1.42,56.89,14.09,72.9,2,Warning
0.45,8.65,28.62,14.05,0.24,10.36,28.92,2.0,0,Safe
18.87,119.87,59.04,31.2,0.63,33.92,20.0,23.0,0,Safe
87.02,220.81,89.81,40.68,4.69,66.65,10.15,94.3,3,Critical
0.36,10.61,28.5,38.43,0.35,12.34,24.85,1.8,0,Safe
20.71,57.5,71.35,35.57,1.0,23.36,19.54,20.8,0,Safe
0.58,8.86,29.25,29.79,0.31,13.29,23.62,0.0,0,Safe
2.91,11.21,39.99,22.76,0.24,12.42,34.46,0.0,0,Safe
9.88,87.47,71.49,35.91,1.18,22.42,21.89,21.0,0,Safe
22.27,67.08,73.38,29.33,0.52,28.1,21.97,19.1,0,Safe
1.13,16.68,30.33,34.57,0.59,8.03,22.03,0.0,0,Safe
15.05,73.93,65.86,29.14,1.0,37.72,18.38,21.3,0,Safe
5.69,17.63,38.61,17.38,0.19,10.84,29.94,1.3,0,Safe
9.67,79.65,49.13,37.76,0.58,31.36,15.8,22.8,0,Safe
71.84,110.12,75.78,40.92,1.94,51.72,15.98,65.0,2,Warning
22.77,61.91,64.4,29.95,0.87,31.11,17.26,24.5,0,Safe
0.22,4.29,42.95,42.43,0.2,18.72,24.59,4.4,0,Safe
5.72,15.39,36.36,24.23,0.32,8.39,24.19,7.7,0,Safe
0.57,13.09,30.88,18.83,0.46,13.18,25.08,0.0,0,Safe
3.17,3.07,34.29,26.87,0.49,10.85,19.4,0.5,0,Safe
9.16,5.54,41.94,29.82,0.53,13.66,23.6,2.3,0,Safe
80.63,334.05,86.38,49.22,1.89,81.98,9.85,100.0,3,Critical
39.41,58.0,61.3,24.97,1.16,27.58,18.1,19.9,0,Safe
2.01,2.72,40.59,44.53,0.28,4.24,26.2,0.0,0,Safe
12.27,70.46,64.85,45.69,0.55,39.4,21.73,28.8,0,Safe
15.38,93.29,63.96,24.23,0.5,32.77,19.67,20.4,0,Safe
5.57,19.52,31.82,22.61,0.55,7.55,28.26,10.0,0,Safe
14.13,44.76,49.96,39.78,0.62,26.74,19.37,15.8,0,Safe
54.28,154.5,77.83,38.33,1.03,39.69,15.12,44.7,1,Watch
0.64,10.47,41.4,31.24,0.41,3.81,17.94,0.0,0,Safe
25.69,216.4,76.58,36.6,1.03,38.71,12.65,39.8,1,Watch
50.35,48.02,58.61,40.01,0.92,27.12,17.28,25.1,0,Safe
0.24,6.32,33.87,31.5,0.36,6.87,21.65,0.0,0,Safe
11.63,107.16,83.26,34.18,0.36,17.18,16.28,18.0,0,Safe
3.02,17.88,44.78,34.94,0.33,7.1,27.73,5.7,0,Safe
49.11,149.47,85.43,47.3,1.64,47.7,21.04,68.7,2,Warning
28.79,150.65,78.04,45.54,1.84,26.89,7.42,42.8,1,Watch
12.76,81.03,79.75,44.34,1.19,21.54,17.75,33.8,1,Watch
1.17,8.11,26.29,28.44,0.23,13.56,20.82,0.0,0,Safe
16.96,106.38,65.88,38.8,0.76,27.66,20.85,26.2,0,Safe
2.56,13.85,40.24,27.05,0.48,6.08,20.56,1.8,0,Safe
28.58,119.74,56.13,35.92,0.69,21.32,22.61,21.7,0,Safe
1.39,12.4,37.92,26.4,0.31,5.87,21.52,0.0,0,Safe
24.41,77.53,65.42,35.46,0.74,13.57,14.77,11.5,0,Safe
73.92,160.05,78.41,32.78,1.28,34.52,11.35,45.8,1,Watch
50.46,309.81,92.92,50.98,2.69,74.98,12.94,100.0,3,Critical
34.59,51.22,75.54,34.12,0.81,18.66,19.81,17.1,0,Safe
9.41,92.72,60.27,41.73,0.62,25.59,12.47,22.8,0,Safe
2.96,94.65,56.56,28.39,1.09,34.01,16.95,17.7,0,Safe
3.82,18.84,30.66,37.48,0.3,13.69,21.44,3.5,0,Safe
15.65,109.48,55.17,34.05,0.39,27.89,21.28,18.8,0,Safe
11.56,63.76,56.27,25.33,0.42,33.84,18.75,15.4,0,Safe
99.4,241.13,98.63,38.08,4.2,82.0,15.53,94.5,3,Critical
105.78,178.31,71.54,40.72,0.93,52.15,15.73,67.9,2,Warning
20.72,94.29,65.96,30.66,0.5,30.27,19.12,22.4,0,Safe
32.36,38.86,54.15,34.35,1.01,26.8,20.75,16.7,0,Safe
9.94,38.94,67.12,35.2,1.05,28.57,23.1,24.4,0,Safe
70.46,162.07,74.75,35.04,1.07,49.29,12.71,55.0,1,Watch
21.33,203.43,76.82,36.52,1.77,53.29,18.38,52.5,1,Watch
113.58,274.78,85.41,52.7,3.2,81.09,8.8,100.0,3,Critical
75.61,217.61,78.78,37.54,1.41,50.46,19.41,62.2,2,Warning
23.79,43.15,55.5,45.07,0.35,31.86,13.64,24.7,0,Safe
19.93,91.83,60.51,27.13,0.9,31.41,14.96,18.4,0,Safe
30.61,99.61,80.69,25.46,0.72,23.41,18.48,19.0,0,Safe
21.17,168.27,77.54,41.96,1.85,41.37,17.28,52.9,1,Watch
1.07,22.86,32.38,32.84,0.48,10.93,26.25,1.1,0,Safe
18.26,50.64,65.65,25.08,0.4,23.55,19.28,7.8,0,Safe
33.83,111.69,61.37,32.26,0.56,30.14,20.86,21.9,0,Safe
123.37,199.55,95.82,52.75,2.93,78.43,16.93,100.0,3,Critical
69.99,315.55,91.52,36.52,3.06,87.42,16.5,89.3,3,Critical
6.56,70.62,65.64,37.49,0.76,28.61,20.99,19.1,0,Safe
15.27,114.62,64.63,31.72,0.4,29.3,21.72,18.8,0,Safe
128.25,263.96,88.87,46.93,2.75,67.13,10.6,100.0,3,Critical
0.12,13.4,45.76,32.01,0.21,10.76,23.71,1.0,0,Safe
34.23,130.95,70.51,40.9,1.82,56.93,16.79,57.6,1,Watch
1.1,23.43,36.96,29.77,0.59,9.11,25.55,0.0,0,Safe
1.8,6.43,23.84,31.66,0.41,6.26,22.2,2.2,0,Safe
3.39,1.85,42.36,40.87,0.26,8.24,19.31,1.3,0,Safe
79.48,244.78,90.09,42.15,2.38,68.25,14.42,89.5,3,Critical
88.21,126.56,63.44,41.55,1.12,42.93,14.07,61.1,2,Warning
128.05,342.75,90.09,41.43,2.59,78.77,16.4,96.0,3,Critical
60.34,198.24,93.11,47.94,3.72,76.7,12.43,100.0,3,Critical
19.1,59.91,70.5,31.86,1.02,21.91,21.92,16.0,0,Safe
5.17,4.61,29.94,16.82,0.43,11.62,33.86,0.0,0,Safe
25.65,131.69,70.69,35.14,1.66,34.81,13.86,33.3,1,Watch
22.58,148.09,75.57,36.51,0.98,41.06,13.68,35.9,1,Watch
60.6,122.84,80.85,33.42,1.07,54.81,17.38,49.4,1,Watch
0.2,20.87,36.44,29.26,0.36,10.8,23.48,7.5,0,Safe
7.55,103.81,54.24,28.0,0.73,24.33,20.55,12.9,0,Safe
4.17,15.09,34.32,10.0,0.28,10.72,22.53,0.0,0,Safe
33.99,126.92,77.67,38.63,0.86,41.99,12.89,42.6,1,Watch
3.82,8.72,41.34,24.46,0.25,14.66,19.67,2.7,0,Safe
17.45,102.52,77.5,20.56,0.99,21.04,21.51,13.6,0,Safe
0.13,6.56,56.44,25.26,0.35,14.64,20.55,2.2,0,Safe
99.13,259.97,96.61,55.94,2.95,74.32,10.3,100.0,3,Critical
56.7,98.96,65.62,33.75,1.06,22.56,21.09,26.6,0,Safe
1.99,13.47,17.19,24.81,0.56,12.64,32.86,2.9,0,Safe
33.54,78.04,64.09,26.62,0.9,25.46,20.71,19.9,0,Safe
2.49,13.59,32.07,24.71,0.48,11.92,29.88,0.0,0,Safe
113.86,125.62,75.41,49.02,1.35,40.81,13.48,63.3,2,Warning
38.45,132.98,81.32,33.66,0.83,42.92,14.72,38.3,1,Watch
1.79,20.83,31.96,30.37,0.58,6.07,17.31,3.3,0,Safe
4.37,18.79,32.47,10.0,0.38,8.8,21.68,3.1,0,Safe
0.11,7.83,52.62,36.23,0.22,6.66,19.98,0.0,0,Safe
0.74,23.6,35.44,30.06,0.4,8.27,21.93,0.0,0,Safe
0.19,0.62,39.73,28.75,0.12,7.15,21.0,0.6,0,Safe
13.19,70.4,53.16,31.45,0.36,14.79,17.33,5.4,0,Safe
111.45,315.34,87.42,47.25,3.9,68.22,17.6,100.0,3,Critical
36.92,61.48,57.04,32.48,0.93,35.83,19.34,24.3,0,Safe
122.23,314.8,96.15,38.08,3.14,61.25,11.48,84.0,3,Critical
110.09,245.12,92.49,45.26,3.0,70.36,13.72,100.0,3,Critical
34.61,45.86,67.95,25.14,0.7,38.43,17.34,18.5,0,Safe
60.47,103.57,77.52,41.9,0.47,28.4,18.54,37.8,1,Watch
0.79,6.35,34.6,23.72,0.4,3.67,33.37,0.0,0,Safe
1.82,6.3,44.01,29.05,0.35,17.33,25.47,0.0,0,Safe
90.82,321.14,94.15,36.78,3.31,74.63,17.47,85.7,3,Critical
64.06,163.83,77.93,41.44,1.29,39.8,11.91,50.7,1,Watch
18.22,39.06,60.43,32.01,0.79,36.73,19.81,21.9,0,Safe
0.05,0.4,35.81,21.38,0.17,10.35,22.64,0.0,0,Safe
2.66,20.14,25.1,40.55,0.17,7.38,29.63,1.1,0,Safe
17.06,82.92,60.56,24.28,0.34,13.67,21.76,7.1,0,Safe
0.95,9.39,39.28,26.16,0.39,10.45,21.98,1.9,0,Safe
3.59,0.65,26.14,27.41,0.31,14.59,20.06,0.0,0,Safe
0.72,9.66,38.21,36.6,0.48,9.91,22.47,0.0,0,Safe
4.35,16.49,36.75,23.78,0.21,13.11,26.98,0.0,0,Safe
0.16,9.95,22.78,30.48,0.17,15.42,28.36,0.0,0,Safe
2.19,6.7,37.32,31.58,0.17,17.03,27.85,2.7,0,Safe
9.31,6.18,38.6,39.45,0.42,4.57,28.13,4.3,0,Safe
58.47,209.62,79.7,36.95,1.71,41.73,15.95,57.2,1,Watch
16.7,108.48,74.08,30.54,0.76,36.49,18.78,28.1,0,Safe
35.41,101.22,54.54,43.76,0.79,21.71,20.48,25.9,0,Safe
0.63,16.53,35.64,35.37,0.13,12.48,22.53,0.0,0,Safe
4.21,24.2,26.85,27.78,0.14,10.25,37.06,0.0,0,Safe
41.94,147.99,72.36,41.01,0.98,44.44,12.88,50.7,1,Watch
2.63,5.85,34.35,36.52,0.17,9.81,18.35,1.5,0,Safe
108.41,292.0,94.73,55.25,4.75,59.29,12.7,100.0,3,Critical
2.6,13.14,34.39,39.52,0.1,7.44,20.13,0.0,0,Safe
27.71,103.72,65.16,15.61,1.09,31.75,20.56,19.5,0,Safe
129.86,254.5,85.33,48.28,3.62,87.88,14.48,100.0,3,Critical
87.21,201.23,88.9,47.68,4.25,67.82,13.83,100.0,3,Critical
34.89,101.77,54.65,34.02,1.13,43.36,19.26,36.2,1,Watch
77.26,61.86,62.07,30.68,0.8,28.98,19.82,35.4,1,Watch
3.32,113.46,50.58,40.73,0.81,27.7,21.21,23.6,0,Safe
25.4,43.88,63.13,35.82,0.88,26.04,18.97,18.7,0,Safe
2.02,12.27,32.81,23.68,0.2,4.17,29.62,0.0,0,Safe
2.32,1.2,31.08,18.9,0.11,8.36,15.92,0.0,0,Safe
34.29,48.07,52.85,23.01,0.32,48.21,19.87,24.7,0,Safe
17.44,90.29,60.73,36.74,0.38,24.8,18.59,17.5,0,Safe
22.78,49.68,60.4,42.76,0.39,28.96,16.17,21.2,0,Safe
12.92,91.21,59.0,42.42,1.16,30.72,15.91,29.5,0,Safe
20.13,35.21,33.35,39.05,0.7,23.97,16.79,18.1,0,Safe
37.61,136.88,88.56,42.11,1.9,47.72,14.46,61.0,2,Warning
36.32,117.16,73.12,31.52,1.11,13.19,21.62,22.6,0,Safe
29.41,39.09,56.9,37.44,0.52,26.89,17.28,25.7,0,Safe
40.04,96.16,74.82,38.24,0.97,35.67,9.78,40.6,1,Watch
121.48,271.95,88.86,54.55,3.38,68.34,13.31,100.0,3,Critical
55.11,225.51,93.26,45.72,4.57,70.34,15.32,100.0,3,Critical
16.63,38.3,68.11,18.89,0.81,32.58,21.42,19.5,0,Safe
22.76,168.41,79.95,35.74,1.66,36.13,15.45,40.4,1,Watch
3.49,11.78,60.49,24.76,0.35,11.12,17.07,4.9,0,Safe
28.6,80.89,55.61,31.61,0.46,23.98,16.89,17.0,0,Safe
0.09,16.67,24.3,29.03,0.37,16.04,20.61,8.6,0,Safe
3.04,21.78,24.4,30.66,0.39,1.84,22.16,0.0,0,Safe
35.07,200.37,74.97,35.96,1.74,49.52,17.83,55.1,1,Watch
126.32,200.7,98.35,44.02,2.47,80.4,17.25,100.0,3,Critical
3.36,6.61,28.62,26.18,0.14,0.44,28.61,0.2,0,Safe
44.34,210.99,72.25,31.01,1.81,47.19,15.95,47.1,1,Watch
9.06,91.96,67.13,38.17,0.49,27.71,17.49,17.6,0,Safe
10.12,5.82,36.39,28.61,0.38,5.23,19.75,0.0,0,Safe
52.16,149.01,73.85,33.44,1.33,53.64,18.35,41.4,1,Watch
35.43,52.35,66.82,23.14,0.63,34.99,21.95,22.7,0,Safe
122.22,264.58,96.59,40.98,2.88,70.28,15.53,96.9,3,Critical
64.1,187.73,73.05,37.68,0.94,47.35,15.4,55.8,1,Watch
1.09,5.22,27.27,24.12,0.12,8.02,21.45,4.2,0,Safe
4.72,20.73,40.36,31.09,0.24,16.38,24.18,8.4,0,Safe
1.39,10.36,25.95,24.53,0.14,5.67,19.11,0.0,0,Safe
83.84,129.72,76.95,36.12,1.9,42.02,22.8,57.8,1,Watch
12.67,91.24,53.55,34.85,0.43,29.83,15.88,20.4,0,Safe
0.02,20.51,26.79,35.23,0.21,8.4,21.63,3.0,0,Safe
54.73,259.17,95.2,50.87,3.29,53.29,15.85,92.9,3,Critical
95.14,264.79,87.72,48.66,2.63,81.2,18.29,100.0,3,Critical
41.74,177.04,74.8,36.4,1.81,44.77,19.32,46.9,1,Watch
1.46,0.55,21.63,31.01,0.21,9.96,25.29,4.6,0,Safe
2.14,8.89,20.67,22.38,0.54,9.18,22.66,0.0,0,Safe
1.01,6.86,29.49,28.97,0.37,7.9,24.07,0.6,0,Safe
94.79,198.73,74.03,32.96,1.46,48.54,15.46,52.7,1,Watch
40.53,201.91,78.04,32.47,1.49,51.96,17.12,51.0,1,Watch
1.27,9.59,29.61,33.31,0.26,6.13,25.13,0.3,0,Safe
0.68,2.73,40.5,22.53,0.49,3.37,21.21,1.0,0,Safe
31.89,160.14,89.67,31.19,2.0,39.68,14.05,45.1,1,Watch
11.61,56.69,62.69,31.56,0.45,30.89,16.05,19.6,0,Safe
6.27,70.31,66.3,44.98,0.81,38.19,20.69,36.6,1,Watch
1.97,16.69,34.39,19.6,0.23,11.07,16.3,0.0,0,Safe
117.8,202.41,94.23,44.04,4.6,52.24,7.26,90.3,3,Critical
0.75,23.63,57.41,31.85,0.55,11.91,21.86,4.8,0,Safe
4.21,5.59,39.95,22.71,0.11,8.08,28.46,0.0,0,Safe
3.02,8.23,40.63,19.81,0.21,4.94,16.48,0.3,0,Safe
24.95,38.7,83.66,30.32,0.89,25.44,17.46,16.6,0,Safe
2.78,20.07,28.1,25.56,0.33,13.71,23.07,0.0,0,Safe
2.25,10.09,29.7,22.62,0.46,6.5,22.35,4.5,0,Safe
8.18,117.94,72.58,34.24,0.7,15.14,20.05,16.2,0,Safe
2.98,2.45,30.53,28.08,0.33,14.27,23.44,7.1,0,Safe
21.96,45.23,52.64,42.94,1.12,27.78,20.42,25.2,0,Safe
1.11,4.02,24.78,26.68,0.36,9.59,24.44,2.7,0,Safe
11.32,44.0,54.72,34.96,0.36,24.95,14.4,17.4,0,Safe
4.84,8.32,29.96,21.24,0.33,15.71,27.41,1.4,0,Safe
6.9,4.94,51.04,35.99,0.11,10.75,27.04,7.5,0,Safe
2.51,2.42,45.4,17.89,0.54,13.96,26.77,0.0,0,Safe
0.42,20.65,31.17,27.03,0.26,8.24,30.17,1.4,0,Safe
69.4,151.8,72.55,42.03,1.24,48.78,15.21,60.1,2,Warning
5.45,5.23,43.99,28.18,0.49,13.06,28.11,3.6,0,Safe
13.3,76.85,62.79,27.32,0.8,32.22,16.33,11.4,0,Safe
74.09,95.14,67.15,35.62,1.07,33.02,20.65,39.8,1,Watch
1.84,3.61,29.57,34.16,0.28,9.4,24.93,0.8,0,Safe
2.65,11.52,48.99,38.68,0.49,15.04,25.47,5.7,0,Safe
19.31,109.56,62.13,27.5,0.38,24.35,16.91,18.9,0,Safe
30.45,61.25,78.68,22.24,0.85,40.29,23.0,19.0,0,Safe
31.88,115.51,45.51,33.5,0.46,23.52,29.61,19.0,0,Safe
115.17,257.11,92.85,45.95,1.98,56.85,13.56,89.5,3,Critical
40.18,184.24,76.15,38.19,0.94,33.83,15.69,45.7,1,Watch
19.74,82.96,68.59,31.15,0.84,30.65,20.3,21.5,0,Safe
0.38,12.16,33.39,32.87,0.12,12.41,25.13,1.0,0,Safe
0.74,23.5,26.66,25.62,0.14,6.16,24.84,0.0,0,Safe
1.25,20.91,35.81,23.7,0.41,12.1,22.32,5.7,0,Safe
59.02,200.42,77.22,38.93,0.86,35.43,23.45,50.8,1,Watch
2.29,18.21,29.53,25.95,0.41,5.41,17.54,6.4,0,Safe
97.74,364.55,87.46,45.62,1.81,67.34,16.96,92.9,3,Critical
0.97,7.17,42.73,34.35,0.55,13.96,24.67,1.2,0,Safe
11.25,104.97,44.5,35.87,1.19,14.79,19.58,20.6,0,Safe
100.17,319.88,94.12,56.77,2.73,65.18,17.74,100.0,3,Critical
1.16,12.13,42.34,28.98,0.5,14.33,25.93,0.8,0,Safe
33.01,94.97,60.4,38.43,1.16,37.82,21.01,40.4,1,Watch
1.28,20.13,41.72,28.78,0.34,11.09,15.59,0.9,0,Safe
0.47,11.03,32.05,26.07,0.33,9.52,34.0,2.5,0,Safe
107.3,356.43,86.38,43.38,2.83,70.84,8.9,95.8,3,Critical
10.14,68.02,80.08,35.58,0.52,34.01,15.36,22.8,0,Safe
48.65,135.57,82.06,36.25,1.53,45.81,19.01,52.3,1,Watch
26.86,64.1,58.04,34.74,0.54,27.48,20.98,20.9,0,Safe
52.9,171.18,77.12,47.04,1.89,38.91,13.83,66.5,2,Warning
67.04,134.9,77.0,31.76,1.93,36.0,11.55,47.6,1,Watch
17.57,48.16,57.94,35.06,0.57,21.07,17.66,11.8,0,Safe
0.07,5.82,34.92,35.75,0.18,6.64,23.66,0.0,0,Safe
8.71,13.2,29.36,19.77,0.57,9.66,21.64,2.0,0,Safe
1.35,7.37,45.58,31.57,0.15,15.8,28.91,0.0,0,Safe
33.72,134.77,85.92,38.2,1.46,48.94,21.45,49.3,1,Watch
11.52,101.87,62.84,26.88,0.82,26.34,20.08,20.1,0,Safe
39.29,77.53,71.46,35.26,0.86,41.1,16.17,34.1,1,Watch
0.32,14.67,35.57,20.18,0.59,14.27,25.28,2.0,0,Safe
72.23,211.26,70.94,39.67,1.96,61.38,17.78,78.3,2,Warning
0.84,13.01,43.6,29.25,0.19,13.04,24.38,2.7,0,Safe
0.54,15.24,40.08,25.56,0.17,7.64,26.15,4.2,0,Safe
6.81,90.78,53.59,33.87,0.98,29.7,18.87,14.0,0,Safe
48.61,147.53,84.18,42.98,1.39,47.48,14.03,56.1,1,Watch
34.58,33.74,62.95,46.61,0.97,36.71,19.46,39.2,1,Watch
3.79,5.39,39.85,31.68,0.36,6.84,33.67,0.0,0,Safe
111.77,283.33,94.41,36.16,2.6,57.47,12.8,73.5,2,Warning
67.16,199.23,77.33,45.55,1.75,59.86,16.64,80.3,3,Critical
7.66,36.89,67.13,23.32,0.37,30.82,18.81,11.8,0,Safe
10.23,117.6,61.66,39.81,0.41,19.79,20.88,20.8,0,Safe
2.15,0.45,32.67,32.68,0.22,10.94,25.87,0.0,0,Safe
0.28,22.85,28.6,29.72,0.37,8.34,16.81,2.8,0,Safe
23.75,88.13,71.96,26.64,1.05,20.47,12.95,15.7,0,Safe
0.6,0.8,47.83,38.82,0.33,11.99,23.49,0.2,0,Safe
85.38,136.98,71.8,39.67,1.32,46.62,14.6,58.2,1,Watch
39.55,96.68,68.72,35.55,0.75,30.53,17.91,31.2,1,Watch
22.5,105.78,59.81,41.22,0.6,10.29,16.55,23.6,0,Safe
13.43,97.55,63.09,42.18,1.08,41.08,16.34,36.9,1,Watch
2.93,22.57,30.96,33.86,0.43,9.59,23.47,0.0,0,Safe
22.9,192.9,86.94,37.17,0.87,34.81,11.46,40.2,1,Watch
5.48,5.04,33.55,25.99,0.23,14.78,19.73,0.0,0,Safe
2.68,19.96,26.78,21.76,0.42,8.95,21.05,0.0,0,Safe
35.78,145.74,73.35,31.58,1.64,46.27,13.9,41.0,1,Watch
23.62,119.44,64.73,35.9,0.54,24.18,17.68,24.9,0,Safe
0.35,2.13,30.11,42.67,0.23,15.81,19.08,0.0,0,Safe
2.2,24.6,29.52,28.25,0.57,22.63,25.52,3.0,0,Safe
71.19,157.75,77.19,46.23,1.44,38.62,10.54,64.3,2,Warning
109.13,372.25,95.14,39.03,2.15,56.75,20.37,79.7,2,Warning
30.98,157.58,86.09,46.75,1.17,46.56,18.04,57.7,1,Watch
37.06,94.45,58.82,38.67,1.1,28.41,19.28,33.3,1,Watch
42.35,39.17,59.45,37.49,0.44,31.74,16.9,28.1,0,Safe
17.13,110.14,61.04,34.34,0.76,29.3,16.42,25.0,0,Safe
3.38,8.98,42.34,24.99,0.13,15.83,25.69,4.5,0,Safe
125.32,365.88,96.95,41.59,2.18,68.79,13.28,89.1,3,Critical
67.9,213.98,73.36,40.05,1.34,49.18,17.66,61.7,2,Warning
16.71,50.33,69.25,28.49,0.45,21.54,20.42,13.3,0,Safe
62.65,231.98,89.48,43.55,4.14,65.38,10.01,94.6,3,Critical
4.83,11.07,40.37,21.32,0.43,10.57,19.88,1.2,0,Safe
1.29,24.12,42.81,10.04,0.37,4.91,23.12,0.0,0,Safe
12.72,117.05,72.25,36.07,0.82,25.05,14.8,21.0,0,Safe
0.07,4.99,28.12,13.7,0.43,12.98,26.8,4.7,0,Safe
66.18,129.9,71.94,40.17,1.96,47.55,17.87,60.6,2,Warning
100.68,256.38,97.08,44.19,3.07,91.08,14.89,100.0,3,Critical
0.62,15.44,37.4,37.96,0.39,12.7,24.85,0.0,0,Safe
18.32,84.04,60.14,32.71,0.96,44.77,18.24,27.8,0,Safe
32.35,84.65,48.37,30.84,0.81,14.46,19.5,15.8,0,Safe
33.86,47.56,66.62,33.46,0.58,35.37,16.71,24.9,0,Safe
92.92,314.43,85.78,43.44,3.15,82.73,21.76,100.0,3,Critical
34.3,131.98,75.01,43.04,0.82,37.07,19.32,44.9,1,Watch
110.81,121.39,74.62,43.6,0.99,51.89,16.42,60.4,2,Warning
42.96,54.66,51.18,27.77,0.74,33.97,19.82,21.7,0,Safe
20.53,211.82,83.98,42.34,1.18,35.64,13.42,49.4,1,Watch
5.24,35.48,75.32,25.48,1.04,12.99,20.88,8.4,0,Safe
0.33,6.75,34.01,34.8,0.43,6.14,21.59,1.6,0,Safe
12.65,65.51,64.41,46.64,0.49,29.13,18.06,26.6,0,Safe
103.02,339.61,95.4,39.91,3.04,70.38,15.39,90.7,3,Critical
57.51,159.69,72.47,30.57,1.43,36.97,22.23,41.8,1,Watch
80.14,315.01,88.15,46.08,2.16,73.98,13.76,99.1,3,Critical
28.17,113.58,73.94,26.41,0.67,29.97,12.18,22.6,0,Safe
15.35,60.42,51.7,33.8,0.35,25.83,21.37,10.6,0,Safe
4.97,8.21,39.2,30.52,0.46,5.19,25.13,0.7,0,Safe
0.75,5.83,32.81,13.39,0.54,8.95,19.13,4.0,0,Safe
128.39,376.87,85.68,44.88,3.07,66.93,13.28,94.0,3,Critical
0.86,10.04,48.35,18.76,0.49,10.29,21.06,0.3,0,Safe
84.34,194.44,76.16,31.41,1.32,34.03,15.18,49.7,1,Watch
1.76,23.57,40.38,35.73,0.12,11.02,23.16,2.7,0,Safe
3.38,21.05,38.82,20.43,0.21,11.07,25.1,5.3,0,Safe
2.53,13.74,23.6,19.3,0.49,8.59,12.92,0.0,0,Safe
28.37,172.35,74.09,38.36,1.52,66.22,16.21,65.2,2,Warning
0.15,9.09,39.2,30.74,0.14,8.46,23.0,1.2,0,Safe
2.61,21.89,36.17,32.87,0.36,3.78,24.21,8.8,0,Safe
0.66,10.46,28.37,28.92,0.33,20.27,22.99,1.2,0,Safe
0.85,3.95,38.37,28.52,0.27,6.19,19.92,2.9,0,Safe
2.26,3.14,26.02,17.21,0.14,9.95,15.15,0.0,0,Safe
1.52,15.09,51.18,25.39,0.37,14.26,32.81,1.6,0,Safe
2.67,9.38,28.28,14.75,0.54,16.0,22.72,0.0,0,Safe
1.05,10.24,22.77,23.73,0.15,12.15,27.68,3.4,0,Safe
5.12,1.97,37.25,35.12,0.52,13.15,26.2,0.7,0,Safe
0.55,21.87,49.2,28.56,0.44,13.41,22.69,5.8,0,Safe
1.55,20.2,37.87,27.51,0.17,6.57,28.11,3.1,0,Safe
1.54,8.48,33.82,30.52,0.34,9.57,22.89,0.0,0,Safe
6.39,40.8,62.64,39.12,1.13,29.76,20.53,15.4,0,Safe
83.02,161.65,74.0,36.83,1.83,55.24,15.41,63.6,2,Warning
42.47,128.64,83.59,31.54,1.39,43.56,16.15,38.9,1,Watch
1.29,16.98,44.31,34.42,0.18,9.91,24.96,2.2,0,Safe
35.6,116.68,69.98,37.09,1.53,45.44,13.06,47.1,1,Watch
10.72,34.91,56.23,36.16,0.83,26.27,17.63,13.6,0,Safe
1.32,17.45,38.77,25.52,0.22,12.24,18.54,1.4,0,Safe
0.23,11.98,25.63,24.72,0.3,8.0,26.37,1.2,0,Safe
33.63,200.99,75.35,25.79,1.7,49.79,13.82,42.7,1,Watch
10.58,111.65,49.87,35.59,0.45,20.14,15.44,15.8,0,Safe
18.16,97.47,42.17,21.7,0.71,30.58,21.4,15.2,0,Safe
3.15,12.33,34.97,14.55,0.39,16.21,27.75,1.7,0,Safe
3.03,15.11,24.51,23.27,0.14,7.91,28.74,0.0,0,Safe
86.04,298.04,91.6,54.19,2.51,88.86,11.21,100.0,3,Critical
0.33,23.75,33.39,10.0,0.12,6.68,23.62,1.5,0,Safe
121.59,297.22,93.1,45.15,4.74,87.01,18.66,100.0,3,Critical
4.31,17.75,31.87,28.83,0.46,13.77,17.69,3.3,0,Safe
33.83,101.65,52.02,41.03,0.84,17.25,18.61,22.9,0,Safe
1.58,11.45,35.89,26.36,0.46,14.02,16.86,0.9,0,Safe
19.8,94.67,73.52,28.22,1.07,21.98,15.44,14.5,0,Safe
7.6,9.73,44.83,29.11,0.35,13.38,14.79,1.9,0,Safe
26.1,50.71,78.21,27.63,1.14,29.66,20.85,23.6,0,Safe
63.33,144.27,74.71,50.51,0.85,27.04,13.46,49.5,1,Watch
2.14,6.88,39.69,27.2,0.1,8.0,20.26,8.9,0,Safe
2.02,14.92,35.88,20.27,0.3,9.24,27.55,0.0,0,Safe
20.71,101.97,54.12,33.31,1.12,24.64,16.91,18.2,0,Safe
6.28,59.8,65.44,28.85,0.97,27.59,19.21,13.2,0,Safe
21.14,48.46,75.33,27.92,0.71,32.35,16.55,19.4,0,Safe
77.3,141.44,70.35,30.37,1.56,45.91,19.44,47.3,1,Watch
23.15,65.7,60.39,36.79,0.77,16.45,18.39,15.8,0,Safe
22.99,110.43,65.34,44.07,1.67,44.67,16.97,49.1,1,Watch
109.73,205.04,95.25,37.86,2.92,91.15,16.44,95.9,3,Critical
12.63,68.69,65.24,44.66,0.96,24.71,22.79,23.3,0,Safe
2.86,0.19,36.33,27.26,0.26,8.93,28.92,0.0,0,Safe
0.86,16.85,33.0,31.89,0.11,7.8,28.36,3.8,0,Safe
33.96,186.74,75.28,37.68,1.66,45.01,15.56,51.2,1,Watch
70.31,284.3,94.86,39.13,3.32,61.77,12.96,85.0,3,Critical
2.69,23.62,24.49,17.35,0.27,7.67,17.53,5.2,0,Safe
14.79,60.1,84.77,37.69,1.18,21.53,15.18,21.6,0,Safe
1.56,24.15,16.26,36.12,0.17,8.73,29.58,5.9,0,Safe
73.58,96.42,68.7,46.19,0.88,25.42,17.31,43.0,1,Watch
5.86,115.87,55.59,44.15,0.95,18.27,26.13,27.5,0,Safe
0.64,8.66,28.49,15.24,0.11,7.99,21.54,3.4,0,Safe
0.85,3.52,34.36,29.12,0.14,9.18,16.2,0.0,0,Safe
0.83,14.46,24.16,22.24,0.17,5.38,25.2,1.1,0,Safe
16.88,67.21,65.07,41.71,1.07,14.34,24.08,13.9,0,Safe
12.74,65.44,67.35,28.72,1.17,43.59,17.16,23.1,0,Safe
22.47,111.59,73.11,30.65,0.77,23.93,17.68,20.6,0,Safe
31.42,207.24,65.73,35.54,1.63,46.23,12.09,49.8,1,Watch
0.13,14.6,25.66,36.79,0.17,4.49,26.09,2.3,0,Safe
11.79,73.14,49.88,36.76,0.34,37.94,16.27,20.6,0,Safe
30.22,111.66,43.46,21.2,0.81,32.75,13.4,21.6,0,Safe
2.08,16.06,31.16,24.35,0.42,13.96,25.24,1.0,0,Safe
0.32,16.17,45.89,29.02,0.59,11.45,25.32,8.2,0,Safe
6.34,19.89,38.21,34.77,0.49,11.19,22.51,2.1,0,Safe
13.02,106.28,50.82,33.62,0.81,23.77,16.86,20.3,0,Safe
24.49,48.75,56.32,48.48,0.36,24.91,18.68,22.9,0,Safe
93.43,359.21,89.53,55.89,3.29,67.84,13.96,100.0,3,Critical
7.49,18.46,30.79,36.97,0.29,10.72,26.27,5.9,0,Safe
0.9,8.99,26.17,21.45,0.48,8.16,16.5,5.5,0,Safe
52.88,113.81,64.05,45.19,1.36,50.51,12.86,56.3,1,Watch
87.87,319.72,91.94,37.28,3.86,85.62,17.16,92.8,3,Critical
29.17,159.52,70.65,36.67,0.98,46.16,15.35,46.2,1,Watch
1.77,12.67,41.94,41.91,0.44,3.06,28.24,0.0,0,Safe
2.17,20.37,23.64,26.17,0.54,11.19,26.37,3.1,0,Safe
1.17,23.33,40.46,32.2,0.56,1.4,32.33,0.0,0,Safe
3.79,2.2,30.63,22.37,0.5,5.99,29.82,2.6,0,Safe
20.8,182.39,81.08,42.49,1.46,55.48,19.07,59.1,1,Watch
22.98,43.83,67.16,37.16,0.66,32.08,18.85,22.9,0,Safe
1.06,5.3,33.75,18.57,0.49,11.16,22.16,0.6,0,Safe
48.83,115.1,81.76,48.26,1.63,40.68,17.96,55.3,1,Watch
9.31,11.08,31.03,34.91,0.42,12.38,29.8,0.1,0,Safe
4.26,11.19,26.02,24.73,0.52,12.62,24.76,1.3,0,Safe
53.33,237.64,98.56,46.52,4.42,85.12,17.7,100.0,3,Critical
5.13,23.3,46.27,33.27,0.15,4.89,23.39,0.6,0,Safe
31.24,109.84,55.79,39.94,1.17,36.59,18.55,37.7,1,Watch
0.65,11.06,41.23,18.21,0.46,8.31,17.66,6.9,0,Safe
3.03,15.13,40.8,22.95,0.27,9.16,17.57,0.0,0,Safe
32.58,201.87,63.53,34.51,0.84,51.95,16.28,49.1,1,Watch
12.05,35.35,61.91,32.41,1.09,22.14,24.57,17.0,0,Safe
120.9,288.07,98.03,53.84,2.27,60.4,11.45,100.0,3,Critical
6.87,6.33,39.51,26.49,0.36,7.2,23.59,4.7,0,Safe
50.22,227.16,89.04,51.89,3.27,55.56,15.59,95.9,3,Critical
20.36,41.06,68.95,37.13,0.76,35.85,14.76,30.9,1,Watch
65.57,341.53,90.23,53.26,2.61,66.88,14.98,100.0,3,Critical
16.41,72.74,64.32,32.48,0.35,28.48,16.83,22.6,0,Safe
46.14,157.28,79.42,35.21,1.89,47.34,11.11,50.0,1,Watch
4.66,1.04,38.73,26.27,0.5,16.07,21.89,0.0,0,Safe
2.75,22.27,32.97,36.13,0.22,5.69,23.48,0.0,0,Safe
0.6,0.62,23.28,31.01,0.15,12.14,26.79,5.2,0,Safe
13.72,47.4,53.89,26.61,0.49,21.13,19.44,9.2,0,Safe
64.51,121.69,83.64,37.02,0.97,26.31,20.23,39.5,1,Watch
72.98,175.21,86.13,40.18,1.82,61.25,14.93,78.1,2,Warning
2.62,9.6,31.37,29.89,0.6,13.75,17.37,2.1,0,Safe
23.73,64.4,66.11,25.81,0.85,27.25,20.49,20.8,0,Safe
0.35,17.9,26.96,26.45,0.29,10.05,24.56,1.5,0,Safe
8.32,71.07,57.72,27.25,0.88,40.35,16.77,16.7,0,Safe
106.43,155.33,79.22,42.74,1.91,51.18,11.11,70.8,2,Warning
0.34,4.78,35.99,29.33,0.26,6.46,26.95,2.8,0,Safe
2.53,12.63,39.38,31.35,0.58,6.49,26.72,2.5,0,Safe
2.59,23.68,37.28,22.05,0.5,7.77,22.52,4.8,0,Safe
3.74,15.69,56.58,28.98,0.48,12.2,20.92,4.8,0,Safe
75.11,214.41,85.76,49.63,3.71,90.85,15.77,100.0,3,Critical
94.09,197.56,81.96,36.91,1.4,50.52,15.83,65.5,2,Warning
1.06,17.6,24.52,22.75,0.45,10.63,27.2,0.0,0,Safe
1.75,22.08,29.9,23.1,0.32,13.58,28.04,8.4,0,Safe
2.9,20.4,33.67,38.84,0.37,8.41,28.8,1.2,0,Safe
71.88,366.24,87.9,46.01,3.83,80.15,9.01,100.0,3,Critical
32.66,115.2,48.53,32.71,0.46,32.5,16.76,30.6,1,Watch
32.88,33.48,70.51,21.32,0.45,25.91,21.8,10.8,0,Safe
52.18,307.02,93.85,56.68,1.88,71.7,9.84,100.0,3,Critical
3.53,50.71,50.42,34.18,1.11,33.02,20.88,14.4,0,Safe
35.18,130.16,71.87,40.83,1.05,41.41,12.31,44.3,1,Watch
0.94,22.64,33.07,37.28,0.26,11.72,20.78,0.0,0,Safe
1.98,23.69,24.13,22.74,0.18,13.83,27.69,2.0,0,Safe
34.92,65.75,54.9,32.25,1.16,26.56,14.91,20.2,0,Safe
6.96,54.02,67.04,23.22,0.51,32.46,21.79,12.0,0,Safe
122.4,342.9,93.53,36.35,2.8,82.08,15.81,90.9,3,Critical
18.81,32.7,63.83,37.12,0.45,26.24,18.76,23.0,0,Safe
41.59,137.21,80.54,25.68,1.19,49.33,19.76,31.7,1,Watch
83.94,286.73,93.41,42.93,2.94,52.57,9.26,88.0,3,Critical
8.34,3.31,37.86,32.74,0.41,13.13,24.28,4.3,0,Safe
8.07,13.3,25.44,14.95,0.42,9.36,21.76,8.5,0,Safe
1.11,4.24,18.46,20.94,0.18,11.64,21.49,0.0,0,Safe
46.76,33.97,57.13,32.92,0.52,35.55,18.75,26.7,0,Safe
28.07,120.58,77.79,44.32,1.61,45.75,19.41,45.5,1,Watch
0.6,3.82,37.95,22.06,0.36,16.42,16.19,0.0,0,Safe
28.71,180.17,72.12,41.71,1.38,46.7,16.58,58.7,1,Watch
1.29,12.82,26.31,26.89,0.21,17.09,29.79,0.0,0,Safe
22.02,35.38,71.1,25.02,0.58,29.86,16.33,16.4,0,Safe
83.51,170.59,76.74,34.8,1.31,57.7,18.2,63.3,2,Warning
13.55,93.23,61.99,30.9,0.51,28.97,17.93,21.0,0,Safe
46.49,56.74,69.79,31.17,1.06,21.67,12.25,23.6,0,Safe
3.9,11.63,46.13,29.4,0.53,2.8,25.02,2.4,0,Safe
0.23,4.47,38.31,17.36,0.21,10.3,19.39,0.1,0,Safe
49.94,179.34,81.25,46.58,1.73,50.41,12.94,69.3,2,Warning
0.04,15.65,42.14,28.21,0.22,12.15,20.41,1.0,0,Safe
6.52,18.55,51.43,32.61,0.15,10.68,30.12,5.6,0,Safe
5.09,8.79,50.3,27.8,0.5,11.8,18.79,1.8,0,Safe
108.96,215.38,86.36,36.79,3.9,66.44,16.78,87.9,3,Critical
25.23,67.86,68.64,27.86,1.1,19.18,19.77,21.2,0,Safe
0.16,3.49,42.47,10.91,0.39,12.96,18.92,0.0,0,Safe
32.28,68.21,34.83,25.66,0.71,32.55,21.98,22.4,0,Safe
50.8,222.31,90.64,57.69,3.11,78.69,14.97,100.0,3,Critical
41.35,140.21,74.68,31.99,1.82,49.83,21.12,49.5,1,Watch
1.37,6.56,39.0,22.2,0.46,3.69,28.69,0.9,0,Safe
2.69,16.18,41.56,22.92,0.41,10.99,23.97,3.1,0,Safe
29.1,30.42,57.44,21.96,0.55,32.66,18.29,14.2,0,Safe
17.08,94.5,66.4,30.64,1.09,29.82,16.66,25.5,0,Safe
11.19,32.71,57.29,38.13,1.05,34.3,17.49,24.4,0,Safe
3.34,91.0,66.52,33.21,0.46,31.15,20.7,19.3,0,Safe
30.09,163.8,79.48,37.69,1.15,43.5,18.11,44.2,1,Watch
0.07,7.84,29.96,25.7,0.41,13.15,18.58,0.9,0,Safe
11.24,118.13,58.26,27.4,0.88,21.66,22.53,16.8,0,Safe
62.4,241.25,86.28,50.66,3.48,88.33,14.44,100.0,3,Critical
15.77,49.58,65.8,33.04,0.56,27.05,18.23,16.5,0,Safe
45.74,109.45,68.97,31.96,0.91,24.46,20.51,26.5,0,Safe
128.65,214.04,80.42,45.56,1.38,24.6,16.23,59.9,1,Watch
30.33,37.19,61.04,34.74,0.54,37.21,17.78,25.7,0,Safe
8.14,15.35,19.17,35.09,0.38,11.98,26.25,7.1,0,Safe
18.77,81.91,68.37,33.56,0.95,37.99,18.34,24.1,0,Safe
0.5,9.59,44.68,30.81,0.43,15.29,25.88,0.0,0,Safe
7.85,11.0,40.67,23.8,0.59,3.35,20.72,0.0,0,Safe
35.19,166.12,88.86,35.56,1.5,63.23,16.29,61.9,2,Warning
49.89,188.42,78.84,32.87,1.81,53.34,9.01,55.8,1,Watch
40.88,116.49,71.95,34.02,1.16,50.56,17.56,43.2,1,Watch
116.29,191.74,95.08,56.12,3.62,59.89,13.84,100.0,3,Critical
82.08,206.54,70.2,39.31,1.5,52.49,16.53,70.1,2,Warning
18.57,102.48,66.12,31.01,0.33,10.02,17.34,11.3,0,Safe
90.6,151.95,78.4,40.56,1.78,35.74,19.22,56.5,1,Watch
0.69,4.53,36.81,29.69,0.12,13.24,26.07,2.8,0,Safe
107.95,364.82,93.05,46.88,4.68,71.83,18.58,100.0,3,Critical
22.41,77.95,52.15,35.9,0.5,37.74,17.98,29.4,0,Safe
91.67,354.01,86.93,39.28,2.38,52.24,13.32,74.3,2,Warning
46.93,44.94,50.62,36.34,1.0,36.45,11.1,28.2,0,Safe
0.93,12.47,21.34,20.19,0.12,3.0,21.65,3.4,0,Safe
36.94,41.17,79.49,34.81,1.05,32.16,22.14,29.8,0,Safe
33.33,170.54,99.63,35.62,1.97,55.23,18.93,59.7,1,Watch
11.03,143.6,77.72,39.95,0.94,64.64,19.63,55.5,1,Watch
0.62,9.74,35.06,19.19,0.46,9.18,24.11,1.5,0,Safe
1.84,15.51,27.14,37.13,0.52,12.51,29.07,8.6,0,Safe
28.47,78.78,63.67,22.04,0.48,30.44,16.62,16.3,0,Safe
23.48,75.58,54.55,25.73,0.71,24.58,15.93,16.5,0,Safe
0.92,5.27,45.53,25.79,0.56,9.53,22.0,0.0,0,Safe
4.32,22.88,38.41,23.32,0.13,2.62,16.91,0.0,0,Safe
0.65,7.5,37.94,35.24,0.28,5.42,25.26,0.0,0,Safe
2.16,19.88,29.98,15.01,0.16,9.04,23.21,2.3,0,Safe
7.93,22.03,38.49,26.22,0.24,12.01,26.2,3.2,0,Safe
0.2,17.25,20.64,42.04,0.25,12.4,24.97,0.0,0,Safe
1.36,19.63,47.04,30.77,0.46,16.76,24.81,6.8,0,Safe
43.46,105.5,60.69,38.3,0.35,36.29,19.64,29.3,0,Safe
8.03,3.26,33.81,31.79,0.54,13.19,24.17,0.0,0,Safe
52.77,111.34,77.5,39.34,1.92,50.59,13.49,55.3,1,Watch
28.33,55.23,64.48,38.98,0.68,28.64,17.31,23.5,0,Safe
83.16,173.03,81.82,26.68,1.72,32.31,12.7,44.6,1,Watch
17.08,64.62,63.65,27.12,0.95,29.96,21.77,15.9,0,Safe
0.99,22.37,47.79,21.64,0.51,9.46,24.81,0.3,0,Safe
1.86,9.84,41.23,36.9,0.35,6.35,18.99,1.6,0,Safe
1.5,4.27,21.28,35.27,0.46,16.86,22.5,7.5,0,Safe
25.91,138.25,77.23,43.56,1.38,35.73,15.51,50.4,1,Watch
84.42,251.04,86.24,36.18,3.84,63.68,13.56,82.3,3,Critical
31.2,104.65,50.81,41.06,0.61,29.89,16.83,31.7,1,Watch
58.54,62.15,75.37,31.37,0.47,12.38,17.5,18.5,0,Safe
4.56,19.64,41.2,25.21,0.52,8.57,21.6,3.5,0,Safe
21.77,186.85,71.98,26.77,1.76,41.5,17.54,30.9,1,Watch
18.6,9.34,34.72,24.22,0.31,7.11,20.22,0.0,0,Safe
1.06,12.62,28.7,39.29,0.52,17.62,22.36,3.5,0,Safe
7.56,12.76,48.9,22.28,0.46,5.71,27.51,2.3,0,Safe
21.44,74.79,57.82,42.58,0.85,41.86,14.46,39.6,1,Watch
68.21,94.56,70.79,27.78,0.47,19.15,21.23,22.0,0,Safe
40.47,97.73,42.15,32.51,0.64,37.13,19.96,27.4,0,Safe
31.21,172.56,69.97,45.58,1.65,49.69,19.66,52.6,1,Watch
24.29,96.79,73.1,29.21,1.14,32.25,20.23,25.9,0,Safe
6.05,19.29,40.21,34.38,0.5,13.22,20.83,2.2,0,Safe
68.06,162.34,73.89,45.01,0.91,40.36,16.44,58.5,1,Watch
32.58,52.33,45.48,27.14,0.85,32.66,18.51,22.1,0,Safe
31.07,118.07,77.17,45.52,1.21,50.79,10.7,51.0,1,Watch
60.02,130.89,84.56,43.34,1.96,41.19,17.48,61.1,2,Warning
7.77,8.11,12.86,33.92,0.58,8.1,20.99,7.1,0,Safe
5.04,1.64,28.99,29.1,0.36,13.75,25.35,2.9,0,Safe
24.96,128.12,76.78,39.72,1.51,48.11,12.82,44.6,1,Watch
3.97,18.06,37.26,19.97,0.51,9.59,27.57,3.7,0,Safe
4.87,4.27,22.17,19.37,0.17,8.72,23.45,6.7,0,Safe
4.97,56.64,58.42,37.42,1.05,26.33,23.21,16.9,0,Safe
101.14,292.74,90.56,36.23,2.03,71.62,12.37,77.5,2,Warning
4.94,9.21,30.89,23.71,0.58,11.83,25.0,0.0,0,Safe
14.84,43.47,48.02,27.95,0.51,18.13,17.62,9.3,0,Safe
1.21,16.98,45.33,24.12,0.34,16.02,22.53,1.3,0,Safe
9.87,57.9,39.93,22.83,0.75,24.6,19.43,13.4,0,Safe
4.95,20.62,43.1,29.2,0.59,9.66,24.34,1.8,0,Safe
29.64,124.22,63.28,34.76,1.22,46.94,11.51,37.0,1,Watch
19.03,109.9,62.83,31.67,0.37,25.12,18.46,18.1,0,Safe
13.34,68.51,63.77,32.04,0.43,34.3,21.87,26.3,0,Safe
3.14,16.41,42.42,23.61,0.18,10.03,27.66,0.4,0,Safe
40.05,190.63,91.21,45.53,1.05,38.78,8.16,62.2,2,Warning
28.72,193.57,82.22,25.01,1.86,34.04,16.46,32.4,1,Watch
29.95,34.39,67.13,35.44,0.46,20.51,18.33,12.7,0,Safe
25.88,218.71,63.23,35.25,1.37,61.5,10.03,52.2,1,Watch
14.02,13.44,33.19,33.47,0.55,12.07,26.35,4.4,0,Safe
26.48,78.19,56.7,17.78,0.58,40.2,16.14,16.8,0,Safe
0.1,14.54,40.09,26.91,0.13,8.69,20.81,2.8,0,Safe
2.83,20.3,36.05,35.02,0.21,10.68,20.22,0.8,0,Safe
0.28,20.82,36.7,30.64,0.53,12.43,23.5,6.2,0,Safe
0.76,1.83,40.43,36.41,0.54,10.78,26.63,1.3,0,Safe
22.12,30.23,64.98,27.56,0.86,21.78,23.46,15.6,0,Safe
0.57,11.04,31.35,25.85,0.41,10.54,23.79,0.0,0,Safe
15.97,184.36,79.49,35.15,0.95,60.28,18.38,49.7,1,Watch
22.99,46.07,57.46,23.04,1.11,20.49,22.71,15.4,0,Safe
3.61,23.94,32.7,21.38,0.46,11.85,16.1,2.4,0,Safe
63.64,285.13,94.17,44.46,2.92,82.65,14.83,96.8,3,Critical
0.96,0.99,30.19,26.17,0.42,9.47,20.9,0.0,0,Safe
0.51,6.87,32.58,14.69,0.13,3.18,16.35,0.0,0,Safe
1.36,18.92,38.68,17.07,0.19,10.09,26.27,0.3,0,Safe
57.87,318.8,91.79,51.85,4.4,70.44,7.3,100.0,3,Critical
1.49,11.61,47.06,38.73,0.19,8.45,20.74,0.4,0,Safe
4.66,13.3,26.38,35.39,0.3,6.12,27.53,1.2,0,Safe
56.92,217.07,71.49,41.27,1.42,56.8,15.15,68.4,2,Warning
68.14,198.49,75.73,40.47,1.4,48.65,16.78,62.5,2,Warning
12.34,100.48,63.27,26.29,0.86,21.88,16.66,11.9,0,Safe
2.02,21.68,32.13,28.08,0.17,6.19,28.45,4.6,0,Safe
17.49,82.16,63.26,41.43,0.94,26.38,20.19,21.0,0,Safe
0.79,18.81,16.95,16.35,0.25,9.09,31.42,0.0,0,Safe
4.75,5.09,32.38,20.38,0.59,3.18,18.95,0.8,0,Safe
86.8,231.57,85.75,36.21,3.2,58.46,15.67,81.1,3,Critical
69.38,134.82,89.93,38.74,1.72,34.46,16.74,50.4,1,Watch
0.22,11.06,34.01,23.88,0.36,2.24,30.87,1.6,0,Safe
63.14,195.03,92.39,40.71,3.25,85.24,11.15,94.9,3,Critical
32.5,55.63,69.44,30.62,0.33,20.83,16.59,15.1,0,Safe
0.53,11.92,24.62,22.08,0.15,11.96,19.19,0.0,0,Safe
1.62,22.7,40.75,37.05,0.43,9.65,23.8,0.0,0,Safe
29.47,174.43,79.47,48.11,1.57,32.31,18.57,52.4,1,Watch
52.22,164.5,74.36,33.93,1.75,78.35,10.75,66.3,2,Warning
26.58,68.59,72.62,29.71,0.72,31.5,14.45,14.8,0,Safe
2.44,18.11,31.12,35.53,0.23,10.26,23.46,2.3,0,Safe
37.79,116.73,81.46,45.03,1.21,49.54,13.89,51.7,1,Watch
0.99,4.96,23.42,13.34,0.22,7.36,28.89,0.0,0,Safe
29.56,32.83,48.31,42.11,0.52,33.86,27.66,21.5,0,Safe
1.26,84.48,70.33,33.97,0.58,32.13,22.15,18.0,0,Safe
1.08,2.47,26.19,34.62,0.12,11.39,23.07,0.0,0,Safe
2.16,2.49,41.08,40.92,0.19,4.79,16.85,3.1,0,Safe
14.27,109.93,53.7,44.9,0.34,40.23,20.5,39.0,1,Watch
28.63,124.98,83.65,41.04,1.43,53.6,18.01,54.7,1,Watch
4.98,16.72,43.21,26.96,0.59,13.17,24.74,3.9,0,Safe
9.26,1.9,23.35,33.22,0.21,12.62,25.56,5.6,0,Safe
96.97,295.26,95.3,48.39,3.71,70.84,15.78,100.0,3,Critical
16.96,60.34,69.12,20.23,0.56,23.51,16.58,9.4,0,Safe
9.83,91.7,57.22,30.54,0.67,26.79,16.27,12.9,0,Safe
11.1,107.76,59.69,36.15,0.87,8.88,18.99,20.7,0,Safe
31.11,77.5,75.01,35.86,1.15,22.77,20.96,29.1,0,Safe
34.76,219.96,79.95,47.16,1.2,52.96,13.04,68.3,2,Warning
9.66,102.97,66.49,27.77,0.43,31.76,16.89,19.5,0,Safe
0.15,15.31,41.21,23.14,0.5,13.37,19.27,3.4,0,Safe
6.16,13.6,33.15,25.99,0.26,17.65,21.56,3.1,0,Safe
30.38,173.44,79.67,42.19,1.01,45.97,18.39,53.2,1,Watch
0.23,4.12,24.54,32.95,0.23,15.14,20.62,2.2,0,Safe
19.13,30.95,62.45,39.12,0.7,39.15,15.91,26.0,0,Safe
24.34,133.59,77.2,39.5,1.94,42.06,18.71,46.9,1,Watch
1.12,21.82,30.99,27.63,0.41,7.56,22.41,0.0,0,Safe
68.57,143.46,73.26,32.09,1.29,39.98,18.2,46.5,1,Watch
32.28,107.84,54.51,41.35,1.06,37.85,13.51,40.1,1,Watch
1.36,15.24,44.76,37.01,0.5,9.38,27.83,1.3,0,Safe
0.68,15.24,39.77,30.55,0.11,11.81,11.12,4.8,0,Safe
0.48,8.44,31.66,17.15,0.17,12.93,19.68,0.2,0,Safe
30.69,33.25,79.55,29.44,0.82,33.12,18.97,25.9,0,Safe
6.89,6.44,40.78,29.75,0.39,11.52,21.43,1.5,0,Safe
38.11,189.39,73.17,42.67,1.47,38.79,18.27,53.6,1,Watch
17.29,147.12,74.53,42.85,1.67,51.14,18.96,59.4,1,Watch
0.91,17.89,36.31,30.84,0.48,0.0,20.54,0.3,0,Safe
35.91,170.69,68.0,29.77,1.0,34.05,15.46,31.6,1,Watch
59.29,305.24,91.63,51.79,3.55,86.27,13.67,100.0,3,Critical
120.62,304.35,92.37,50.01,3.81,69.5,17.18,100.0,3,Critical
14.22,57.6,53.74,45.25,0.91,29.47,27.13,19.7,0,Safe
29.95,101.72,60.3,39.69,1.04,25.72,19.31,28.9,0,Safe
72.31,316.78,94.75,50.88,2.49,80.87,10.45,100.0,3,Critical
68.03,162.58,71.31,37.13,1.59,36.91,17.44,50.1,1,Watch
3.66,1.42,40.1,24.98,0.14,7.91,28.89,0.0,0,Safe
16.51,58.83,56.8,25.57,1.02,16.66,17.78,8.0,0,Safe
30.36,88.4,63.89,29.85,0.4,28.45,14.46,22.8,0,Safe
1.47,19.32,37.48,24.4,0.47,11.5,25.19,4.0,0,Safe
1.16,22.78,42.55,34.13,0.51,12.48,26.85,4.9,0,Safe
8.15,5.22,46.61,23.67,0.2,10.09,25.64,0.0,0,Safe
0.21,19.55,45.21,17.01,0.28,13.53,29.74,1.8,0,Safe
2.37,13.04,26.13,27.56,0.34,9.87,29.49,0.0,0,Safe
23.08,117.11,64.25,27.08,0.67,39.36,17.13,26.3,0,Safe
3.35,4.83,36.33,27.1,0.36,9.06,25.65,1.1,0,Safe
96.62,253.76,97.06,49.14,3.87,76.1,7.39,100.0,3,Critical
41.63,58.84,53.91,29.49,0.37,34.37,15.64,26.2,0,Safe
26.76,149.35,77.37,32.43,0.85,49.16,17.87,42.5,1,Watch
3.78,13.12,42.07,34.72,0.36,8.9,17.56,1.5,0,Safe
0.51,19.82,45.46,22.43,0.4,15.5,23.46,0.0,0,Safe
2.28,11.0,39.61,29.2,0.21,18.23,29.53,3.8,0,Safe
2.81,21.14,43.22,25.65,0.18,12.8,23.53,2.9,0,Safe
23.14,101.61,80.47,38.54,0.83,24.36,18.77,31.6,1,Watch
19.51,92.6,51.63,30.45,0.74,28.23,18.25,22.1,0,Safe
2.29,12.12,33.45,22.15,0.19,9.84,15.94,0.0,0,Safe
1.28,13.31,44.78,30.8,0.24,0.0,23.28,0.0,0,Safe
4.72,7.78,37.37,23.23,0.33,7.05,23.61,4.3,0,Safe
4.42,15.57,41.0,33.04,0.5,11.97,28.04,0.9,0,Safe
26.0,117.76,72.13,43.37,0.78,28.36,22.31,36.0,1,Watch
24.72,32.6,54.4,16.17,0.7,31.19,16.98,15.2,0,Safe
24.11,60.03,63.53,29.3,0.86,26.17,21.74,14.2,0,Safe
27.33,86.99,63.68,31.18,0.85,26.1,21.64,21.4,0,Safe
0.05,8.46,31.33,18.33,0.53,7.82,17.46,0.4,0,Safe
77.89,110.68,83.06,33.04,0.89,51.12,10.67,47.8,1,Watch
13.04,44.85,62.37,46.74,0.57,20.56,21.72,16.8,0,Safe
2.93,7.71,36.91,37.9,0.25,3.94,21.22,2.8,0,Safe
3.16,20.67,31.61,33.82,0.5,13.9,20.28,6.5,0,Safe
57.06,167.43,89.48,30.71,1.19,30.47,13.11,38.6,1,Watch
9.06,97.48,62.56,33.0,1.05,32.15,18.68,20.9,0,Safe
50.91,148.93,74.82,41.12,1.16,39.03,15.52,52.5,1,Watch
82.65,271.74,96.08,57.17,4.48,63.15,13.17,100.0,3,Critical
36.97,167.08,81.39,40.93,0.92,50.37,13.15,53.4,1,Watch
2.15,12.93,42.12,24.64,0.4,10.54,24.84,0.1,0,Safe
17.51,56.62,76.52,34.66,0.91,31.96,22.28,23.2,0,Safe
12.74,68.14,64.54,31.8,1.15,17.46,17.63,14.6,0,Safe
9.85,0.5,28.79,32.85,0.22,8.31,19.56,1.3,0,Safe
47.22,181.17,62.64,40.83,0.99,46.73,19.91,55.6,1,Watch
1.12,6.27,48.95,19.15,0.18,11.33,24.87,0.0,0,Safe
13.68,70.46,65.72,37.53,0.5,26.19,18.46,14.1,0,Safe
6.75,18.87,27.45,34.6,0.16,11.59,18.85,2.4,0,Safe
50.94,257.94,97.59,43.82,3.24,54.22,16.03,81.1,3,Critical
114.26,301.3,87.76,55.76,3.29,66.18,14.82,100.0,3,Critical
22.74,55.22,65.81,26.45,0.39,30.27,20.63,14.1,0,Safe
2.33,8.67,32.75,38.74,0.21,6.43,29.61,0.0,0,Safe
85.63,121.21,71.1,41.69,1.98,47.76,14.21,63.0,2,Warning
45.44,35.17,52.72,31.61,0.56,32.86,22.35,22.2,0,Safe
0.11,24.34,42.74,33.86,0.23,6.43,27.45,0.0,0,Safe
2.22,10.7,43.86,23.23,0.51,16.68,35.39,0.0,0,Safe
44.27,32.98,62.76,49.89,0.91,34.57,20.37,38.8,1,Watch
9.94,35.84,63.45,40.02,0.93,28.86,18.23,22.8,0,Safe
2.6,7.17,25.01,27.94,0.17,0.0,17.83,6.6,0,Safe
14.72,91.86,67.93,24.01,0.69,25.85,21.48,9.1,0,Safe
0.25,20.97,30.9,20.98,0.2,2.86,20.99,5.0,0,Safe
4.99,8.78,23.44,30.54,0.51,7.68,28.02,0.0,0,Safe
15.76,91.7,64.9,41.14,0.89,23.77,16.92,22.8,0,Safe
4.1,15.08,38.25,25.58,0.54,6.28,32.01,0.0,0,Safe
11.66,83.04,66.1,26.55,0.39,18.64,22.84,7.3,0,Safe
0.95,20.27,34.36,26.88,0.34,11.35,22.81,3.5,0,Safe
2.0,20.75,34.79,15.76,0.49,7.51,20.63,2.4,0,Safe
3.97,4.87,44.25,18.23,0.27,16.48,25.83,1.4,0,Safe
22.35,207.09,65.55,39.77,0.86,36.67,13.14,43.5,1,Watch
6.96,115.87,60.75,32.77,0.83,36.43,22.53,29.6,0,Safe
58.94,115.39,63.02,36.71,1.14,32.97,27.86,42.3,1,Watch
0.16,8.18,34.75,27.57,0.16,12.84,25.55,0.0,0,Safe
111.08,285.33,92.8,54.74,2.5,81.96,7.78,100.0,3,Critical
111.7,217.91,96.15,42.72,3.66,71.61,14.95,100.0,3,Critical
0.03,10.43,44.27,32.41,0.15,10.72,23.21,1.8,0,Safe
21.83,212.53,70.23,41.11,1.59,21.04,16.26,35.3,1,Watch
0.5,15.01,43.69,24.18,0.42,7.91,23.22,5.2,0,Safe
9.96,1.29,22.75,20.92,0.42,5.94,21.84,4.5,0,Safe
0.14,13.34,34.34,26.63,0.52,9.75,23.17,0.0,0,Safe
18.34,96.3,70.37,42.66,0.6,41.0,17.91,40.8,1,Watch
23.35,152.75,71.87,40.91,1.66,48.14,18.54,55.7,1,Watch
0.89,18.29,39.51,26.72,0.19,14.52,26.65,0.0,0,Safe
20.77,112.76,68.66,35.88,0.32,35.43,16.63,31.7,1,Watch
29.9,122.62,63.56,45.75,1.21,61.08,12.33,63.5,2,Warning
19.82,175.66,79.13,36.66,1.08,35.95,14.9,39.3,1,Watch
8.99,7.36,34.95,32.75,0.38,11.58,27.95,1.1,0,Safe
17.61,212.09,81.91,45.64,1.68,56.19,18.46,61.6,2,Warning
28.48,103.55,58.77,38.5,0.67,25.05,15.3,25.9,0,Safe
0.13,5.78,34.49,27.5,0.24,4.51,24.79,0.0,0,Safe
23.41,91.4,59.27,23.61,0.4,34.02,18.6,21.5,0,Safe
47.81,96.63,63.07,32.32,1.05,36.31,13.23,33.3,1,Watch
48.54,74.44,50.13,30.92,0.35,23.45,16.82,29.3,0,Safe
0.86,8.87,19.17,16.73,0.33,15.17,29.43,0.0,0,Safe
2.53,20.75,30.9,25.56,0.16,11.29,20.5,6.3,0,Safe
29.51,117.05,38.21,43.62,0.33,35.01,13.96,30.2,1,Watch
2.67,17.19,29.49,31.64,0.15,16.84,21.02,1.3,0,Safe
13.35,78.37,50.23,29.79,0.74,30.78,17.86,14.8,0,Safe
18.21,86.73,63.09,30.71,0.71,30.15,15.43,16.8,0,Safe
0.39,13.3,10.25,27.81,0.19,7.04,24.67,5.5,0,Safe
0.61,2.08,44.22,24.09,0.32,8.07,21.99,0.1,0,Safe
23.12,67.59,61.32,35.42,1.06,25.32,17.2,18.4,0,Safe
45.32,114.38,79.79,29.65,0.86,37.46,13.89,35.8,1,Watch
64.93,124.2,78.99,45.16,1.84,35.12,15.75,60.0,1,Watch
14.88,105.03,57.4,32.72,0.7,24.88,14.92,20.7,0,Safe
1.5,14.63,27.4,30.42,0.43,3.57,24.8,0.4,0,Safe
19.27,42.16,77.46,36.09,0.49,24.28,10.47,19.6,0,Safe
64.78,127.36,73.85,49.2,1.7,44.55,18.03,66.1,2,Warning
0.89,13.13,32.71,25.72,0.57,5.12,23.61,2.3,0,Safe
6.27,6.05,42.82,27.52,0.38,11.83,20.28,6.7,0,Safe
0.39,22.19,48.7,29.34,0.3,11.39,17.97,3.1,0,Safe
1.04,17.3,39.02,21.68,0.4,7.47,22.22,0.1,0,Safe
61.1,166.45,83.91,42.24,1.81,31.59,16.23,53.3,1,Watch
38.27,67.3,54.94,35.36,1.07,33.61,17.32,25.5,0,Safe
5.79,74.11,64.38,33.83,1.01,22.04,20.51,18.6,0,Safe
21.95,101.82,71.95,34.2,0.91,21.36,20.19,22.8,0,Safe
63.23,166.1,78.97,45.97,0.91,48.58,15.0,66.2,2,Warning
1.58,5.62,37.24,21.14,0.17,10.49,26.04,2.6,0,Safe
16.83,112.83,66.01,34.29,1.04,38.38,17.28,33.5,1,Watch
0.5,21.01,30.99,38.95,0.42,12.32,24.01,4.0,0,Safe
24.3,41.62,66.69,30.62,1.15,36.06,21.42,22.5,0,Safe
4.49,111.08,65.66,38.86,0.96,35.55,17.77,25.3,0,Safe
3.83,10.82,35.25,23.15,0.42,9.14,25.48,0.0,0,Safe
54.92,150.65,76.47,39.67,1.97,23.81,13.94,48.5,1,Watch
1.99,15.45,23.6,22.37,0.29,3.26,17.8,7.2,0,Safe
12.29,53.01,57.03,27.61,0.66,30.04,20.25,19.7,0,Safe
0.5,15.83,37.98,24.16,0.25,5.23,24.94,3.1,0,Safe
111.67,281.19,98.87,41.9,3.29,79.34,14.52,100.0,3,Critical
3.65,9.29,33.88,22.87,0.32,12.22,24.68,0.0,0,Safe
7.1,112.45,51.89,32.71,1.09,38.33,18.29,28.4,0,Safe
71.53,193.62,80.02,31.21,1.84,43.67,20.46,57.1,1,Watch
0.72,12.21,44.51,36.14,0.41,5.32,29.87,2.8,0,Safe
69.23,108.3,63.84,39.95,1.19,35.24,18.41,52.6,1,Watch
22.33,99.58,73.05,31.91,1.06,21.97,20.42,22.1,0,Safe
88.23,147.22,76.7,34.29,1.45,48.16,18.25,57.4,1,Watch
42.58,197.5,79.73,46.1,1.21,51.52,12.48,63.4,2,Warning
27.29,117.09,82.65,28.35,1.73,39.64,13.01,28.9,0,Safe
0.78,10.08,33.63,19.13,0.49,8.75,19.76,1.4,0,Safe
0.04,18.92,35.99,27.04,0.25,15.48,24.45,4.4,0,Safe
8.55,50.76,72.15,30.66,0.61,29.95,13.87,11.3,0,Safe
30.54,45.21,65.47,34.46,0.71,24.6,16.0,21.0,0,Safe
0.89,21.9,31.39,40.94,0.17,8.12,22.53,2.9,0,Safe
0.11,2.68,29.7,37.19,0.14,13.16,23.24,4.5,0,Safe
11.73,93.62,62.35,31.07,1.1,29.16,14.36,18.6,0,Safe
1.66,11.33,40.63,30.29,0.29,5.01,20.33,6.7,0,Safe
29.94,219.17,79.91,45.33,1.5,45.62,12.16,62.4,2,Warning
1.79,7.12,23.73,29.92,0.19,11.41,18.23,0.0,0,Safe
0.34,10.27,29.56,29.12,0.59,9.22,23.95,0.0,0,Safe
17.4,110.5,60.67,34.57,0.37,35.43,27.8,28.3,0,Safe
81.41,208.81,89.06,56.8,3.99,68.09,9.71,100.0,3,Critical
2.39,17.36,38.73,29.31,0.4,14.51,29.11,0.3,0,Safe
1.96,10.8,38.25,10.0,0.3,10.76,16.1,3.0,0,Safe
6.92,108.14,45.85,28.84,1.2,18.31,16.23,12.3,0,Safe
5.46,17.71,29.44,24.98,0.39,6.87,24.89,0.0,0,Safe
20.9,93.52,51.7,25.06,0.43,21.42,19.08,8.4,0,Safe
2.4,12.08,38.66,37.32,0.27,8.72,25.98,5.5,0,Safe
35.89,135.49,90.6,35.83,1.91,32.86,20.75,38.9,1,Watch
5.97,85.88,56.56,26.26,0.61,30.53,22.82,12.7,0,Safe
41.12,93.69,66.21,42.65,0.63,25.33,15.54,28.9,0,Safe
56.88,299.92,97.02,43.97,4.44,53.81,14.6,89.5,3,Critical
3.26,4.92,26.42,43.82,0.32,9.33,26.78,0.5,0,Safe
52.59,177.7,76.28,33.85,0.98,26.14,13.54,35.4,1,Watch
14.62,46.86,71.92,30.82,0.56,28.32,17.78,17.9,0,Safe
25.88,115.09,43.34,35.39,1.17,23.09,22.31,21.6,0,Safe
50.08,112.49,81.21,35.41,1.86,59.57,18.87,50.7,1,Watch
44.36,208.8,77.5,27.49,1.12,49.69,16.84,40.1,1,Watch
0.71,11.7,21.73,29.98,0.38,3.28,19.57,0.7,0,Safe
7.69,112.04,71.17,32.67,0.94,37.45,21.52,24.8,0,Safe
5.63,13.16,47.81,25.12,0.26,10.48,28.31,2.7,0,Safe
0.65,14.64,39.55,22.72,0.18,7.63,32.99,0.0,0,Safe
30.68,114.72,59.89,36.88,0.48,36.11,14.75,36.8,1,Watch
10.51,119.31,69.45,39.42,0.78,21.14,21.0,21.0,0,Safe
7.19,64.51,73.38,35.31,1.04,24.83,21.64,18.6,0,Safe
31.39,118.99,61.83,35.12,1.0,31.9,14.74,29.2,0,Safe
4.5,2.34,35.8,29.9,0.58,12.48,24.73,6.8,0,Safe
1.39,5.44,28.4,26.1,0.59,4.95,26.35,3.7,0,Safe
66.33,207.08,79.65,32.24,0.88,46.33,19.21,50.9,1,Watch
57.06,62.95,60.26,25.89,0.38,27.73,22.07,25.0,0,Safe
0.4,12.31,30.28,34.66,0.21,10.01,26.89,0.0,0,Safe
10.72,37.03,63.16,33.35,0.86,24.19,19.41,12.1,0,Safe
91.34,221.13,86.79,39.15,2.27,85.64,16.36,92.9,3,Critical
100.69,218.75,92.47,37.55,2.4,91.26,14.03,80.1,3,Critical
0.75,17.51,44.94,41.61,0.47,7.6,21.01,3.6,0,Safe
1.35,18.73,36.34,31.9,0.11,11.92,25.65,2.1,0,Safe
85.64,320.27,94.66,40.72,4.17,65.79,15.31,97.0,3,Critical
45.46,55.7,85.82,29.13,0.91,32.59,18.4,26.9,0,Safe
37.5,95.42,58.71,37.61,0.38,14.98,15.55,24.3,0,Safe
1.82,4.77,19.17,23.93,0.49,15.34,27.85,0.0,0,Safe
3.02,16.54,36.38,32.48,0.16,4.64,26.49,4.8,0,Safe
1.27,3.4,37.08,29.74,0.59,7.53,24.66,0.0,0,Safe
83.91,356.86,94.73,57.82,2.04,61.32,9.43,100.0,3,Critical
39.35,145.14,83.39,41.19,0.85,53.16,20.91,55.2,1,Watch
35.47,182.71,80.65,38.08,0.84,48.65,17.33,45.0,1,Watch
9.95,90.29,60.79,23.3,0.51,20.49,20.19,9.7,0,Safe
59.57,88.04,75.13,45.19,0.43,30.62,23.8,39.0,1,Watch
2.09,20.85,28.46,29.7,0.12,10.87,22.32,4.7,0,Safe
1.27,12.2,29.79,29.95,0.41,7.8,23.75,1.2,0,Safe
100.37,282.03,85.17,47.43,3.27,68.34,14.14,100.0,3,Critical
35.49,106.35,56.07,29.68,0.44,14.39,20.91,21.6,0,Safe
3.1,14.12,31.3,21.52,0.55,8.82,23.93,3.3,0,Safe
0.64,7.8,24.87,27.59,0.43,18.53,18.58,0.0,0,Safe
16.77,112.79,60.06,24.21,0.45,34.7,16.41,15.7,0,Safe
19.92,87.34,67.17,39.17,1.07,31.84,17.17,31.8,1,Watch
2.73,9.09,37.56,26.65,0.5,14.65,29.5,0.0,0,Safe
1.76,2.33,31.35,29.56,0.57,14.62,23.86,0.0,0,Safe
125.3,312.86,96.56,41.77,3.27,66.05,10.99,93.5,3,Critical
76.03,137.5,88.94,47.6,1.55,54.92,18.45,77.0,2,Warning
13.38,112.3,60.86,33.5,0.99,32.65,16.42,20.8,0,Safe
1.62,11.77,38.18,35.83,0.41,2.26,24.27,0.0,0,Safe
68.21,181.77,78.32,36.85,1.03,43.59,11.54,54.0,1,Watch
12.33,99.61,55.38,32.48,1.06,20.49,23.15,16.0,0,Safe
2.9,89.45,64.18,25.64,0.58,13.24,23.59,6.7,0,Safe
7.54,21.91,45.16,18.71,0.13,7.83,17.13,1.3,0,Safe
0.69,11.76,38.24,26.9,0.59,8.11,23.36,7.0,0,Safe
75.44,173.87,74.54,37.2,1.36,54.15,12.72,63.4,2,Warning
106.38,151.51,78.86,23.14,1.51,49.85,18.2,41.0,1,Watch
0.92,16.96,33.81,36.94,0.49,8.05,19.27,6.3,0,Safe
56.37,126.93,79.65,44.54,1.92,48.07,14.7,67.3,2,Warning
76.81,120.96,75.08,32.16,1.18,56.93,16.82,54.0,1,Watch
11.93,21.33,48.46,26.4,0.52,19.27,22.18,4.9,0,Safe
56.4,77.17,66.91,31.97,0.54,28.82,19.44,30.1,1,Watch
30.06,161.22,79.67,36.07,1.42,62.69,16.23,54.9,1,Watch
1.83,14.54,44.1,29.12,0.43,13.08,14.2,6.6,0,Safe
41.68,110.64,74.47,40.17,1.58,40.3,16.34,44.7,1,Watch
1.97,13.8,35.75,40.76,0.44,6.59,28.31,0.0,0,Safe
11.74,69.1,62.6,36.96,0.89,34.97,22.05,23.1,0,Safe
6.51,86.85,50.06,46.27,0.87,33.71,21.54,25.9,0,Safe
3.58,6.73,40.88,41.07,0.52,7.98,19.63,1.8,0,Safe
0.37,11.4,15.86,24.65,0.27,11.6,22.03,4.0,0,Safe
13.59,73.37,61.59,43.39,0.49,29.05,21.3,28.2,0,Safe
43.61,105.53,66.75,24.96,0.51,25.87,23.66,15.4,0,Safe
2.27,8.12,41.01,25.79,0.45,14.43,19.46,8.5,0,Safe
11.18,43.7,63.45,32.83,0.83,21.67,12.7,15.0,0,Safe
99.28,296.42,95.37,44.26,3.66,85.13,15.5,100.0,3,Critical
3.26,0.88,38.53,24.37,0.46,15.01,28.29,2.7,0,Safe
2.76,18.82,28.92,41.28,0.58,11.75,18.82,3.3,0,Safe
32.22,84.93,69.23,35.0,0.91,14.92,21.07,15.8,0,Safe
30.42,74.62,67.15,33.55,0.89,19.08,17.16,20.6,0,Safe
94.0,50.35,60.6,29.94,0.35,30.99,19.34,25.2,0,Safe
1.25,1.88,41.76,36.52,0.36,10.73,30.23,2.2,0,Safe
94.23,352.77,88.79,47.83,1.83,70.48,10.59,100.0,3,Critical
19.91,49.95,75.56,45.97,1.12,28.25,23.26,29.7,0,Safe
15.34,84.16,67.87,35.06,1.08,34.04,19.39,26.3,0,Safe
66.58,151.93,76.3,35.57,0.89,43.9,17.4,49.8,1,Watch
5.39,11.62,33.3,16.66,0.15,8.34,30.17,0.0,0,Safe
1.34,20.64,31.86,25.65,0.13,5.19,20.18,0.1,0,Safe
26.23,115.4,65.93,30.96,0.71,25.07,16.63,19.1,0,Safe
22.84,41.0,64.71,33.47,0.53,17.28,18.32,13.7,0,Safe
52.95,294.12,95.15,41.51,2.5,54.52,17.18,79.0,2,Warning
69.42,359.38,92.96,52.49,3.06,64.33,10.5,100.0,3,Critical
22.5,31.73,63.6,34.92,0.99,32.01,22.52,25.7,0,Safe
20.24,113.2,79.48,36.23,1.43,48.55,15.36,44.3,1,Watch
0.93,8.37,36.29,15.33,0.16,10.44,23.55,0.0,0,Safe
2.3,9.75,28.8,27.47,0.33,16.09,15.37,4.5,0,Safe
15.18,112.85,50.39,39.69,0.31,33.28,17.49,27.5,0,Safe
41.75,97.33,67.3,24.78,0.87,10.77,23.88,22.5,0,Safe
8.88,69.09,53.01,26.86,0.72,24.63,19.5,7.1,0,Safe
38.23,209.64,75.32,42.63,1.83,50.18,9.91,60.5,2,Warning
1.56,21.53,26.08,34.35,0.36,7.38,27.09,5.6,0,Safe
65.03,370.01,91.09,54.08,2.21,91.68,11.78,100.0,3,Critical
20.02,115.64,68.1,38.96,0.76,32.28,19.92,30.0,0,Safe
56.51,203.8,76.53,40.01,0.86,54.15,18.03,64.6,2,Warning
44.41,126.38,75.73,39.94,1.21,37.7,20.01,42.5,1,Watch
44.45,66.16,62.34,32.91,0.32,21.34,21.34,20.2,0,Safe
12.52,148.67,76.68,47.71,1.82,47.75,12.69,57.4,1,Watch
53.09,118.11,85.22,38.72,1.22,53.75,13.77,58.6,1,Watch
61.42,307.42,93.31,45.24,4.49,78.87,13.99,100.0,3,Critical
1.94,5.28,30.02,31.96,0.56,4.46,24.44,3.4,0,Safe
9.43,7.22,32.47,22.73,0.12,12.18,19.6,2.2,0,Safe
8.31,1.2,17.2,26.6,0.41,10.4,20.84,0.0,0,Safe
65.04,132.81,86.06,38.97,1.0,40.64,21.55,50.3,1,Watch
5.75,15.44,35.98,34.09,0.18,17.17,18.67,6.0,0,Safe
0.44,14.91,41.92,25.44,0.41,7.52,30.37,1.5,0,Safe
104.77,345.78,85.48,49.09,2.57,86.23,12.51,100.0,3,Critical
1.73,12.23,23.91,23.86,0.46,2.19,24.33,0.0,0,Safe
0.65,20.06,22.12,28.55,0.34,6.73,24.73,0.0,0,Safe
1.26,0.7,34.18,34.02,0.59,10.63,19.49,5.1,0,Safe
0.21,5.75,37.25,35.84,0.33,10.53,25.75,0.0,0,Safe
53.58,276.97,85.37,47.33,2.51,84.46,13.77,99.6,3,Critical
122.68,346.38,89.28,42.47,2.4,70.58,13.74,93.3,3,Critical
31.73,105.0,54.62,30.05,0.64,11.56,18.09,18.9,0,Safe
1.35,16.37,37.63,22.53,0.55,5.77,22.49,3.1,0,Safe
81.77,325.9,85.31,46.4,4.11,85.53,12.17,100.0,3,Critical
53.05,214.38,85.69,48.14,1.9,57.22,20.1,82.2,3,Critical
39.63,163.78,69.79,40.46,1.36,40.33,15.7,46.1,1,Watch
97.21,80.15,81.03,30.15,0.48,31.53,15.42,35.3,1,Watch
127.37,319.03,86.26,51.68,3.19,81.85,15.05,100.0,3,Critical
5.0,7.24,42.89,30.18,0.39,6.71,26.32,6.6,0,Safe
2.92,11.51,39.3,33.23,0.15,1.9,25.98,2.5,0,Safe
0.21,14.14,35.53,28.6,0.39,11.79,25.0,0.0,0,Safe
31.95,47.65,45.24,37.82,0.37,29.07,23.28,22.6,0,Safe
4.61,2.24,39.4,40.08,0.3,16.96,29.14,0.0,0,Safe
41.19,57.49,56.62,38.76,1.05,39.14,17.21,34.5,1,Watch
1.5,8.34,35.32,39.18,0.22,11.93,26.06,4.7,0,Safe
36.0,184.74,81.63,42.25,1.57,35.54,14.63,56.7,1,Watch
30.94,58.96,79.67,27.31,0.93,52.12,15.53,27.7,0,Safe
8.44,11.85,29.81,32.99,0.33,10.5,27.02,3.7,0,Safe
101.42,326.11,86.98,40.44,2.35,84.73,20.87,92.2,3,Critical
89.83,358.54,95.97,51.73,2.2,69.92,7.83,100.0,3,Critical
0.07,12.11,33.98,21.94,0.2,5.1,26.67,2.3,0,Safe
47.92,208.91,69.28,35.18,1.51,47.6,12.05,49.2,1,Watch
1.26,3.4,32.55,33.61,0.27,5.59,24.99,5.3,0,Safe
49.86,103.71,61.94,25.47,1.1,17.53,14.15,12.0,0,Safe
0.41,16.49,43.84,29.43,0.2,3.2,25.48,1.7,0,Safe
46.04,198.44,83.6,35.74,1.64,51.03,18.78,59.3,1,Watch
1.13,13.42,23.48,21.44,0.5,9.75,20.98,0.0,0,Safe
102.98,91.48,70.07,33.1,1.11,37.82,21.61,40.9,1,Watch
33.2,85.08,69.79,42.12,0.56,17.84,19.87,30.4,1,Watch
0.0,22.77,22.02,24.17,0.55,8.37,26.9,0.0,0,Safe
0.77,16.11,34.98,24.5,0.5,7.9,22.0,0.0,0,Safe
24.17,105.53,59.97,35.21,0.46,30.55,15.9,23.1,0,Safe
7.28,17.33,36.0,37.05,0.31,7.88,25.73,1.8,0,Safe
0.14,24.0,48.41,35.07,0.55,6.22,27.01,2.4,0,Safe
35.69,135.83,80.79,43.66,1.18,40.57,10.56,50.1,1,Watch
77.65,376.41,97.3,55.69,3.11,71.73,15.61,100.0,3,Critical
86.65,211.76,95.13,36.26,4.03,87.14,15.69,91.4,3,Critical
0.91,16.73,24.28,12.89,0.4,7.94,17.61,0.0,0,Safe
24.64,72.11,59.17,39.64,0.71,14.29,15.8,21.0,0,Safe
15.23,81.28,45.92,38.73,0.78,25.75,18.14,11.6,0,Safe
3.71,20.15,36.88,14.58,0.32,7.94,25.21,4.0,0,Safe
96.46,266.46,87.34,44.2,2.28,54.8,13.04,86.6,3,Critical
40.26,88.44,64.48,41.15,0.49,23.52,17.4,27.8,0,Safe
2.61,11.78,35.04,41.1,0.4,8.8,29.18,0.0,0,Safe
14.38,80.2,55.77,32.64,0.69,35.47,17.96,21.7,0,Safe
0.24,1.46,37.55,34.7,0.29,14.35,26.51,2.5,0,Safe
0.82,15.05,16.31,22.73,0.46,7.42,24.71,1.1,0,Safe
13.58,103.74,71.31,29.05,0.77,31.31,19.07,19.0,0,Safe
1.1,18.31,29.91,32.36,0.13,11.77,27.58,0.0,0,Safe
0.34,17.03,56.52,19.63,0.45,9.54,25.57,0.0,0,Safe
58.4,219.72,95.61,48.6,2.26,89.96,15.71,100.0,3,Critical
3.16,4.68,37.22,13.65,0.15,10.81,24.12,0.0,0,Safe
1.95,4.67,44.49,23.16,0.31,5.94,22.87,0.0,0,Safe
1.46,5.04,38.02,32.5,0.32,7.93,27.42,0.0,0,Safe
0.08,19.02,48.41,23.24,0.24,0.47,21.52,6.3,0,Safe
44.88,200.15,74.95,42.46,1.3,39.72,15.69,58.3,1,Watch
1.16,8.43,34.71,29.61,0.14,8.14,22.78,4.7,0,Safe
13.05,39.8,65.25,28.66,0.46,36.89,20.52,17.4,0,Safe
2.06,9.19,22.98,23.3,0.59,13.23,23.97,0.0,0,Safe
2.31,9.99,30.78,15.68,0.11,6.82,25.92,3.8,0,Safe
22.21,49.15,65.51,18.67,1.02,33.17,14.77,10.2,0,Safe
31.65,61.86,48.07,34.35,0.61,24.87,21.36,16.7,0,Safe
119.62,354.79,95.79,40.63,2.82,80.56,12.08,95.2,3,Critical
1.91,14.31,29.49,21.91,0.51,7.33,25.1,0.0,0,Safe
8.18,23.79,38.52,26.98,0.14,8.87,24.2,1.8,0,Safe
0.38,14.69,32.28,39.09,0.34,12.09,19.78,0.0,0,Safe
115.63,246.53,95.75,41.75,3.8,61.85,7.83,98.0,3,Critical
0.46,23.12,37.2,29.49,0.31,6.74,22.54,2.7,0,Safe
78.2,363.4,98.64,49.61,1.83,67.4,16.8,100.0,3,Critical
6.49,10.66,34.74,27.97,0.5,8.04,23.28,1.1,0,Safe
0.92,0.01,42.93,28.05,0.41,6.98,29.23,0.0,0,Safe
16.69,56.6,85.49,32.47,0.34,16.48,17.99,10.0,0,Safe
2.57,16.73,32.48,10.36,0.21,5.66,18.76,4.3,0,Safe
28.55,92.07,56.99,38.38,1.16,29.04,15.21,26.3,0,Safe
31.85,47.66,63.01,27.12,0.82,37.71,16.87,23.5,0,Safe
62.5,186.51,78.28,39.21,1.64,37.14,18.95,56.4,1,Watch
1.32,14.58,30.49,39.21,0.3,14.69,17.56,0.1,0,Safe
59.7,164.07,83.64,36.85,1.5,45.95,15.56,59.5,1,Watch
0.05,1.86,34.31,17.9,0.24,5.33,34.37,1.4,0,Safe
18.66,67.23,57.71,42.37,0.6,26.58,21.15,19.3,0,Safe
50.57,198.48,67.35,37.26,1.77,41.67,21.12,60.0,2,Warning
61.07,264.86,94.16,44.9,2.65,80.3,18.13,98.1,3,Critical
10.51,52.64,60.14,27.71,0.87,22.76,13.47,11.4,0,Safe
69.01,158.68,78.55,36.69,1.47,55.97,17.87,57.6,1,Watch
28.41,192.88,78.1,45.31,1.87,54.55,13.41,63.6,2,Warning
51.78,148.08,73.85,48.7,0.93,55.92,10.58,70.1,2,Warning
46.75,192.66,78.61,46.7,1.31,47.84,18.29,65.4,2,Warning
3.29,19.17,31.07,30.91,0.13,13.96,27.56,1.5,0,Safe
43.1,30.43,46.06,20.08,0.55,25.28,15.12,12.0,0,Safe
95.02,273.01,89.67,45.78,4.2,57.12,11.12,98.4,3,Critical
28.99,110.63,63.22,35.36,1.05,33.13,16.24,31.0,1,Watch
73.41,205.68,95.84,47.42,2.92,66.99,14.96,94.4,3,Critical
3.7,8.74,23.08,25.18,0.48,11.18,24.7,0.0,0,Safe
26.8,212.81,80.53,30.74,0.96,41.57,12.09,40.2,1,Watch
27.01,78.97,62.81,33.19,1.08,27.66,18.98,27.7,0,Safe
24.63,61.31,75.66,28.41,0.42,31.46,17.91,18.6,0,Safe
73.22,359.62,94.47,52.44,3.65,64.89,13.74,100.0,3,Critical
76.72,219.49,88.56,45.36,0.96,63.38,12.53,90.5,3,Critical
1.71,7.58,32.21,17.86,0.49,11.42,24.23,0.7,0,Safe
34.26,148.52,77.35,38.52,0.86,38.94,12.64,41.7,1,Watch
18.76,105.3,59.67,28.01,0.91,28.62,16.89,20.4,0,Safe
14.18,136.29,81.29,36.29,1.47,42.03,15.45,37.8,1,Watch
2.91,53.55,76.19,30.37,0.98,26.88,17.67,18.8,0,Safe
43.42,214.58,73.35,44.34,1.96,30.55,15.09,50.3,1,Watch
74.42,314.68,88.66,50.34,4.31,74.57,14.28,100.0,3,Critical
16.75,83.8,73.49,35.07,0.55,21.79,15.85,24.2,0,Safe
66.73,207.03,91.28,46.25,2.75,80.71,10.37,100.0,3,Critical
2.44,6.76,26.17,23.31,0.16,10.25,17.93,0.4,0,Safe
1.11,7.58,32.4,34.05,0.39,1.32,18.67,0.0,0,Safe
8.61,46.11,65.29,39.16,0.69,20.97,21.93,14.7,0,Safe
1.65,6.86,36.33,23.53,0.32,9.02,28.77,2.2,0,Safe
0.55,7.63,52.37,20.22,0.14,13.28,22.83,0.0,0,Safe
16.85,175.97,77.86,36.76,1.43,42.09,11.52,44.8,1,Watch
94.61,199.89,91.24,54.72,4.35,82.33,16.2,100.0,3,Critical
0.65,24.82,25.49,21.69,0.12,19.06,23.19,5.1,0,Safe
52.31,352.71,96.21,55.76,3.63,59.83,16.06,100.0,3,Critical
0.41,19.76,33.27,35.23,0.18,12.84,29.55,0.4,0,Safe
43.27,33.64,64.37,21.1,1.09,36.05,18.81,23.5,0,Safe
25.38,110.59,50.71,31.79,0.65,31.27,18.64,20.8,0,Safe
37.97,112.34,78.36,33.13,1.49,35.8,16.23,34.0,1,Watch
124.64,253.94,96.8,50.13,2.95,72.19,17.73,100.0,3,Critical
49.35,209.23,72.26,39.82,1.25,56.36,15.04,62.0,2,Warning
1.41,4.94,42.32,29.23,0.28,13.51,20.28,5.3,0,Safe
56.56,104.18,64.31,24.76,0.79,29.12,20.32,26.5,0,Safe
0.74,13.11,35.12,33.95,0.41,15.31,17.08,0.0,0,Safe
36.04,94.85,62.97,17.07,0.82,21.13,21.49,13.9,0,Safe
36.56,204.87,80.0,42.43,1.49,60.22,18.85,66.4,2,Warning
3.04,24.65,39.08,29.56,0.39,5.08,16.23,5.8,0,Safe
21.82,62.06,58.18,34.17,1.04,29.41,18.48,21.2,0,Safe
31.94,202.37,73.87,40.54,0.92,40.27,11.12,48.9,1,Watch
51.41,79.26,60.57,21.39,1.03,30.19,19.01,17.8,0,Safe
71.16,355.46,92.99,47.59,2.85,63.85,19.18,100.0,3,Critical
10.34,1.6,35.32,30.37,0.29,10.38,27.33,0.2,0,Safe
0.73,21.19,36.84,32.97,0.37,12.83,28.1,3.5,0,Safe
15.55,70.36,71.4,28.72,1.14,28.89,22.54,25.1,0,Safe
93.6,227.56,92.46,38.07,2.38,67.78,9.23,86.3,3,Critical
0.87,20.17,41.25,28.05,0.38,13.59,23.54,8.5,0,Safe
88.1,207.45,65.01,43.56,1.1,56.5,12.4,74.1,2,Warning
1.3,18.27,29.06,32.37,0.3,13.25,27.48,4.3,0,Safe
18.03,33.21,46.1,40.35,0.94,27.33,17.21,12.4,0,Safe
0.68,24.64,37.67,33.72,0.31,11.54,22.22,2.3,0,Safe
26.91,55.17,70.57,33.13,1.12,27.4,25.68,21.3,0,Safe
1.41,18.47,38.84,31.49,0.53,12.48,25.96,3.7,0,Safe
25.63,75.14,59.42,30.72,1.18,33.12,26.39,21.0,0,Safe
29.02,142.61,72.07,34.69,1.7,51.28,16.05,44.6,1,Watch
1.25,14.27,42.96,30.06,0.46,9.05,30.22,0.6,0,Safe
114.4,358.74,89.42,51.44,3.37,81.71,13.03,100.0,3,Critical
44.59,103.16,70.56,32.28,0.8,25.37,16.72,25.4,0,Safe
102.27,357.27,87.4,49.31,4.78,87.21,12.51,100.0,3,Critical
3.2,11.51,29.79,24.88,0.22,6.25,23.39,0.2,0,Safe
63.75,336.19,98.42,54.43,4.26,52.19,17.35,100.0,3,Critical
1.12,0.8,41.0,36.31,0.44,4.03,16.66,0.5,0,Safe
4.18,0.51,44.61,16.99,0.21,12.6,23.06,0.0,0,Safe
98.27,379.91,97.79,54.25,4.77,80.74,15.22,100.0,3,Critical
4.81,109.55,44.81,33.9,1.05,27.22,16.37,17.9,0,Safe
7.61,17.3,31.87,28.42,0.16,14.09,23.94,0.3,0,Safe
51.16,201.02,86.36,37.14,3.48,73.61,16.96,86.0,3,Critical
41.43,174.51,82.72,38.84,1.03,62.68,11.5,60.3,2,Warning
37.74,186.16,74.2,35.72,0.98,47.11,12.97,40.9,1,Watch
2.51,16.73,32.57,31.32,0.19,7.29,29.67,2.6,0,Safe
2.44,5.69,22.37,34.99,0.43,15.4,21.34,2.9,0,Safe
0.78,6.41,23.55,30.11,0.4,15.74,25.05,3.7,0,Safe
68.6,73.78,45.43,44.18,0.63,31.21,16.67,40.2,1,Watch
1.44,9.04,36.59,37.72,0.32,9.52,20.4,0.0,0,Safe
0.15,5.58,34.14,42.68,0.46,8.85,24.35,0.0,0,Safe
41.04,97.36,64.4,36.65,0.33,38.35,18.99,37.4,1,Watch
0.45,24.01,49.9,24.34,0.35,10.71,17.81,1.0,0,Safe
50.68,202.28,84.74,37.98,1.05,50.49,17.19,58.3,1,Watch
2.78,17.61,13.56,22.21,0.13,7.92,24.22,0.0,0,Safe
1.42,1.14,33.38,33.58,0.51,14.64,19.28,0.0,0,Safe
41.2,31.85,47.48,32.83,0.62,38.78,17.66,26.7,0,Safe
4.38,23.45,41.92,37.68,0.12,12.75,23.09,6.8,0,Safe
0.72,6.03,24.87,26.32,0.39,8.61,27.95,3.8,0,Safe
30.46,98.78,66.02,46.42,0.92,28.75,20.53,32.6,1,Watch
54.21,173.13,70.92,35.93,0.99,27.99,21.78,37.1,1,Watch
78.72,326.06,91.68,39.31,4.15,68.16,20.09,93.0,3,Critical
49.84,59.09,60.67,32.28,0.96,38.65,19.92,30.2,1,Watch
58.16,152.77,85.25,41.9,1.5,54.01,13.99,61.5,2,Warning
12.06,7.92,31.22,19.62,0.52,8.75,26.22,3.1,0,Safe
30.58,115.42,62.29,34.35,0.89,44.0,11.42,36.5,1,Watch
0.32,10.47,41.27,28.69,0.55,13.33,23.66,2.0,0,Safe
1.72,11.33,35.15,18.11,0.37,8.27,22.56,1.0,0,Safe
11.67,117.96,75.19,51.8,1.39,43.23,14.51,48.3,1,Watch
112.95,292.71,91.28,44.11,2.45,62.35,13.89,90.6,3,Critical
14.01,35.58,48.93,28.68,1.08,36.33,15.97,14.3,0,Safe
60.12,199.44,84.04,36.46,0.92,39.86,17.89,53.3,1,Watch
66.19,219.78,82.81,26.49,1.24,44.9,17.38,47.3,1,Watch
62.76,139.55,78.68,42.73,1.23,52.14,17.41,63.3,2,Warning
71.42,315.76,97.95,53.52,2.71,83.28,15.97,100.0,3,Critical
63.17,203.59,86.89,34.16,1.04,56.5,14.98,61.2,2,Warning
32.02,142.74,73.48,46.99,0.85,22.75,17.33,38.1,1,Watch
5.81,14.86,20.4,24.51,0.31,9.62,21.16,3.2,0,Safe
26.42,38.95,64.23,36.44,0.35,32.69,22.98,19.0,0,Safe
14.74,43.27,71.58,22.46,0.53,35.46,16.41,13.2,0,Safe
1.64,17.96,22.68,26.58,0.41,10.39,30.54,6.9,0,Safe
0.18,13.86,35.15,25.52,0.15,10.95,25.48,2.5,0,Safe
15.12,112.7,80.33,32.93,1.31,29.08,14.35,24.6,0,Safe
55.61,185.12,83.09,38.93,0.91,41.14,15.31,53.9,1,Watch
3.44,17.32,26.68,24.42,0.45,12.37,22.97,4.8,0,Safe
9.6,46.11,59.93,22.21,0.62,16.84,17.28,7.1,0,Safe
4.94,100.84,58.74,33.86,0.5,30.11,18.72,19.3,0,Safe
32.94,183.21,79.46,39.06,1.45,45.8,19.08,49.4,1,Watch
12.11,15.77,32.11,28.01,0.43,13.43,20.0,2.0,0,Safe
85.75,343.31,95.79,49.78,2.93,70.7,18.34,100.0,3,Critical
25.51,119.82,77.42,52.99,1.47,37.1,13.09,54.4,1,Watch
0.02,3.78,46.73,27.67,0.27,8.52,14.63,0.8,0,Safe
69.16,356.49,87.27,37.82,4.68,66.23,12.54,83.7,3,Critical
24.04,30.94,55.23,38.72,0.94,14.91,19.01,13.9,0,Safe
2.87,9.7,17.17,26.13,0.35,7.66,26.41,0.0,0,Safe
24.88,60.91,58.51,34.53,1.04,21.98,19.57,18.9,0,Safe
35.81,52.88,67.25,39.74,0.99,33.51,18.84,31.7,1,Watch
2.59,21.46,38.75,22.29,0.23,15.89,16.48,0.0,0,Safe
129.99,292.61,87.22,49.04,3.95,72.78,19.21,100.0,3,Critical
2.91,14.81,31.32,21.82,0.31,5.07,23.46,3.5,0,Safe
24.27,188.21,82.06,42.82,1.01,64.14,16.98,61.7,2,Warning
117.25,318.93,95.8,52.21,2.52,57.86,15.57,100.0,3,Critical
1.78,23.62,36.33,27.43,0.33,9.32,23.93,5.4,0,Safe
28.44,113.47,69.51,33.5,0.96,45.03,14.46,31.2,1,Watch
0.32,19.68,38.48,27.16,0.38,8.77,22.33,0.0,0,Safe
121.37,234.38,93.4,42.48,2.64,88.8,16.17,99.3,3,Critical
24.4,98.53,66.87,37.47,0.45,29.16,18.54,19.2,0,Safe
0.62,20.89,31.9,38.34,0.47,13.75,22.72,1.2,0,Safe
43.11,51.95,55.18,29.18,0.75,26.7,13.72,16.8,0,Safe
0.1,0.59,29.33,27.99,0.24,6.83,26.16,0.0,0,Safe
10.35,22.53,39.72,24.4,0.13,9.59,27.61,3.1,0,Safe
86.07,303.2,98.81,49.23,3.64,74.55,15.09,100.0,3,Critical
35.31,119.3,74.25,35.07,1.17,24.75,15.1,32.8,1,Watch
35.29,49.58,47.44,32.19,0.69,25.43,23.88,15.0,0,Safe
22.3,55.81,51.63,32.76,0.6,32.2,16.81,21.7,0,Safe
4.31,21.36,46.44,31.08,0.15,16.07,16.58,0.2,0,Safe
17.65,43.96,63.66,39.41,0.78,29.92,13.92,23.5,0,Safe
5.25,24.25,23.75,33.07,0.36,5.2,25.07,4.3,0,Safe
123.12,217.18,78.69,37.65,1.44,41.03,15.17,56.7,1,Watch
18.95,123.85,68.17,34.92,1.64,42.79,18.34,37.8,1,Watch
29.55,113.52,65.37,25.95,0.61,21.74,19.11,14.9,0,Safe
0.62,10.85,33.93,40.75,0.58,13.02,27.53,0.0,0,Safe
36.49,92.11,63.87,35.49,0.53,14.91,22.34,15.6,0,Safe
48.42,185.76,88.23,43.86,1.86,54.41,13.84,72.9,2,Warning
1.32,7.87,36.99,20.7,0.19,3.54,22.54,4.7,0,Safe
1.05,21.23,31.69,19.08,0.23,15.32,23.82,2.7,0,Safe
0.14,2.3,37.32,29.57,0.25,16.22,24.29,0.0,0,Safe
15.11,65.15,54.09,21.58,0.7,24.52,21.57,13.4,0,Safe
2.22,15.74,37.78,29.18,0.3,5.27,20.21,1.2,0,Safe
106.18,216.91,87.96,41.2,3.53,70.4,15.56,96.7,3,Critical
47.28,98.69,58.91,33.75,0.78,27.47,22.06,30.4,1,Watch
67.94,117.78,75.29,47.93,1.29,44.89,14.82,62.8,2,Warning
71.67,217.96,80.26,42.49,0.86,53.53,13.66,72.5,2,Warning
1.64,22.86,45.18,32.21,0.15,8.19,20.28,4.5,0,Safe
2.73,5.8,36.76,22.87,0.41,4.81,22.01,4.4,0,Safe
2.69,17.17,32.58,29.36,0.11,9.11,22.23,0.0,0,Safe
28.94,110.65,58.05,21.02,0.91,38.32,20.71,24.9,0,Safe
4.37,52.55,59.5,26.36,0.83,22.12,21.15,6.6,0,Safe
94.92,141.54,75.62,45.17,1.89,39.45,15.65,63.1,2,Warning
57.01,243.56,89.94,40.1,4.36,62.32,12.77,82.5,3,Critical
37.31,108.3,60.89,18.3,0.64,18.3,17.4,12.7,0,Safe
16.94,69.16,64.13,32.48,0.33,32.79,21.45,14.9,0,Safe
1.88,13.18,35.6,21.41,0.52,6.72,32.26,4.5,0,Safe
49.48,56.31,61.0,33.77,0.94,32.89,17.92,28.7,0,Safe
6.24,55.76,61.11,41.14,0.4,33.66,20.89,20.4,0,Safe
0.71,5.67,31.85,22.24,0.29,9.59,27.55,0.0,0,Safe
58.66,337.79,89.65,56.72,3.85,65.33,13.86,100.0,3,Critical
3.3,13.39,36.07,24.02,0.31,12.2,22.89,0.0,0,Safe
13.69,117.94,52.92,22.44,0.99,28.17,21.29,13.2,0,Safe
27.4,96.79,74.01,36.86,0.37,41.62,24.22,32.5,1,Watch
36.71,94.49,57.32,25.47,0.42,16.83,20.82,17.5,0,Safe
41.73,175.74,81.04,35.48,1.96,29.11,20.76,48.6,1,Watch
2.79,23.89,33.7,34.48,0.3,12.3,24.57,1.2,0,Safe
20.31,82.32,51.17,38.0,0.6,26.5,17.31,23.0,0,Safe
1.61,20.03,40.73,20.46,0.27,10.99,24.77,0.0,0,Safe
25.98,195.09,84.11,37.37,1.26,36.45,17.12,44.5,1,Watch
18.5,94.32,68.22,41.71,0.31,15.17,18.63,14.5,0,Safe
27.43,48.42,59.62,40.32,0.56,46.05,20.76,37.4,1,Watch
45.15,217.39,90.87,34.96,1.77,43.46,14.89,48.6,1,Watch
104.56,110.34,73.25,44.35,1.53,43.42,12.63,59.4,1,Watch
3.39,21.22,28.72,44.38,0.15,7.27,27.37,0.0,0,Safe
3.88,60.42,61.42,32.1,0.86,17.53,19.11,6.3,0,Safe
11.6,13.3,31.56,20.39,0.54,7.41,20.19,0.5,0,Safe
91.15,200.37,87.32,51.55,3.97,85.9,13.84,100.0,3,Critical
26.99,73.5,66.44,35.76,0.83,19.97,19.24,17.7,0,Safe
71.79,136.3,83.72,51.73,1.32,57.72,18.65,80.7,3,Critical
21.76,46.07,63.24,27.29,0.72,40.49,15.46,18.2,0,Safe
134.0,184.94,76.03,36.99,1.81,45.26,16.35,58.7,1,Watch
0.24,11.53,31.52,25.22,0.26,5.04,23.02,5.2,0,Safe
0.97,12.63,31.81,16.42,0.33,10.89,18.81,0.2,0,Safe
29.5,39.49,64.73,28.09,1.03,25.47,22.52,22.3,0,Safe
0.48,1.81,24.4,23.4,0.46,13.79,32.24,0.0,0,Safe
53.18,87.11,53.52,28.94,0.59,18.15,16.46,21.7,0,Safe
1.02,10.16,44.38,20.31,0.52,4.51,22.97,0.4,0,Safe
27.24,41.15,71.32,28.28,0.73,19.84,18.09,19.6,0,Safe
1.15,4.12,44.28,30.3,0.25,8.88,20.77,0.0,0,Safe
1.2,13.92,17.77,41.71,0.25,13.41,23.25,3.0,0,Safe
2.71,17.99,31.32,32.56,0.47,13.04,27.7,0.0,0,Safe
0.5,12.92,35.14,24.87,0.31,12.49,23.41,0.3,0,Safe
19.4,88.17,61.01,36.35,0.57,33.53,21.82,21.3,0,Safe
0.17,12.94,18.88,32.1,0.15,10.93,26.49,2.3,0,Safe
56.43,300.43,92.54,50.04,3.56,82.04,12.58,100.0,3,Critical
104.54,126.57,81.0,40.71,1.29,30.17,16.06,53.1,1,Watch
37.71,185.31,80.24,38.25,1.52,40.73,19.39,50.0,1,Watch
2.97,23.06,34.1,30.12,0.38,9.24,31.55,6.1,0,Safe
2.83,24.07,32.51,36.94,0.42,2.11,29.23,1.4,0,Safe
5.45,2.96,36.75,15.49,0.27,3.55,20.28,0.0,0,Safe
0.24,8.17,36.43,33.01,0.38,10.28,25.69,1.5,0,Safe
52.95,157.81,75.84,36.51,0.82,50.24,15.81,45.9,1,Watch
10.7,118.0,58.88,36.66,0.43,27.33,18.99,25.1,0,Safe
1.23,7.41,35.09,19.1,0.25,7.0,31.51,2.7,0,Safe
26.77,66.3,64.12,26.98,0.88,30.34,15.43,20.5,0,Safe
1.72,2.71,35.82,29.26,0.29,13.5,23.15,0.8,0,Safe
127.85,183.18,71.07,44.25,1.22,34.02,18.25,62.1,2,Warning
14.54,105.48,51.5,36.08,0.92,26.0,18.55,21.8,0,Safe
65.82,345.91,93.37,44.48,4.51,77.34,9.91,100.0,3,Critical
24.2,50.02,55.44,30.91,0.68,21.44,18.96,16.4,0,Safe
5.25,1.65,48.03,39.82,0.39,1.88,21.0,3.9,0,Safe
8.02,6.55,38.89,21.54,0.11,12.08,16.9,3.5,0,Safe
0.2,0.65,45.41,41.01,0.17,10.34,28.44,2.1,0,Safe
24.77,30.71,58.8,31.5,0.74,26.87,19.74,12.1,0,Safe
1.17,12.58,43.3,28.27,0.52,12.23,24.01,0.0,0,Safe
1.21,4.07,36.78,28.24,0.49,4.39,27.91,0.7,0,Safe
46.45,91.29,45.87,36.91,0.5,32.48,20.49,23.0,0,Safe
27.19,55.15,71.45,19.54,0.78,22.39,18.84,12.4,0,Safe
0.5,1.89,37.85,22.54,0.23,17.3,25.25,3.5,0,Safe
2.64,5.17,30.78,26.45,0.15,11.74,19.37,5.2,0,Safe
88.85,213.2,96.75,47.06,3.87,55.87,13.43,100.0,3,Critical
50.82,194.52,87.54,30.57,0.97,32.61,15.23,45.2,1,Watch
47.36,128.38,77.11,33.71,1.95,38.82,17.57,46.2,1,Watch
8.63,91.73,75.9,45.13,0.57,26.38,18.7,26.0,0,Safe
21.25,72.43,69.77,33.61,0.61,30.04,19.15,25.5,0,Safe
56.5,138.07,86.48,37.02,1.64,42.53,14.97,53.1,1,Watch
82.92,115.47,73.12,36.88,1.81,23.7,19.69,44.4,1,Watch
4.52,6.94,42.46,27.89,0.58,3.97,27.24,0.0,0,Safe
92.95,366.49,95.67,38.73,3.37,62.97,9.86,84.1,3,Critical
62.4,239.71,88.43,55.1,3.71,82.14,18.39,100.0,3,Critical
0.29,3.99,51.44,23.55,0.36,20.44,23.8,2.6,0,Safe
0.44,7.2,39.18,39.17,0.24,5.49,27.47,0.0,0,Safe
39.2,38.8,61.1,23.62,0.64,29.01,19.66,20.4,0,Safe
2.42,10.37,28.02,18.47,0.44,3.28,18.08,1.7,0,Safe
4.56,23.76,31.87,32.71,0.36,11.26,18.57,3.0,0,Safe
7.84,5.24,42.69,26.86,0.31,14.51,23.02,5.2,0,Safe
13.1,202.21,82.13,38.7,1.29,58.69,14.36,58.4,1,Watch
2.22,18.74,27.71,19.15,0.52,9.04,21.49,2.8,0,Safe
45.45,181.48,77.92,34.74,1.02,48.47,20.24,49.2,1,Watch
4.84,4.21,22.48,19.56,0.46,12.07,16.62,1.8,0,Safe
59.09,130.37,74.73,47.56,1.05,51.83,13.15,64.7,2,Warning
29.36,187.14,83.25,34.69,0.89,23.88,13.37,36.2,1,Watch
53.18,101.17,53.04,36.72,0.83,19.72,18.18,23.1,0,Safe
8.53,17.41,33.3,24.23,0.41,8.79,19.27,5.6,0,Safe
4.87,8.94,27.4,28.6,0.47,4.94,25.01,0.0,0,Safe
25.53,103.5,63.14,43.11,0.37,23.83,18.82,23.9,0,Safe
39.7,103.78,49.08,31.29,0.51,28.34,19.17,19.6,0,Safe
0.21,17.43,43.63,17.46,0.17,14.05,19.22,8.9,0,Safe
52.79,220.02,91.32,56.32,3.23,90.05,15.54,100.0,3,Critical
0.94,14.95,38.96,33.67,0.38,11.24,27.42,0.0,0,Safe
0.98,9.18,30.59,34.25,0.58,5.24,6.14,2.4,0,Safe
113.2,267.2,92.03,42.9,1.82,53.69,15.56,81.2,3,Critical
29.03,160.28,87.36,36.86,1.5,47.31,16.79,52.1,1,Watch
1.17,14.91,42.47,17.67,0.36,14.3,21.75,0.4,0,Safe
0.84,6.12,24.21,43.34,0.3,11.77,27.18,2.6,0,Safe
15.3,128.83,81.06,36.17,0.89,40.11,14.16,33.4,1,Watch
23.97,114.36,64.36,22.88,0.96,17.76,25.22,14.4,0,Safe
68.55,265.52,97.7,55.07,3.93,74.26,18.09,100.0,3,Critical
2.02,19.24,36.66,36.6,0.18,5.78,25.06,9.6,0,Safe
19.16,74.46,68.71,38.16,0.43,17.01,23.89,10.0,0,Safe
16.13,38.1,70.4,27.4,0.32,28.1,22.94,9.9,0,Safe
35.31,118.12,84.68,43.52,1.28,44.94,17.63,54.9,1,Watch
44.03,73.41,50.48,37.19,0.86,29.81,24.09,33.1,1,Watch
50.93,196.16,82.08,39.62,0.89,42.98,13.43,53.4,1,Watch
92.3,200.34,78.19,45.19,1.19,58.64,15.63,80.7,3,Critical
46.87,149.92,78.59,44.4,1.97,54.24,12.32,64.7,2,Warning
44.08,217.14,89.15,38.45,1.35,37.33,18.97,51.1,1,Watch
0.58,16.07,43.74,31.18,0.49,13.13,20.15,5.4,0,Safe
12.83,99.54,77.61,25.11,0.89,28.67,18.42,15.3,0,Safe
9.28,6.9,45.49,30.08,0.42,14.07,25.47,3.5,0,Safe
7.01,13.39,49.78,20.54,0.21,10.88,18.47,0.0,0,Safe
40.9,89.71,54.68,39.75,0.58,41.5,18.91,29.9,0,Safe
14.67,111.05,48.28,38.09,0.3,24.03,23.13,25.8,0,Safe
0.49,17.7,29.5,36.85,0.5,13.36,16.4,0.0,0,Safe
21.5,89.1,52.82,30.01,0.77,28.06,20.03,18.4,0,Safe
22.24,55.17,62.41,45.13,0.91,30.53,22.49,30.1,1,Watch
0.18,16.95,37.74,24.42,0.52,11.75,25.53,3.3,0,Safe
0.61,0.21,36.73,26.24,0.42,12.2,30.29,1.0,0,Safe
85.93,143.54,90.67,35.64,1.76,35.73,19.42,54.6,1,Watch
2.88,3.83,31.69,28.11,0.42,11.59,23.92,0.0,0,Safe
3.53,12.22,39.32,24.41,0.22,21.61,23.63,2.6,0,Safe
87.01,307.34,86.63,53.34,2.0,64.75,14.74,100.0,3,Critical
5.17,11.43,43.8,29.71,0.34,6.63,24.24,4.9,0,Safe
8.98,7.51,35.33,44.32,0.5,13.72,26.84,4.4,0,Safe
1.56,8.38,33.98,26.03,0.4,10.75,25.44,0.0,0,Safe
72.39,326.92,86.85,56.15,2.7,59.96,14.85,100.0,3,Critical
36.13,148.78,78.41,44.37,1.35,31.65,19.55,43.8,1,Watch
24.9,103.41,58.77,45.66,0.32,39.99,19.84,38.2,1,Watch
51.75,159.79,80.39,43.86,1.91,51.29,15.02,64.2,2,Warning
98.01,191.71,87.88,39.42,1.09,56.09,14.83,73.5,2,Warning
4.25,19.7,30.11,22.01,0.35,8.21,26.9,2.0,0,Safe
0.8,3.06,32.36,29.57,0.56,11.76,24.55,0.0,0,Safe
28.47,119.7,60.63,37.19,1.02,23.52,18.0,30.9,1,Watch
73.9,319.48,95.81,40.59,3.25,52.43,11.97,93.7,3,Critical
36.12,186.61,73.99,41.88,1.5,53.18,21.36,59.3,1,Watch
37.99,95.49,70.29,25.38,0.58,13.58,16.01,13.2,0,Safe
2.64,8.46,21.89,24.37,0.39,8.86,25.18,0.0,0,Safe
2.01,81.34,58.82,35.18,0.94,21.7,20.54,12.3,0,Safe
1.26,23.46,16.98,29.45,0.6,17.35,27.26,0.8,0,Safe
10.67,24.22,47.9,22.21,0.22,9.91,22.7,2.2,0,Safe
0.4,22.74,16.15,26.8,0.37,14.08,33.62,4.8,0,Safe
10.18,9.74,23.73,29.66,0.3,3.07,32.77,0.7,0,Safe
72.35,297.33,92.27,44.38,3.97,68.1,15.57,100.0,3,Critical
48.18,120.28,83.42,41.2,1.57,46.19,16.82,57.6,1,Watch
2.02,6.75,27.7,26.41,0.29,15.08,30.62,0.0,0,Safe
1.42,17.9,23.04,30.1,0.57,16.38,22.03,3.4,0,Safe
12.63,78.79,67.05,27.54,0.87,28.66,19.08,15.1,0,Safe
1.03,5.35,49.44,23.18,0.41,8.55,22.64,4.7,0,Safe
21.13,93.97,62.33,34.15,0.95,26.5,16.98,22.7,0,Safe
28.94,38.56,61.78,24.74,0.93,32.46,18.82,11.8,0,Safe
2.76,83.64,80.22,30.04,1.17,35.96,16.43,22.3,0,Safe
4.37,23.58,26.38,26.86,0.23,13.81,19.45,0.0,0,Safe
0.3,17.73,38.5,10.0,0.29,5.81,17.74,0.3,0,Safe
45.12,211.7,76.29,37.47,1.54,48.29,18.0,55.0,1,Watch
1.02,8.37,42.51,16.88,0.23,11.36,22.81,1.3,0,Safe
24.43,175.54,72.28,29.43,0.91,37.9,17.27,28.0,0,Safe
67.59,126.53,83.53,40.31,1.34,49.53,12.26,61.2,2,Warning
35.82,166.03,81.91,30.88,1.39,50.53,9.33,43.9,1,Watch
0.65,18.42,30.74,24.35,0.53,8.95,23.19,0.0,0,Safe
6.78,80.08,41.99,23.17,0.52,34.04,14.86,11.9,0,Safe
101.64,194.15,95.01,50.35,2.37,63.67,11.05,95.8,3,Critical
26.02,49.44,68.28,30.92,0.53,28.32,18.05,16.0,0,Safe
7.59,17.92,47.94,39.08,0.58,9.32,23.97,5.3,0,Safe
66.51,173.17,72.75,34.74,1.8,41.93,16.33,59.1,1,Watch
27.94,48.69,62.66,26.66,0.47,14.59,12.79,18.1,0,Safe
56.53,313.81,89.26,38.24,3.81,89.37,16.86,89.5,3,Critical
37.08,219.22,76.28,35.99,0.98,44.02,11.75,48.0,1,Watch
3.4,16.52,22.15,19.74,0.34,10.41,29.89,6.6,0,Safe
9.88,171.32,83.08,28.88,1.54,35.81,17.02,22.9,0,Safe
0.18,15.68,43.31,29.55,0.46,10.55,21.92,6.4,0,Safe
0.72,16.9,46.1,24.42,0.43,10.19,18.37,0.0,0,Safe
101.77,118.68,84.05,35.4,1.06,53.22,16.92,58.8,1,Watch
12.84,32.37,60.22,29.33,0.87,19.98,21.43,9.3,0,Safe
48.27,164.6,73.27,40.07,1.86,40.04,17.06,61.8,2,Warning
1.25,14.26,24.07,23.33,0.5,10.76,25.0,5.5,0,Safe
35.91,197.49,83.47,44.57,1.67,40.49,13.72,56.0,1,Watch
0.2,21.06,36.15,24.58,0.18,14.3,24.88,1.4,0,Safe
73.6,337.65,86.82,38.6,2.75,70.67,12.06,83.2,3,Critical
71.43,193.66,96.34,51.87,4.15,74.4,8.8,100.0,3,Critical
37.42,165.18,71.07,33.38,1.81,37.72,18.6,43.1,1,Watch
10.43,87.56,77.49,38.7,1.19,30.36,19.47,30.2,1,Watch
2.08,1.12,37.74,23.74,0.35,15.89,15.91,0.0,0,Safe
125.01,270.99,97.74,46.03,4.04,75.17,15.83,100.0,3,Critical
43.47,116.24,68.17,35.19,1.04,24.51,23.25,32.3,1,Watch
1.24,7.68,28.4,31.34,0.51,13.1,24.19,3.9,0,Safe
1.7,8.02,20.15,28.01,0.12,12.97,21.28,2.3,0,Safe
0.61,5.81,45.8,34.6,0.47,10.44,22.74,6.5,0,Safe
1.04,6.62,27.11,36.29,0.21,6.29,26.38,1.4,0,Safe
20.55,58.12,55.83,20.36,0.6,36.38,18.26,12.9,0,Safe
52.23,350.2,88.6,45.58,2.52,55.97,14.52,84.4,3,Critical
2.25,0.99,30.14,19.81,0.46,11.65,29.66,1.4,0,Safe
1.73,21.47,36.61,32.95,0.31,4.13,22.0,2.7,0,Safe
16.45,92.57,49.72,41.15,0.58,20.52,21.11,21.1,0,Safe
13.85,75.66,60.12,34.39,0.98,29.06,23.91,22.7,0,Safe
1.51,22.73,41.49,28.68,0.59,8.64,23.9,5.4,0,Safe
27.31,115.8,57.95,21.34,0.59,30.23,18.79,22.3,0,Safe
5.69,16.07,35.51,33.45,0.27,13.92,27.15,4.6,0,Safe
29.66,39.65,77.35,31.63,0.79,36.59,22.1,27.2,0,Safe
17.25,112.43,66.06,39.85,0.59,25.16,19.74,19.9,0,Safe
3.84,22.53,28.33,26.52,0.57,11.15,25.09,7.1,0,Safe
0.35,14.5,34.59,22.62,0.19,9.21,25.43,0.0,0,Safe
114.36,227.64,85.62,48.44,1.85,67.82,18.61,95.7,3,Critical
15.89,106.88,53.63,32.99,0.56,22.31,22.5,18.1,0,Safe
12.64,64.91,68.77,31.7,0.67,19.78,21.89,13.1,0,Safe
45.14,180.1,79.4,44.79,1.74,56.23,15.0,68.0,2,Warning
100.91,273.17,87.07,44.64,3.28,91.83,17.1,100.0,3,Critical
34.27,193.86,78.43,42.91,1.4,62.11,10.35,69.5,2,Warning
1.42,3.16,34.26,34.27,0.16,8.93,22.3,1.1,0,Safe
2.62,19.5,40.87,28.31,0.49,18.43,20.02,3.3,0,Safe
36.49,198.41,87.06,35.54,1.64,61.21,17.81,60.7,2,Warning
0.79,2.44,46.86,26.77,0.22,7.73,25.99,1.3,0,Safe
0.38,24.52,48.1,25.06,0.54,11.72,28.43,2.8,0,Safe
0.66,8.92,37.83,23.65,0.39,12.48,20.97,8.3,0,Safe
34.04,96.27,62.01,26.64,0.8,32.78,20.53,25.3,0,Safe
4.1,19.49,41.33,33.26,0.27,4.93,23.48,5.0,0,Safe
3.27,3.49,30.3,27.5,0.55,7.96,20.46,0.0,0,Safe
22.01,76.26,62.54,46.63,0.41,18.26,21.05,21.3,0,Safe
4.92,47.14,56.75,32.12,1.16,27.8,15.89,17.1,0,Safe
12.03,30.87,74.01,19.92,0.55,34.45,20.97,10.6,0,Safe
2.4,13.81,37.16,22.79,0.44,5.0,20.21,3.0,0,Safe
1.09,1.96,46.96,37.99,0.37,12.22,22.42,0.9,0,Safe
126.26,277.8,87.28,51.35,3.0,78.21,13.67,100.0,3,Critical
18.6,71.17,72.58,34.34,1.09,18.63,16.81,21.2,0,Safe
8.74,19.74,38.03,24.24,0.56,10.49,31.43,1.4,0,Safe
51.09,128.44,73.81,42.1,1.73,47.12,12.17,60.2,2,Warning
8.09,80.73,73.71,32.45,1.07,29.92,23.03,25.5,0,Safe
24.06,87.12,62.61,41.81,0.8,18.6,13.8,23.1,0,Safe
27.46,37.4,50.73,32.38,1.08,28.59,20.96,17.4,0,Safe
33.64,133.24,80.62,30.99,1.48,41.78,19.26,41.0,1,Watch
8.19,20.29,45.53,16.87,0.35,12.26,26.08,4.2,0,Safe
1.69,1.1,30.56,34.1,0.19,3.05,28.09,0.0,0,Safe
1.43,19.84,35.35,32.8,0.46,4.89,20.15,0.0,0,Safe
3.53,23.22,35.29,38.67,0.26,7.32,17.82,4.8,0,Safe
90.8,206.08,92.77,56.15,3.65,77.12,19.62,100.0,3,Critical
62.96,107.27,46.57,28.0,0.45,33.44,19.89,25.7,0,Safe
16.74,82.84,54.79,30.16,0.82,32.1,25.68,22.5,0,Safe
84.33,209.38,79.09,30.64,1.7,55.5,13.75,58.6,1,Watch
49.22,122.14,63.38,31.57,1.05,40.86,12.07,39.7,1,Watch
0.93,16.75,33.04,21.85,0.13,10.24,24.8,0.0,0,Safe
125.25,258.21,87.08,52.03,2.39,58.79,11.5,100.0,3,Critical
17.46,76.5,62.3,36.61,0.33,41.59,20.78,26.8,0,Safe
0.76,10.9,30.98,18.67,0.14,9.88,18.08,2.9,0,Safe
36.53,111.83,75.65,30.87,1.68,43.87,17.25,37.1,1,Watch
3.29,2.03,31.49,27.29,0.13,18.95,30.77,2.0,0,Safe
15.54,46.24,59.48,32.34,1.16,21.63,19.64,14.0,0,Safe
54.23,98.38,57.8,31.49,1.06,25.71,20.72,28.7,0,Safe
2.3,8.33,35.84,26.74,0.53,13.94,29.19,3.0,0,Safe
113.48,197.75,91.83,38.72,1.91,91.08,13.25,82.0,3,Critical
1.43,1.05,33.68,20.56,0.47,12.77,24.5,0.0,0,Safe
41.09,107.57,62.77,34.43,0.69,19.13,18.08,20.8,0,Safe
58.47,170.01,77.35,38.19,1.23,51.73,17.13,59.3,1,Watch
7.93,9.14,43.03,39.78,0.27,10.85,26.18,3.5,0,Safe
23.72,88.08,62.42,29.65,0.99,25.16,20.01,18.1,0,Safe
70.68,242.8,97.86,40.05,3.83,77.58,15.12,98.5,3,Critical
22.71,216.48,66.01,29.67,1.43,51.77,14.0,43.5,1,Watch
1.36,2.22,45.23,23.5,0.13,6.44,23.34,1.2,0,Safe
13.16,16.7,35.82,23.12,0.3,5.19,21.81,7.1,0,Safe
29.29,95.69,52.87,34.16,1.06,24.38,17.39,27.5,0,Safe
51.83,217.37,92.11,55.67,3.78,72.04,11.18,100.0,3,Critical
1.54,5.78,25.95,27.21,0.28,11.61,30.93,0.0,0,Safe
44.84,175.18,84.24,41.58,1.39,39.62,15.13,54.3,1,Watch
5.53,7.99,35.41,22.64,0.28,12.31,16.31,0.0,0,Safe
3.53,1.1,41.42,38.09,0.4,8.57,23.39,0.0,0,Safe
23.15,77.86,66.21,43.51,0.37,30.22,21.54,28.1,0,Safe
0.39,8.18,24.33,16.19,0.17,13.72,21.96,0.0,0,Safe
30.45,53.53,60.02,34.68,0.93,34.34,14.58,26.6,0,Safe
1.89,10.7,37.94,40.49,0.22,12.82,23.75,1.4,0,Safe
18.3,60.24,65.02,48.59,0.39,32.52,22.25,25.6,0,Safe
1.74,13.13,40.35,26.87,0.16,10.17,25.55,4.4,0,Safe
30.64,212.6,81.5,33.26,1.82,49.64,17.4,51.5,1,Watch
0.16,23.72,47.63,15.71,0.45,14.04,22.4,1.4,0,Safe
66.91,207.29,87.96,30.57,1.69,49.86,11.56,53.5,1,Watch
64.47,309.16,98.34,37.54,3.68,55.82,16.11,78.8,2,Warning
0.99,20.87,26.7,24.85,0.45,11.56,29.55,1.3,0,Safe
60.47,113.47,81.46,30.5,1.3,31.79,17.87,38.8,1,Watch
15.27,103.35,46.12,40.16,0.33,31.19,20.53,18.1,0,Safe
0.2,18.46,37.57,17.81,0.2,10.7,25.58,4.1,0,Safe
0.5,0.77,30.44,31.59,0.17,9.74,24.67,1.5,0,Safe
2.44,11.59,41.31,25.1,0.49,11.18,27.78,0.3,0,Safe
4.05,0.38,36.45,25.65,0.54,15.24,22.98,0.4,0,Safe
12.18,118.0,52.64,26.64,0.86,32.48,18.99,28.1,0,Safe
12.39,59.32,53.74,27.09,1.17,27.0,22.73,16.5,0,Safe
93.64,198.39,93.78,45.11,3.59,57.73,19.93,92.5,3,Critical
7.8,94.59,58.81,20.96,1.13,39.04,23.18,20.2,0,Safe
79.28,121.56,85.0,52.05,1.89,48.23,14.4,80.2,3,Critical
22.19,65.71,55.18,40.32,0.39,31.07,16.5,21.6,0,Safe
35.95,149.0,87.73,47.24,1.3,38.26,17.3,53.7,1,Watch
0.29,18.33,38.17,13.46,0.12,10.12,20.48,0.0,0,Safe
1.85,15.17,31.03,39.24,0.47,7.16,21.68,9.1,0,Safe
1.8,14.05,45.89,33.77,0.48,12.79,17.92,3.8,0,Safe
7.23,16.27,27.59,30.64,0.3,10.81,20.77,2.4,0,Safe
3.83,11.7,37.62,34.71,0.16,14.23,20.43,1.0,0,Safe
87.28,298.58,92.98,51.3,2.74,89.01,15.85,100.0,3,Critical
40.22,174.75,76.36,42.79,1.0,37.17,16.94,52.2,1,Watch
30.79,40.54,46.22,29.87,0.61,36.16,9.96,17.3,0,Safe
121.45,372.29,86.7,56.03,4.4,78.17,10.77,100.0,3,Critical
16.7,66.77,47.74,30.65,0.87,25.09,16.74,22.8,0,Safe
0.69,10.07,43.31,25.89,0.21,11.43,24.38,0.8,0,Safe
52.75,339.36,89.04,53.11,4.29,77.37,13.95,100.0,3,Critical
2.09,21.55,48.08,36.47,0.15,18.91,32.99,2.9,0,Safe
37.54,62.8,71.22,38.29,0.9,35.77,15.32,33.1,1,Watch
11.2,55.31,52.27,28.23,0.41,32.99,16.8,14.4,0,Safe
0.16,14.83,30.28,39.87,0.59,10.05,24.62,1.5,0,Safe
37.78,119.17,79.88,43.81,1.06,59.15,18.67,61.5,2,Warning
112.38,247.86,96.66,55.79,4.37,82.16,15.5,100.0,3,Critical
0.25,8.23,25.37,30.5,0.42,12.49,26.63,2.8,0,Safe
2.64,7.4,33.37,24.47,0.44,4.15,22.09,0.0,0,Safe
0.32,23.17,36.32,31.73,0.39,18.63,18.43,2.1,0,Safe
0.19,16.36,32.93,30.24,0.38,12.46,23.29,0.0,0,Safe
1.36,17.18,36.28,28.83,0.48,18.27,29.31,6.1,0,Safe
57.08,71.75,75.56,37.24,0.47,45.73,19.36,46.2,1,Watch
71.29,205.49,76.49,38.61,1.51,46.41,17.11,60.4,2,Warning
19.87,109.62,56.86,31.26,1.02,31.98,23.08,26.1,0,Safe
2.11,10.95,41.36,36.16,0.46,6.11,20.89,1.6,0,Safe
0.23,2.22,18.18,36.87,0.34,10.56,31.37,0.0,0,Safe
35.48,44.5,66.26,39.61,1.07,39.67,21.01,33.9,1,Watch
0.95,15.34,51.02,38.2,0.52,2.65,25.46,4.1,0,Safe
1.16,6.35,37.64,21.07,0.16,15.82,23.94,0.1,0,Safe
80.75,208.97,75.76,34.3,1.3,38.85,14.35,57.4,1,Watch
4.34,43.36,53.32,30.39,0.72,41.97,17.18,16.0,0,Safe
60.25,160.89,86.26,25.4,1.77,52.59,11.05,51.4,1,Watch
1.58,15.26,36.85,24.39,0.4,11.05,27.33,3.6,0,Safe
88.44,325.43,87.37,47.11,4.01,52.02,12.54,89.1,3,Critical
2.25,12.18,36.47,23.36,0.27,0.58,23.44,3.7,0,Safe
0.51,21.46,32.44,35.53,0.16,9.62,27.36,5.4,0,Safe
62.06,203.54,77.1,23.58,1.36,38.18,12.04,41.6,1,Watch
4.05,8.35,31.76,29.34,0.57,8.67,24.74,0.0,0,Safe
91.19,321.93,86.22,50.8,4.48,87.84,11.21,100.0,3,Critical
46.73,206.66,87.15,50.91,1.56,41.35,16.64,65.0,2,Warning
12.36,72.65,76.95,40.91,0.97,27.44,15.92,24.3,0,Safe
0.17,18.01,44.4,20.5,0.33,11.99,26.12,0.0,0,Safe
13.68,128.41,67.6,30.73,1.78,39.28,21.77,31.9,1,Watch
84.82,143.63,71.15,24.75,1.0,51.91,15.52,42.1,1,Watch
2.97,6.02,30.34,33.02,0.59,10.6,24.3,0.0,0,Safe
5.69,9.45,30.05,29.83,0.31,8.13,26.64,0.5,0,Safe
8.1,117.35,52.66,25.14,0.65,31.59,19.08,18.6,0,Safe
0.38,10.3,33.21,29.08,0.22,8.64,30.66,0.0,0,Safe
4.51,12.22,25.63,34.23,0.22,9.46,21.82,0.0,0,Safe
44.08,53.72,61.01,34.96,0.87,28.23,14.33,29.1,0,Safe
63.52,214.19,79.45,51.64,1.91,24.53,15.42,68.0,2,Warning
4.43,59.43,65.58,23.29,0.3,15.08,19.11,10.1,0,Safe
1.39,21.49,32.49,23.05,0.15,7.91,25.65,7.4,0,Safe
55.72,165.28,73.92,44.17,0.87,50.0,14.35,64.0,2,Warning
2.67,23.0,45.36,18.77,0.42,10.07,17.92,0.0,0,Safe
79.95,186.12,85.18,39.4,1.31,59.28,11.05,70.4,2,Warning
86.2,316.22,97.06,46.35,1.99,53.31,14.58,87.7,3,Critical
26.26,145.89,74.26,35.69,0.96,48.85,13.49,39.5,1,Watch
1.29,12.63,47.99,37.64,0.17,8.89,24.83,1.3,0,Safe
52.07,305.93,85.19,54.81,4.58,83.47,14.24,100.0,3,Critical
9.4,36.46,51.07,34.36,0.67,25.15,15.86,10.8,0,Safe
13.25,107.46,48.08,34.0,0.85,36.77,17.78,22.6,0,Safe
22.88,198.02,75.54,46.0,1.65,48.64,17.87,62.0,2,Warning
23.75,53.8,65.44,37.08,1.17,36.32,20.52,33.6,1,Watch
18.45,100.31,67.69,27.67,0.77,30.44,16.76,21.8,0,Safe
3.84,24.55,31.59,29.87,0.5,5.84,22.62,9.8,0,Safe
3.44,0.53,36.17,19.11,0.16,12.99,23.7,0.3,0,Safe
3.28,21.75,45.05,27.03,0.55,7.05,22.04,0.5,0,Safe
74.15,373.73,91.36,51.65,2.08,65.27,20.32,100.0,3,Critical
1.48,14.39,30.6,18.31,0.16,16.4,20.18,5.6,0,Safe
34.96,30.84,56.05,34.65,0.95,28.46,21.16,23.0,0,Safe
1.47,12.83,30.27,29.76,0.32,11.16,22.54,2.8,0,Safe
15.4,37.5,71.81,29.93,0.57,34.49,21.69,19.8,0,Safe
13.47,149.77,75.79,37.12,1.99,47.75,18.92,48.9,1,Watch
2.98,1.19,39.07,32.11,0.48,12.19,25.38,0.7,0,Safe
4.44,14.39,35.3,30.43,0.49,5.07,25.84,2.4,0,Safe
35.77,153.63,83.67,41.57,1.44,47.85,16.74,59.5,1,Watch
1.03,17.3,50.59,18.91,0.19,14.6,18.14,6.2,0,Safe
28.95,191.47,82.15,46.4,1.77,51.76,15.99,66.0,2,Warning
89.51,133.55,82.78,27.53,1.39,58.35,21.76,55.8,1,Watch
60.9,202.17,80.36,36.72,1.17,45.74,15.14,59.0,1,Watch
0.46,21.41,5.92,40.49,0.38,9.94,24.34,2.9,0,Safe
12.7,53.43,50.58,31.75,0.64,21.29,16.68,9.3,0,Safe
2.29,0.93,49.25,25.38,0.15,9.64,21.03,0.2,0,Safe
1.8,3.18,38.59,39.71,0.4,14.18,23.88,0.0,0,Safe
7.97,95.86,54.87,39.57,0.61,18.33,18.56,10.7,0,Safe
17.63,110.63,82.02,23.04,0.77,28.14,16.88,19.7,0,Safe
72.72,192.81,81.43,46.63,1.04,58.52,10.67,80.6,3,Critical
52.33,41.65,61.44,34.26,0.5,25.02,22.55,17.4,0,Safe
1.15,3.87,31.01,36.64,0.52,6.33,12.29,0.1,0,Safe
5.72,16.26,45.44,28.34,0.37,9.23,21.04,2.4,0,Safe
17.73,83.95,71.99,39.75,0.34,44.33,18.73,35.7,1,Watch
3.54,23.46,38.63,35.7,0.41,10.27,25.08,0.0,0,Safe
124.39,331.99,85.55,37.85,3.62,66.69,15.19,86.5,3,Critical
1.47,19.38,37.04,24.82,0.45,9.67,27.58,0.5,0,Safe
35.02,81.02,51.46,34.16,0.63,27.63,16.84,26.4,0,Safe
5.61,0.23,33.56,20.79,0.35,14.88,30.26,0.0,0,Safe
49.22,44.07,70.01,17.92,0.71,21.94,22.25,11.7,0,Safe
1.37,9.93,33.52,36.06,0.24,6.84,30.76,4.1,0,Safe
11.3,82.82,50.19,35.71,0.68,13.45,14.37,9.5,0,Safe
2.72,12.07,39.67,29.73,0.25,8.66,26.44,2.3,0,Safe
100.99,237.83,89.53,37.05,4.22,63.88,11.45,85.8,3,Critical
0.16,6.32,28.99,29.38,0.26,13.07,22.99,5.8,0,Safe
50.15,53.99,72.14,37.87,0.56,30.73,19.19,25.1,0,Safe
28.69,113.03,52.25,32.73,0.53,30.53,14.49,29.0,0,Safe
0.9,18.11,28.03,31.66,0.51,8.24,25.3,1.7,0,Safe
1.94,13.06,29.15,21.07,0.53,15.77,20.36,0.2,0,Safe
1.2,4.16,16.03,36.6,0.15,12.19,26.14,0.0,0,Safe
5.25,6.17,43.44,37.6,0.11,14.73,18.76,1.6,0,Safe
14.57,60.3,79.59,35.71,0.36,40.45,15.4,28.4,0,Safe
1.05,1.39,27.52,41.36,0.13,17.39,23.54,0.0,0,Safe
1.6,6.88,40.71,18.46,0.36,13.82,24.45,8.6,0,Safe
0.27,16.6,28.55,34.54,0.56,11.69,27.25,3.2,0,Safe
24.21,87.64,57.54,33.58,0.42,13.11,26.73,11.1,0,Safe
3.07,22.44,41.77,24.26,0.21,6.48,14.48,0.0,0,Safe
6.96,5.0,31.62,26.05,0.53,9.62,21.65,0.6,0,Safe
0.61,2.52,41.34,28.48,0.21,8.7,22.39,0.0,0,Safe
16.18,50.32,57.54,30.07,0.53,27.45,23.54,13.8,0,Safe
76.76,364.44,85.01,57.9,4.61,61.28,14.57,100.0,3,Critical
9.79,32.64,75.89,35.75,1.17,31.99,23.23,21.4,0,Safe
22.37,45.65,69.08,23.96,0.85,20.99,25.53,7.4,0,Safe
71.57,378.39,93.46,37.62,3.75,90.06,13.98,95.1,3,Critical
126.71,294.56,95.64,41.37,4.19,64.81,9.56,96.1,3,Critical
8.42,23.12,48.21,13.89,0.37,4.71,24.94,5.0,0,Safe
6.34,18.21,38.47,24.15,0.55,14.53,18.38,0.0,0,Safe
2.56,1.75,54.59,25.46,0.34,11.95,23.49,0.0,0,Safe
5.63,9.85,42.93,27.53,0.44,10.0,23.46,2.5,0,Safe
109.49,296.75,89.11,39.55,2.22,89.69,12.67,88.8,3,Critical
5.5,16.85,48.46,38.73,0.18,16.85,22.79,5.2,0,Safe
71.47,158.22,78.22,37.91,1.5,38.17,14.5,54.6,1,Watch
19.19,110.7,73.57,29.31,0.35,22.93,17.98,18.1,0,Safe
99.32,222.8,90.34,50.85,3.82,88.61,8.98,100.0,3,Critical
19.1,30.41,59.12,33.13,0.83,16.33,16.83,12.7,0,Safe
24.01,94.17,80.4,40.56,0.67,15.75,16.73,25.9,0,Safe
87.24,205.11,90.06,56.57,3.0,83.51,9.55,100.0,3,Critical
5.04,20.08,35.32,11.54,0.11,9.83,24.34,0.0,0,Safe
54.77,97.72,87.26,27.02,0.55,32.2,19.66,32.0,1,Watch
4.93,84.05,57.94,23.17,0.56,20.19,17.58,10.8,0,Safe
0.77,2.58,37.53,38.7,0.46,11.72,29.29,0.0,0,Safe
4.02,23.67,34.3,30.48,0.18,6.04,19.47,7.0,0,Safe
40.34,87.91,59.8,32.0,0.38,30.95,15.88,26.5,0,Safe
88.29,169.99,72.11,37.53,1.18,39.4,10.1,44.9,1,Watch
18.54,62.46,71.73,28.32,0.46,31.79,20.32,17.2,0,Safe
0.88,21.59,29.43,22.68,0.1,12.19,27.87,0.0,0,Safe
33.38,108.73,58.13,25.05,0.56,29.02,19.97,23.5,0,Safe
1.75,9.21,38.91,27.43,0.18,7.2,29.25,2.8,0,Safe
2.84,4.7,40.55,34.97,0.42,10.15,27.02,0.0,0,Safe
4.62,0.37,40.64,36.47,0.21,16.36,26.3,0.0,0,Safe
1.17,22.59,35.53,35.33,0.57,9.92,14.2,4.7,0,Safe
62.78,65.82,59.63,24.86,0.49,38.86,21.75,28.0,0,Safe
55.51,88.09,63.33,34.02,0.85,29.61,18.32,30.8,1,Watch
49.21,192.03,84.28,41.39,0.85,44.69,17.0,53.0,1,Watch
2.26,0.37,34.98,30.15,0.52,14.18,26.94,0.0,0,Safe
31.46,112.52,49.87,20.13,0.88,20.07,13.84,15.5,0,Safe
13.65,118.32,77.09,37.42,0.73,15.87,22.32,15.8,0,Safe
6.62,17.88,31.55,30.4,0.2,12.99,24.94,4.9,0,Safe
4.02,20.04,35.9,25.85,0.28,11.41,21.21,1.2,0,Safe
53.57,225.45,91.06,40.9,3.62,74.01,7.31,93.1,3,Critical
84.81,327.02,90.95,55.01,2.24,55.45,10.75,100.0,3,Critical
1.64,23.81,45.88,25.2,0.22,13.11,28.86,1.3,0,Safe
0.35,5.22,39.91,32.57,0.34,8.49,28.28,7.8,0,Safe
17.1,61.54,57.87,37.21,0.87,35.46,17.27,34.7,1,Watch
1.27,23.66,36.8,31.43,0.5,12.44,23.12,2.7,0,Safe
28.92,71.27,63.06,18.17,0.58,31.47,12.63,15.0,0,Safe
0.48,8.64,40.59,32.74,0.15,13.08,32.93,3.1,0,Safe
38.53,105.64,65.1,26.34,0.42,27.53,17.78,20.8,0,Safe
85.17,219.61,84.71,25.5,1.89,53.84,12.46,58.7,1,Watch
5.67,0.09,33.28,32.49,0.3,10.46,26.53,3.6,0,Safe
1.17,6.31,39.69,25.85,0.35,12.92,32.22,2.8,0,Safe
44.05,119.51,59.88,37.52,0.49,26.25,25.5,27.0,0,Safe
23.13,87.33,61.05,33.89,0.8,42.85,17.37,27.9,0,Safe
1.01,6.81,29.17,35.75,0.34,11.35,20.67,4.0,0,Safe
11.82,38.56,62.82,41.32,0.59,34.94,18.79,19.0,0,Safe
38.42,98.0,62.66,37.98,0.82,41.4,22.57,33.5,1,Watch
25.02,146.63,80.58,36.91,1.02,44.06,19.36,44.6,1,Watch
22.58,119.3,81.99,38.94,1.41,56.42,18.55,49.6,1,Watch
8.05,55.32,64.3,25.23,1.09,25.17,21.54,15.3,0,Safe
3.29,21.81,41.22,33.95,0.21,12.42,14.41,7.4,0,Safe
10.96,39.65,66.69,26.19,0.51,22.53,12.91,9.5,0,Safe
56.63,162.13,73.94,30.76,1.65,34.63,18.2,41.1,1,Watch
4.19,98.89,65.9,32.88,0.39,33.52,20.93,18.9,0,Safe
20.43,22.54,36.95,25.5,0.36,4.52,22.9,3.6,0,Safe
34.07,135.47,70.08,34.59,1.47,31.62,16.59,34.4,1,Watch
1.87,112.98,62.8,30.75,1.16,22.27,19.66,21.0,0,Safe
33.96,169.78,74.82,39.17,1.3,48.89,14.99,51.2,1,Watch
15.38,88.48,67.53,36.6,1.04,39.51,25.24,28.6,0,Safe
99.68,341.82,97.98,48.71,3.63,63.61,10.08,100.0,3,Critical
69.65,166.03,78.68,33.91,1.87,49.32,8.9,58.9,1,Watch
11.08,105.84,71.03,20.97,0.95,27.83,10.26,14.0,0,Safe
4.88,5.81,35.08,18.15,0.36,9.44,24.26,1.4,0,Safe
1.95,3.89,38.5,41.21,0.6,9.87,20.62,0.0,0,Safe
41.3,93.17,35.7,39.24,0.89,38.17,15.49,40.0,1,Watch
36.43,38.54,69.78,24.96,0.36,24.7,14.79,15.1,0,Safe
0.87,13.55,29.18,15.11,0.35,12.29,16.06,4.2,0,Safe
5.49,19.21,34.37,18.17,0.47,9.73,22.93,0.0,0,Safe
56.5,215.71,81.18,40.2,1.7,51.35,14.14,70.9,2,Warning
12.54,94.53,45.79,33.42,0.46,28.54,17.14,21.2,0,Safe
0.81,6.25,37.27,28.95,0.27,9.07,25.52,5.5,0,Safe
8.55,47.58,43.81,37.93,1.17,35.61,18.74,18.7,0,Safe
116.24,332.16,96.69,47.92,4.18,56.36,15.06,99.0,3,Critical
13.55,81.76,62.87,39.97,1.18,33.84,18.46,24.4,0,Safe
3.94,20.03,38.38,30.75,0.16,8.93,23.88,3.4,0,Safe
88.48,241.98,88.13,36.64,4.13,61.74,9.83,77.7,2,Warning
43.15,184.34,79.68,31.0,1.81,40.23,17.51,43.8,1,Watch
50.51,315.15,98.87,53.43,4.51,67.97,13.13,100.0,3,Critical
0.18,21.76,34.59,18.37,0.35,8.19,24.64,0.4,0,Safe
71.47,140.28,75.78,34.83,1.29,41.95,10.44,44.4,1,Watch
0.81,23.43,25.65,16.38,0.13,11.88,21.71,0.0,0,Safe
2.6,3.37,29.43,26.76,0.6,1.95,18.95,0.0,0,Safe
0.19,22.7,41.84,25.77,0.36,5.09,22.54,2.6,0,Safe
71.85,268.66,89.5,49.25,2.89,73.22,14.33,100.0,3,Critical
1.11,14.9,33.44,24.77,0.31,6.93,16.87,3.9,0,Safe
13.31,55.86,63.6,33.11,0.8,39.0,23.59,25.7,0,Safe
82.81,208.22,88.73,47.44,2.18,75.84,14.94,100.0,3,Critical
25.04,36.18,56.77,36.41,0.77,35.1,17.69,24.1,0,Safe
114.81,229.71,85.26,41.61,2.79,54.88,15.67,80.7,3,Critical
18.99,74.43,56.09,37.14,0.63,36.46,13.02,26.8,0,Safe
4.65,22.93,30.82,34.31,0.59,3.75,20.66,2.5,0,Safe
32.9,139.59,79.45,34.51,1.73,49.58,15.29,48.0,1,Watch
123.64,361.99,94.18,40.86,3.78,59.82,17.2,88.6,3,Critical
25.61,109.48,58.64,27.6,1.09,29.51,24.76,27.3,0,Safe
27.77,93.56,50.73,46.33,0.75,25.41,15.85,20.8,0,Safe
98.38,223.56,96.15,54.48,2.07,66.5,12.23,100.0,3,Critical
25.17,37.86,49.34,40.1,1.14,21.93,21.18,18.1,0,Safe
2.36,19.52,27.75,24.23,0.26,8.23,23.81,4.9,0,Safe
59.94,212.99,85.77,34.12,1.62,31.14,14.85,51.6,1,Watch
0.17,0.61,33.27,30.07,0.35,7.61,22.49,0.0,0,Safe
34.33,142.19,73.22,36.24,1.61,36.32,15.28,42.4,1,Watch
15.71,119.78,58.17,31.4,0.61,26.11,19.71,24.7,0,Safe
0.42,16.81,29.57,21.8,0.13,13.12,31.92,0.0,0,Safe
2.91,8.53,32.91,26.83,0.45,4.94,24.87,0.0,0,Safe
5.77,19.57,33.27,31.26,0.39,5.02,26.22,5.3,0,Safe
25.8,69.75,71.18,31.79,0.59,19.75,22.11,14.0,0,Safe
23.58,109.15,67.85,36.44,1.08,14.79,24.89,24.8,0,Safe
25.59,180.89,88.15,34.11,0.81,39.05,15.37,40.8,1,Watch
113.35,374.21,85.72,51.76,4.53,75.12,13.13,100.0,3,Critical
2.12,24.75,34.76,29.9,0.45,9.84,21.11,2.9,0,Safe
14.94,43.49,36.06,26.51,0.52,29.61,24.98,12.6,0,Safe
0.13,19.29,40.95,24.34,0.51,13.19,25.16,6.8,0,Safe
1.33,2.17,42.92,39.2,0.31,9.53,23.6,3.7,0,Safe
0.51,22.16,36.15,34.66,0.3,13.31,27.61,3.9,0,Safe
0.64,10.51,41.82,29.72,0.22,9.46,27.78,3.0,0,Safe
7.16,20.31,29.02,30.63,0.45,16.2,19.39,4.7,0,Safe
119.25,305.98,91.9,41.17,3.05,52.84,16.13,81.9,3,Critical
2.59,21.67,38.88,33.49,0.35,7.4,32.68,0.0,0,Safe
129.8,205.27,85.96,51.09,3.19,67.87,19.55,100.0,3,Critical
77.45,345.89,89.57,57.84,2.74,63.66,13.4,100.0,3,Critical
20.71,110.59,56.92,27.56,0.45,19.98,16.86,12.0,0,Safe
85.02,141.81,65.95,42.85,1.41,40.01,13.0,58.6,1,Watch
55.67,369.69,97.1,51.46,4.64,79.46,16.63,100.0,3,Critical
41.3,30.42,40.31,36.04,0.35,29.56,18.97,21.8,0,Safe
32.17,121.75,82.64,41.72,1.4,40.53,18.48,51.9,1,Watch
8.63,52.52,55.6,38.1,0.57,20.99,21.88,13.6,0,Safe
0.76,20.66,31.13,21.62,0.25,7.87,23.5,1.2,0,Safe
60.32,113.06,80.75,36.72,1.99,40.25,18.66,50.8,1,Watch
46.7,151.27,90.19,30.6,0.81,50.0,13.63,45.8,1,Watch
12.19,91.91,54.43,35.44,1.05,29.35,22.93,23.6,0,Safe
2.17,18.33,33.81,41.42,0.19,6.46,23.28,0.0,0,Safe
57.86,376.91,85.34,55.54,3.62,60.88,9.97,100.0,3,Critical
3.98,13.0,36.36,22.45,0.51,0.0,26.48,0.0,0,Safe
54.17,101.95,67.12,31.66,0.82,27.42,21.11,27.2,0,Safe
1.98,8.57,33.21,39.72,0.37,13.11,27.45,0.5,0,Safe
37.02,82.94,67.25,30.94,0.8,38.13,18.02,30.6,1,Watch
0.28,18.2,36.55,24.5,0.25,6.66,27.4,1.5,0,Safe
0.06,12.82,35.32,31.89,0.54,13.03,23.83,2.5,0,Safe
43.34,149.24,78.45,38.43,1.02,38.48,23.79,41.8,1,Watch
2.35,12.81,39.56,35.39,0.58,3.96,23.82,5.3,0,Safe
17.97,117.0,67.81,35.72,1.33,44.68,14.08,38.8,1,Watch
0.01,19.28,38.35,40.98,0.54,6.47,22.35,2.2,0,Safe
33.66,83.98,72.67,38.85,0.67,28.4,17.74,28.8,0,Safe
21.75,32.68,58.62,31.31,0.69,25.23,20.4,12.1,0,Safe
113.08,191.67,87.99,43.67,2.47,90.54,16.34,96.8,3,Critical
42.25,194.59,65.11,37.21,0.86,42.82,9.95,49.4,1,Watch
57.6,351.25,95.59,50.61,4.12,69.83,9.4,100.0,3,Critical
88.01,216.16,71.09,33.35,1.77,65.63,19.32,66.5,2,Warning
36.49,111.65,61.71,38.54,0.41,30.43,18.91,36.2,1,Watch
58.51,44.46,63.12,37.32,0.95,21.97,22.92,30.0,1,Watch
6.61,15.26,38.76,33.37,0.16,9.7,19.21,5.5,0,Safe
50.02,30.34,75.26,35.82,0.48,17.79,24.2,18.6,0,Safe
5.26,22.34,42.21,27.36,0.26,13.03,17.92,5.2,0,Safe
87.64,298.04,88.06,56.9,4.6,90.3,13.82,100.0,3,Critical
75.86,319.67,86.44,36.52,4.22,63.76,14.36,76.6,2,Warning
96.16,131.61,82.52,31.75,1.64,54.77,18.76,56.0,1,Watch
4.18,10.24,31.92,30.65,0.56,6.01,25.14,0.3,0,Safe
2.75,2.94,38.66,32.72,0.31,5.54,21.96,0.8,0,Safe
91.27,334.53,90.38,48.44,4.79,71.47,12.94,100.0,3,Critical
43.2,132.83,79.52,41.41,1.78,44.16,17.87,58.1,1,Watch
0.4,8.23,30.02,28.04,0.45,13.63,25.16,1.6,0,Safe
99.46,316.79,98.39,49.22,3.78,65.66,13.98,100.0,3,Critical
4.37,5.0,33.41,28.15,0.49,10.12,26.36,4.6,0,Safe
13.69,53.78,72.1,30.51,0.45,19.85,17.62,8.2,0,Safe
1.84,23.2,44.42,22.29,0.39,11.54,19.0,1.5,0,Safe
8.44,24.92,25.21,18.31,0.13,8.37,22.93,6.7,0,Safe
1.54,10.29,45.68,20.36,0.49,8.15,18.15,0.0,0,Safe
20.57,73.69,58.43,31.12,0.9,11.53,19.57,13.7,0,Safe
6.14,116.07,52.39,33.23,0.77,17.73,16.32,12.2,0,Safe
8.53,116.58,69.29,22.83,0.69,21.16,13.57,15.8,0,Safe
3.27,18.99,24.68,27.61,0.58,18.75,26.24,1.1,0,Safe
97.99,113.21,69.14,36.35,0.85,43.16,15.01,51.1,1,Watch
38.22,135.36,75.84,42.8,1.45,32.87,14.25,47.8,1,Watch
66.52,178.54,81.29,33.52,1.82,55.2,21.65,50.0,1,Watch
0.39,18.51,40.24,23.11,0.53,7.25,26.34,1.7,0,Safe
4.41,3.81,33.03,30.17,0.41,5.45,23.75,1.2,0,Safe
1.83,10.26,18.53,20.36,0.18,11.1,34.56,1.2,0,Safe
16.23,36.94,68.5,44.21,0.51,34.84,17.02,26.5,0,Safe
40.08,214.87,87.98,35.37,1.98,38.31,15.96,46.7,1,Watch
23.82,38.36,81.73,23.55,0.49,34.45,16.62,16.3,0,Safe
0.27,12.05,40.46,22.97,0.28,4.22,27.4,0.0,0,Safe
3.55,9.23,31.9,29.35,0.25,12.39,24.89,3.0,0,Safe
14.27,90.88,55.38,33.03,1.08,30.02,21.02,24.2,0,Safe
17.44,81.95,66.41,33.68,0.62,23.86,20.11,18.8,0,Safe
31.91,85.17,54.8,53.83,0.66,33.66,16.83,42.0,1,Watch
38.55,185.19,78.69,30.19,1.69,58.12,14.2,51.0,1,Watch
19.4,109.99,65.23,18.85,0.57,21.95,20.07,8.6,0,Safe
2.69,24.99,39.47,47.48,0.11,13.58,22.88,5.1,0,Safe
37.23,36.46,58.56,29.15,1.02,17.37,16.14,12.6,0,Safe
114.12,356.32,85.49,49.03,2.16,62.34,16.78,96.7,3,Critical
41.09,68.89,46.99,27.58,0.52,26.75,20.49,18.4,0,Safe
4.37,20.35,33.78,44.48,0.35,8.15,16.26,0.7,0,Safe
81.01,278.55,92.14,40.9,4.29,88.82,18.45,100.0,3,Critical
0.74,18.61,20.31,18.29,0.17,7.86,16.69,1.7,0,Safe
3.63,23.4,39.87,16.43,0.36,10.79,24.18,2.2,0,Safe
1.07,3.9,34.77,24.63,0.36,8.39,22.79,0.0,0,Safe
1.07,17.94,32.74,26.07,0.37,9.71,30.1,1.4,0,Safe
2.15,5.48,35.39,21.37,0.32,9.11,25.59,4.3,0,Safe
3.35,6.31,42.56,32.83,0.19,9.78,22.38,0.1,0,Safe
7.69,2.37,33.18,31.89,0.53,6.39,28.79,3.4,0,Safe
0.45,11.23,45.53,28.84,0.51,13.82,19.65,2.3,0,Safe
116.0,282.71,95.18,52.37,4.35,56.7,11.33,100.0,3,Critical
65.44,167.56,76.31,39.42,1.47,59.98,15.1,69.4,2,Warning
0.32,6.69,40.39,28.22,0.5,12.76,20.44,0.0,0,Safe
11.47,96.68,71.92,31.81,0.46,20.5,20.94,19.3,0,Safe
1.01,9.05,24.27,27.6,0.23,11.03,27.02,0.6,0,Safe
0.41,15.58,47.84,10.0,0.46,9.69,17.34,0.6,0,Safe
18.72,86.43,58.68,30.23,0.69,26.67,16.57,17.1,0,Safe
42.63,48.86,68.25,35.52,1.02,29.01,16.6,24.4,0,Safe
2.28,9.25,26.43,16.99,0.18,11.33,25.36,7.5,0,Safe
19.23,82.7,70.97,42.37,0.94,16.39,15.77,16.4,0,Safe
13.8,84.61,63.26,36.15,0.36,37.69,18.24,28.2,0,Safe
1.01,0.59,20.94,36.54,0.47,7.76,24.66,0.0,0,Safe
43.03,98.67,76.25,38.67,0.9,40.23,19.95,41.3,1,Watch
1.61,9.77,32.91,31.35,0.28,10.11,26.99,0.0,0,Safe
32.08,133.97,65.85,42.58,1.25,42.68,17.63,46.0,1,Watch
24.9,68.63,56.43,31.23,1.12,21.15,15.83,18.2,0,Safe
38.68,116.82,48.08,36.95,0.91,29.95,20.77,30.2,1,Watch
16.61,44.3,39.96,42.4,0.91,28.58,18.33,24.5,0,Safe
7.26,47.6,67.09,31.11,1.04,36.21,15.31,24.5,0,Safe
4.41,12.3,36.66,30.51,0.49,9.75,22.91,0.0,0,Safe
46.18,165.38,78.55,42.84,1.98,49.36,18.75,64.5,2,Warning
35.07,218.03,71.61,26.75,1.81,46.51,10.94,38.4,1,Watch
113.97,341.45,93.48,37.11,2.78,64.72,19.37,85.3,3,Critical
53.46,185.69,76.35,27.03,1.88,49.5,16.46,44.4,1,Watch
47.88,131.37,74.01,34.54,1.84,32.28,14.61,38.4,1,Watch
5.02,13.19,26.71,19.89,0.25,8.75,10.53,0.0,0,Safe
2.06,6.71,45.38,21.07,0.45,17.59,23.65,2.2,0,Safe
18.8,33.17,60.18,27.16,0.86,18.53,21.98,12.5,0,Safe
1.23,3.56,36.79,28.62,0.53,10.7,26.32,0.9,0,Safe
44.33,134.9,80.94,38.7,1.22,52.03,19.1,56.5,1,Watch
5.98,12.53,25.91,11.6,0.37,11.49,16.3,5.9,0,Safe
83.36,117.93,76.71,36.32,1.93,46.3,20.21,58.9,1,Watch
22.47,174.85,76.62,37.56,1.96,54.77,18.31,54.7,1,Watch
1.24,19.37,32.86,31.59,0.58,7.53,21.05,3.8,0,Safe
4.59,22.3,42.31,27.54,0.57,8.29,25.55,1.3,0,Safe
0.66,11.29,36.1,29.21,0.48,7.94,22.57,0.0,0,Safe
22.78,118.56,56.1,25.98,0.49,16.91,14.94,15.8,0,Safe
3.27,21.81,41.0,28.74,0.16,9.97,18.88,0.0,0,Safe
0.42,22.32,36.61,28.15,0.43,10.47,28.13,2.3,0,Safe
2.35,19.03,32.76,30.77,0.58,8.32,24.47,0.0,0,Safe
35.48,144.79,82.78,33.26,1.78,46.92,13.6,46.4,1,Watch
18.95,47.4,70.67,41.11,0.37,24.3,16.87,23.5,0,Safe
15.87,110.64,59.26,25.93,0.47,35.55,22.76,19.4,0,Safe
107.1,251.67,97.13,53.09,3.49,57.74,16.91,100.0,3,Critical
31.95,47.95,79.99,27.18,1.2,29.02,22.51,23.9,0,Safe
5.52,17.87,49.41,35.48,0.45,9.64,25.37,1.8,0,Safe
15.14,48.35,59.46,25.76,0.32,31.0,19.38,18.5,0,Safe
0.98,19.75,30.08,21.71,0.38,10.04,23.88,0.0,0,Safe
0.49,9.15,26.16,30.65,0.5,18.03,24.99,1.9,0,Safe
48.65,42.32,56.24,41.68,1.18,12.94,20.33,19.4,0,Safe
3.06,12.61,28.45,28.14,0.33,11.42,27.69,8.3,0,Safe
7.3,23.95,39.79,19.28,0.55,14.4,23.04,6.9,0,Safe
0.36,7.87,39.74,36.56,0.58,8.77,17.68,3.6,0,Safe
16.82,49.48,55.6,34.74,0.41,33.16,17.51,22.3,0,Safe
5.54,0.21,21.83,26.68,0.16,6.5,28.83,3.1,0,Safe
0.57,9.13,34.7,33.75,0.43,9.87,21.63,3.3,0,Safe
47.71,156.87,88.44,38.38,0.81,49.34,15.86,54.8,1,Watch
0.59,11.35,36.72,20.99,0.29,3.6,21.91,2.8,0,Safe
12.51,51.81,59.02,32.66,0.92,23.29,16.31,19.8,0,Safe
0.84,14.63,43.71,24.8,0.2,4.73,20.73,2.6,0,Safe
61.4,115.6,78.87,41.76,1.77,47.56,17.71,55.5,1,Watch
1.5,18.77,48.84,27.27,0.3,8.85,17.59,2.8,0,Safe
2.3,10.22,41.04,27.69,0.12,15.47,28.79,3.8,0,Safe
44.33,174.28,77.83,35.48,1.02,50.68,14.27,50.3,1,Watch
74.48,373.89,95.81,42.55,2.31,54.88,9.12,82.9,3,Critical
2.85,6.71,31.36,22.41,0.28,16.01,25.47,0.0,0,Safe
1.19,9.33,42.51,13.43,0.24,13.12,18.56,0.0,0,Safe
2.24,17.39,40.22,26.93,0.42,6.02,24.88,1.5,0,Safe
32.48,68.45,53.37,38.37,0.46,29.75,20.8,26.3,0,Safe
70.9,146.19,90.12,48.83,0.98,43.29,17.3,67.1,2,Warning
6.4,19.38,34.12,33.59,0.17,8.19,23.06,1.6,0,Safe
2.84,20.28,48.83,27.69,0.55,7.9,29.95,7.3,0,Safe
50.61,218.84,85.63,38.48,2.69,53.65,18.68,69.2,2,Warning
10.93,10.07,34.98,37.77,0.3,9.54,31.24,7.8,0,Safe
82.89,286.17,89.99,55.4,4.48,84.89,13.86,100.0,3,Critical
3.51,6.53,24.86,28.64,0.33,12.45,23.24,0.0,0,Safe
0.83,10.98,24.15,24.97,0.51,19.66,26.78,0.5,0,Safe
0.59,1.54,45.39,13.3,0.44,7.59,19.77,0.0,0,Safe
2.87,12.16,41.61,22.47,0.37,15.85,19.01,1.8,0,Safe
24.47,55.53,59.1,31.7,0.64,39.22,16.54,26.9,0,Safe
17.84,102.9,54.09,42.97,0.39,14.96,16.02,18.6,0,Safe
5.65,6.0,38.62,31.74,0.12,11.75,25.87,3.0,0,Safe
58.78,189.94,74.02,33.57,1.1,32.27,15.92,40.9,1,Watch
0.85,3.26,33.44,25.88,0.31,14.39,14.7,0.0,0,Safe
2.73,14.18,27.64,28.33,0.25,16.0,23.5,7.2,0,Safe
0.17,15.85,30.82,15.6,0.26,14.14,25.64,1.7,0,Safe
1.02,11.26,47.1,25.1,0.15,10.56,15.96,0.0,0,Safe
4.05,55.62,66.78,33.65,1.1,41.14,16.42,25.2,0,Safe
86.11,242.25,96.0,57.61,2.18,64.88,12.77,100.0,3,Critical
122.57,140.33,70.33,40.81,1.67,55.25,10.92,68.2,2,Warning
32.06,158.36,84.14,29.65,0.92,37.22,17.89,38.0,1,Watch
34.93,166.35,81.24,41.55,1.65,41.82,20.05,50.9,1,Watch
3.3,12.0,35.77,23.78,0.54,12.61,22.0,2.7,0,Safe
129.04,306.97,96.52,51.67,2.93,88.0,13.31,100.0,3,Critical
4.6,12.96,30.29,37.23,0.51,1.32,22.22,0.0,0,Safe
10.79,41.74,54.84,38.12,0.65,29.48,18.91,15.7,0,Safe
1.9,24.71,44.08,39.79,0.35,11.7,20.01,4.1,0,Safe
2.45,22.65,49.96,19.53,0.37,15.39,20.83,5.2,0,Safe
0.18,20.76,38.16,33.51,0.47,10.91,25.37,2.4,0,Safe
2.1,4.95,29.99,28.67,0.59,9.66,20.93,2.8,0,Safe
3.09,4.99,28.57,19.37,0.13,5.4,18.65,3.8,0,Safe
48.02,61.28,69.32,37.0,0.49,21.06,18.57,22.0,0,Safe
47.34,124.28,85.85,44.63,1.56,47.66,16.55,56.8,1,Watch
23.85,71.84,54.58,40.78,0.61,20.04,19.12,16.7,0,Safe
1.85,24.4,45.37,19.64,0.42,5.38,23.77,3.5,0,Safe
28.93,102.98,62.65,25.88,1.1,27.69,23.06,19.6,0,Safe
2.97,16.2,36.9,29.79,0.29,9.53,28.12,1.4,0,Safe
1.0,9.43,41.56,25.54,0.15,11.38,21.08,0.0,0,Safe
5.19,100.36,68.85,38.89,1.15,27.53,13.82,32.1,1,Watch
23.98,49.48,57.94,30.63,0.78,29.56,15.56,15.5,0,Safe
2.24,5.89,33.81,25.92,0.45,10.05,19.35,0.0,0,Safe
26.99,156.95,88.68,31.79,1.38,36.95,15.46,33.5,1,Watch
0.88,12.63,36.18,27.92,0.21,9.7,25.2,0.0,0,Safe
33.8,65.38,59.14,39.43,1.15,17.83,22.89,19.7,0,Safe
11.42,94.58,54.53,32.79,0.8,21.76,21.23,20.5,0,Safe
0.87,0.51,35.63,30.4,0.56,7.55,24.02,0.0,0,Safe
29.83,122.44,73.62,25.03,1.24,39.91,17.94,28.5,0,Safe
63.16,276.02,97.3,54.33,2.41,68.48,12.67,100.0,3,Critical
0.05,10.79,45.93,35.82,0.21,6.9,13.24,0.0,0,Safe
4.92,24.1,35.57,35.86,0.33,12.42,19.73,5.8,0,Safe
58.5,109.27,44.67,37.07,0.5,35.28,19.6,30.5,1,Watch
0.35,7.4,28.66,34.39,0.3,6.35,26.2,0.5,0,Safe
31.59,142.26,91.53,37.56,1.6,34.09,13.94,39.8,1,Watch
26.86,100.71,67.05,33.01,0.74,32.72,19.07,28.0,0,Safe
52.68,206.92,70.19,36.43,1.85,38.57,16.93,51.9,1,Watch
3.81,6.89,40.29,25.67,0.26,10.63,19.3,0.0,0,Safe
24.72,54.73,61.31,31.39,1.1,31.63,20.23,24.0,0,Safe
14.99,135.25,71.43,41.16,1.72,48.57,15.92,47.6,1,Watch
1.26,5.03,48.83,27.99,0.47,8.01,21.29,0.0,0,Safe
42.5,131.11,80.04,33.98,1.57,43.09,21.04,44.9,1,Watch
51.1,186.41,73.25,41.88,0.88,65.05,21.21,68.2,2,Warning
0.52,23.23,18.65,17.9,0.29,10.27,25.25,2.9,0,Safe
26.23,192.69,75.77,41.5,1.25,43.6,18.92,42.5,1,Watch
0.18,12.59,35.55,35.01,0.52,7.35,21.04,0.0,0,Safe
58.33,377.96,97.1,54.78,2.23,63.57,7.63,100.0,3,Critical
54.67,168.72,76.57,26.9,1.49,48.55,12.93,46.5,1,Watch
111.49,197.94,98.5,56.53,3.56,91.12,14.48,100.0,3,Critical
0.39,16.13,28.48,31.89,0.28,2.8,26.01,1.5,0,Safe
1.48,7.92,34.48,28.44,0.47,11.34,27.87,0.0,0,Safe
2.48,10.46,43.66,37.52,0.29,7.7,23.78,2.3,0,Safe
10.19,42.95,67.36,26.65,0.48,27.41,15.11,8.1,0,Safe
0.7,19.67,38.02,21.24,0.43,9.48,31.15,1.6,0,Safe
26.84,128.65,87.72,43.12,1.43,37.62,16.4,45.7,1,Watch
25.99,176.36,84.7,43.76,0.98,48.02,15.18,55.8,1,Watch
25.86,108.61,57.63,30.69,0.55,28.34,22.37,22.0,0,Safe
1.21,12.7,38.62,17.17,0.23,10.58,24.05,0.0,0,Safe
0.52,22.12,35.12,27.76,0.22,14.4,20.19,0.0,0,Safe
20.52,65.28,59.21,28.92,0.91,24.03,12.64,19.6,0,Safe
113.01,275.48,85.05,53.4,3.46,68.86,11.96,100.0,3,Critical
34.89,72.85,69.47,24.82,0.94,28.7,17.52,20.0,0,Safe
23.62,158.15,74.74,41.3,1.17,46.42,14.22,50.4,1,Watch
37.22,211.3,82.48,35.93,1.18,49.84,16.76,52.4,1,Watch
1.44,19.8,34.84,28.87,0.25,6.59,27.15,4.7,0,Safe
15.93,44.01,67.0,25.79,0.45,19.08,20.33,7.2,0,Safe
14.67,63.89,48.68,37.35,0.35,29.62,16.7,19.0,0,Safe
4.16,18.18,29.17,35.0,0.44,18.84,23.13,4.0,0,Safe
17.94,77.5,48.32,32.44,0.97,15.92,17.41,17.1,0,Safe
57.91,143.82,79.68,37.45,1.2,60.0,15.99,57.3,1,Watch
50.48,369.24,88.69,48.43,2.68,77.72,11.7,100.0,3,Critical
41.75,158.86,79.63,38.18,1.43,49.19,14.98,54.6,1,Watch
45.75,130.05,81.27,40.07,1.02,40.38,17.64,46.5,1,Watch
3.43,96.1,50.25,24.12,1.19,31.29,15.59,18.4,0,Safe
2.94,6.29,29.59,30.37,0.59,15.84,24.95,6.3,0,Safe
0.02,16.78,44.85,31.2,0.41,12.64,29.14,0.8,0,Safe
12.61,58.69,65.02,41.4,0.42,30.31,21.49,21.4,0,Safe
6.53,15.08,42.73,36.78,0.5,5.24,23.37,1.6,0,Safe
104.58,371.82,97.13,45.87,3.03,67.88,15.63,97.9,3,Critical
10.63,37.67,68.54,37.26,0.92,27.36,16.15,13.4,0,Safe
0.53,13.92,32.76,13.77,0.58,13.56,25.74,1.6,0,Safe
16.0,73.22,53.4,27.99,0.97,22.95,19.16,14.7,0,Safe
106.91,288.43,88.74,52.25,2.52,57.53,14.02,100.0,3,Critical
54.18,217.75,98.84,42.72,3.66,70.89,14.78,94.3,3,Critical
31.19,59.98,60.01,32.09,0.68,37.07,15.61,26.5,0,Safe
33.53,109.37,57.62,26.7,1.15,34.98,22.72,26.1,0,Safe
1.95,16.02,32.12,12.57,0.54,8.45,20.13,4.7,0,Safe
0.89,5.36,44.77,11.98,0.15,9.08,24.33,3.1,0,Safe
69.11,104.22,63.96,35.37,0.78,36.85,15.96,44.5,1,Watch
16.08,106.87,54.74,29.17,0.38,28.07,20.63,19.9,0,Safe
47.27,95.64,59.66,33.83,1.08,29.76,22.2,30.2,1,Watch
43.85,151.47,72.83,34.1,1.34,48.7,9.5,48.7,1,Watch
34.29,89.44,77.24,32.15,0.49,32.27,16.87,26.4,0,Safe
121.16,328.87,90.15,56.19,2.07,78.77,11.46,100.0,3,Critical
39.45,37.74,76.96,33.1,0.73,25.43,17.19,20.3,0,Safe
0.85,1.38,18.25,26.14,0.17,16.33,27.7,0.0,0,Safe
1.41,13.66,38.3,31.86,0.57,16.21,22.09,4.2,0,Safe
0.91,20.82,24.98,25.65,0.54,16.6,21.3,2.6,0,Safe
4.5,16.82,28.82,26.44,0.47,14.11,21.38,0.6,0,Safe
0.51,23.4,45.58,35.64,0.49,12.55,25.45,0.0,0,Safe
90.6,359.54,90.3,43.71,3.91,79.34,14.84,100.0,3,Critical
0.68,8.96,25.98,21.65,0.41,12.1,27.64,0.0,0,Safe
12.79,106.28,60.56,33.87,0.76,27.82,16.27,19.2,0,Safe
11.45,108.59,62.17,29.49,0.98,22.49,15.36,18.5,0,Safe
25.93,57.13,63.01,35.17,0.81,23.97,17.66,21.3,0,Safe
7.16,36.75,53.94,37.88,0.46,28.17,23.74,15.4,0,Safe
36.31,67.19,47.21,34.98,0.5,18.93,19.4,15.1,0,Safe
3.61,6.77,31.13,38.59,0.21,8.4,26.39,6.2,0,Safe
6.75,14.42,40.52,15.85,0.53,18.19,26.11,2.0,0,Safe
10.79,11.73,40.34,19.75,0.52,17.77,27.77,3.9,0,Safe
8.92,20.05,32.51,26.44,0.11,13.97,22.02,2.2,0,Safe
16.75,104.68,65.42,35.82,0.93,33.53,15.33,25.4,0,Safe
5.23,24.0,46.08,27.87,0.17,17.17,25.65,0.5,0,Safe
1.81,7.2,32.59,21.51,0.26,13.37,24.96,2.0,0,Safe
6.64,23.08,38.76,41.47,0.14,9.34,28.94,0.0,0,Safe
42.18,34.87,77.74,33.28,0.34,29.89,15.71,22.6,0,Safe
16.24,198.18,68.57,31.93,1.94,56.45,14.74,46.9,1,Watch
14.48,24.28,50.35,31.14,0.19,3.99,23.53,6.5,0,Safe
2.59,17.5,34.63,22.27,0.19,10.42,25.17,3.0,0,Safe
1.15,18.14,41.11,14.6,0.31,9.16,27.62,2.4,0,Safe
73.98,70.65,62.81,41.25,0.68,18.45,18.4,37.9,1,Watch
57.61,124.95,83.31,38.69,1.14,42.89,13.36,56.4,1,Watch
1.66,13.53,38.26,16.48,0.27,6.93,21.06,1.2,0,Safe
2.8,12.59,31.52,28.45,0.2,18.61,21.75,7.9,0,Safe
1.2,15.25,45.24,35.81,0.18,6.76,29.74,5.4,0,Safe
39.19,183.8,72.32,41.98,1.62,52.43,17.77,62.9,2,Warning
92.2,332.27,85.06,41.35,4.28,89.58,11.41,95.9,3,Critical
11.57,69.94,70.91,34.42,1.07,29.41,16.69,23.6,0,Safe
2.04,24.92,34.67,32.7,0.2,6.47,22.96,3.4,0,Safe
7.86,73.98,58.14,34.53,0.32,29.55,20.26,13.3,0,Safe
8.61,18.7,36.29,37.59,0.12,10.04,16.57,8.2,0,Safe
20.56,66.26,45.45,27.09,1.14,36.08,17.06,23.7,0,Safe
73.08,288.76,92.79,48.4,2.34,69.43,12.18,100.0,3,Critical
3.26,0.94,32.74,30.03,0.21,12.74,27.17,0.0,0,Safe
0.09,0.98,30.16,25.0,0.58,16.26,22.45,3.3,0,Safe
1.48,22.47,31.53,36.99,0.29,9.32,20.71,5.1,0,Safe
27.73,114.32,73.46,31.27,0.73,21.87,19.49,24.7,0,Safe
46.25,135.52,76.89,35.88,1.43,36.7,17.48,42.5,1,Watch
0.73,10.53,25.96,36.96,0.1,9.99,26.52,0.0,0,Safe
1.48,15.54,28.65,41.45,0.36,12.62,22.65,2.9,0,Safe
4.11,14.12,45.68,22.03,0.45,6.53,22.49,2.0,0,Safe
12.99,89.6,53.93,37.24,1.02,27.95,19.64,21.8,0,Safe
4.12,16.69,26.63,24.33,0.37,9.8,24.78,7.5,0,Safe
3.96,17.75,46.87,36.14,0.44,7.84,16.43,7.1,0,Safe
124.24,323.23,93.18,49.92,1.83,79.71,21.17,100.0,3,Critical
13.95,85.47,65.51,32.49,1.12,26.58,19.79,21.5,0,Safe
0.79,6.0,38.89,25.11,0.26,13.63,24.77,0.0,0,Safe
32.47,60.13,58.53,37.92,0.8,19.62,15.27,20.4,0,Safe
0.99,17.47,44.06,30.25,0.55,7.42,19.66,0.6,0,Safe
3.82,15.12,34.8,39.79,0.15,14.88,18.22,0.0,0,Safe
3.86,6.87,32.44,28.87,0.28,7.23,24.5,0.9,0,Safe
9.27,35.13,48.61,33.96,1.02,34.17,14.87,17.4,0,Safe
44.2,162.11,83.28,35.88,1.76,48.94,16.33,58.7,1,Watch
1.06,14.93,42.38,26.32,0.51,14.06,22.12,0.0,0,Safe
2.92,12.32,34.42,27.95,0.29,8.46,26.23,0.0,0,Safe
77.88,367.5,96.89,45.26,2.22,65.9,8.64,96.2,3,Critical
1.9,6.06,46.1,30.56,0.17,4.03,22.51,2.8,0,Safe
4.49,8.1,42.11,28.31,0.39,9.09,22.5,0.0,0,Safe
92.39,196.91,87.09,39.43,4.08,55.74,11.75,84.1,3,Critical
1.15,19.9,37.34,20.61,0.57,10.74,24.88,4.0,0,Safe
34.5,125.82,71.79,25.42,1.15,33.34,13.13,28.6,0,Safe
56.1,327.03,86.21,36.95,2.33,82.52,15.38,82.2,3,Critical
8.05,45.19,54.23,26.7,1.13,37.18,20.67,16.1,0,Safe
11.99,67.87,58.87,28.34,0.65,32.16,23.49,15.0,0,Safe
47.67,64.6,52.75,42.65,1.04,20.77,19.91,25.9,0,Safe
4.54,2.6,25.51,26.51,0.33,6.94,18.44,0.0,0,Safe
0.25,1.38,45.46,29.08,0.21,10.85,25.06,1.6,0,Safe
0.75,21.39,34.64,30.72,0.56,6.91,24.02,9.2,0,Safe
41.68,39.44,32.61,44.76,1.16,34.32,17.05,32.9,1,Watch
15.45,105.19,64.32,24.99,0.49,33.59,17.17,23.8,0,Safe
1.81,13.84,26.56,28.58,0.21,10.95,34.15,5.3,0,Safe
2.15,2.47,20.05,26.43,0.5,6.47,21.08,0.0,0,Safe
3.4,5.07,50.62,37.16,0.12,9.39,17.51,9.0,0,Safe
57.47,142.25,88.72,51.26,1.36,41.92,16.17,68.7,2,Warning
2.59,12.8,36.48,25.85,0.52,6.99,29.09,1.6,0,Safe
0.09,20.08,46.38,17.05,0.11,8.85,19.95,0.0,0,Safe
25.89,114.15,67.18,28.02,0.94,26.06,21.4,19.2,0,Safe
38.11,96.42,54.98,29.89,0.48,26.83,19.06,23.4,0,Safe
52.04,179.1,78.43,32.41,1.75,54.5,12.67,49.2,1,Watch
0.69,4.97,48.12,27.76,0.4,8.39,27.24,8.7,0,Safe
0.5,10.12,34.22,38.13,0.22,12.05,19.51,2.0,0,Safe
0.58,1.77,41.98,36.77,0.5,14.21,27.71,3.8,0,Safe
37.63,111.15,59.53,19.1,0.88,29.17,16.61,16.8,0,Safe
2.5,21.24,32.29,24.84,0.22,14.45,24.52,3.4,0,Safe
2.46,9.42,42.65,30.03,0.32,7.53,27.0,2.9,0,Safe
0.57,6.83,47.72,23.07,0.45,7.82,22.44,0.0,0,Safe
46.83,135.02,63.15,42.12,1.78,31.6,10.77,41.3,1,Watch
107.61,246.81,92.54,55.25,4.32,77.98,12.7,100.0,3,Critical
4.25,16.39,28.16,20.63,0.42,22.64,26.67,3.5,0,Safe
37.24,207.23,81.03,44.74,1.56,35.92,14.55,57.6,1,Watch
2.0,7.64,48.96,27.39,0.37,7.09,18.52,3.9,0,Safe
1.81,15.54,31.94,24.69,0.36,13.62,29.03,0.0,0,Safe
7.48,21.36,26.43,18.08,0.24,13.94,24.73,0.0,0,Safe
0.97,10.19,43.22,45.69,0.56,8.79,26.9,3.0,0,Safe
81.21,193.15,75.68,22.96,0.87,49.32,15.27,39.3,1,Watch
35.95,59.88,69.6,36.53,0.59,25.17,25.46,28.1,0,Safe
26.83,118.83,76.83,37.3,1.06,60.44,17.68,51.3,1,Watch
34.65,107.19,60.63,28.38,1.07,28.91,23.76,27.7,0,Safe
1.49,0.06,31.37,25.35,0.58,3.71,19.27,0.0,0,Safe
24.15,31.47,51.11,43.11,1.0,29.52,19.06,24.4,0,Safe
91.31,327.29,90.35,54.27,3.82,87.75,18.05,100.0,3,Critical
114.01,278.84,91.57,51.25,2.21,65.91,14.6,100.0,3,Critical
16.45,103.56,60.1,28.85,0.45,13.44,17.52,7.8,0,Safe
13.2,6.54,37.19,38.35,0.29,18.09,17.86,4.0,0,Safe
42.0,137.15,72.44,41.15,1.9,42.05,11.28,44.5,1,Watch
46.8,74.24,60.15,48.64,1.13,28.96,25.09,37.5,1,Watch
1.02,2.7,17.71,35.41,0.11,7.87,24.03,0.0,0,Safe
70.41,210.35,74.65,33.73,1.0,45.16,17.21,55.9,1,Watch
6.03,9.98,38.94,25.05,0.26,11.79,25.25,3.6,0,Safe
0.39,1.26,41.86,22.81,0.24,11.37,18.39,4.5,0,Safe
113.77,271.29,91.32,51.36,3.6,82.23,13.27,100.0,3,Critical
0.48,5.46,25.83,27.29,0.59,11.3,21.16,1.7,0,Safe
105.66,264.84,87.85,36.43,2.94,85.16,18.43,87.4,3,Critical
0.37,23.66,27.64,23.97,0.35,9.93,25.77,0.9,0,Safe
6.85,17.85,40.23,21.02,0.51,15.72,28.86,0.0,0,Safe
36.52,149.75,76.1,39.77,1.52,44.14,14.15,51.0,1,Watch
70.48,143.27,75.42,39.47,1.35,45.68,14.06,51.3,1,Watch
0.21,14.07,24.67,36.63,0.45,14.67,23.95,0.0,0,Safe
49.57,168.3,74.32,42.99,0.81,33.13,16.85,46.7,1,Watch
19.27,77.88,57.76,31.59,0.51,29.63,14.99,14.5,0,Safe
38.65,36.73,58.77,29.69,1.05,26.05,22.36,21.7,0,Safe
0.43,5.71,38.42,14.35,0.13,11.47,28.74,1.1,0,Safe
78.11,203.42,94.76,40.97,2.48,81.78,14.0,100.0,3,Critical
35.4,53.96,62.63,20.72,0.92,38.9,19.13,18.0,0,Safe
0.34,23.55,35.5,32.38,0.54,10.36,24.27,5.9,0,Safe
1.53,20.71,36.33,23.85,0.55,10.43,26.7,0.2,0,Safe
62.1,173.91,73.03,42.63,0.87,37.73,18.4,58.7,1,Watch
1.52,11.21,46.84,31.87,0.23,8.42,25.76,2.6,0,Safe
0.58,15.65,28.8,20.4,0.39,9.55,21.99,2.6,0,Safe
35.45,53.27,54.53,29.68,1.1,20.62,18.54,20.7,0,Safe
0.02,23.7,20.26,23.91,0.36,10.44,24.11,0.2,0,Safe
40.28,49.72,52.13,38.4,0.53,19.01,17.86,15.3,0,Safe
16.88,65.17,61.27,34.03,0.38,32.19,22.96,19.9,0,Safe
2.53,2.53,48.43,28.09,0.53,5.11,23.88,3.6,0,Safe
24.97,119.46,74.04,38.55,0.7,15.73,18.9,21.9,0,Safe
2.59,0.34,35.28,20.94,0.57,3.82,26.72,5.9,0,Safe
103.62,249.74,93.19,55.71,2.57,76.39,16.15,100.0,3,Critical
16.98,41.13,74.45,32.03,0.73,38.64,22.08,28.9,0,Safe
1.34,8.37,32.18,33.43,0.57,8.84,28.48,0.0,0,Safe
67.26,174.41,82.38,31.89,1.38,55.32,15.33,53.3,1,Watch
2.38,17.94,33.14,19.98,0.59,5.61,27.0,0.0,0,Safe
43.56,76.19,72.0,31.19,0.65,25.52,22.24,22.9,0,Safe
1.23,9.7,22.61,30.77,0.2,9.8,29.37,0.0,0,Safe
64.14,137.64,71.36,45.15,1.17,51.77,15.58,65.4,2,Warning
0.46,24.14,44.72,24.1,0.27,5.87,27.56,0.0,0,Safe
33.49,76.63,71.38,34.57,0.53,36.55,20.0,24.3,0,Safe
0.51,7.99,17.16,24.28,0.27,15.75,22.94,5.0,0,Safe
2.49,5.89,34.19,18.23,0.51,10.53,16.73,0.0,0,Safe
6.88,23.32,18.59,37.0,0.34,10.37,25.37,6.5,0,Safe
31.33,64.83,57.86,37.59,0.69,41.11,18.17,31.8,1,Watch
75.42,295.08,98.5,56.95,2.4,62.07,12.66,100.0,3,Critical
53.58,189.35,69.96,28.23,1.45,46.45,9.75,44.4,1,Watch
88.89,144.52,76.38,34.01,1.89,48.14,16.07,56.3,1,Watch
3.63,102.93,48.21,28.73,0.62,21.06,19.92,12.7,0,Safe
4.34,4.06,31.81,25.71,0.19,14.43,23.13,0.8,0,Safe
56.83,172.34,87.37,33.56,1.66,40.95,15.73,55.7,1,Watch
0.0,7.52,32.03,23.94,0.31,4.08,22.39,0.0,0,Safe
28.02,55.04,75.72,36.33,1.07,37.59,18.7,37.9,1,Watch
1.28,15.59,37.26,28.76,0.16,12.27,23.34,2.3,0,Safe
75.05,221.78,95.95,47.71,4.71,61.21,18.18,96.7,3,Critical
27.83,167.72,86.45,39.24,1.83,33.13,13.07,43.3,1,Watch
116.5,272.29,93.52,38.1,2.38,76.49,14.67,90.9,3,Critical
3.03,21.09,24.78,10.0,0.31,7.56,25.39,0.5,0,Safe
49.68,51.08,69.96,39.31,0.64,24.32,16.54,25.7,0,Safe
29.16,105.1,73.51,31.72,0.3,26.35,21.01,20.7,0,Safe
2.33,6.21,39.09,21.0,0.37,11.2,20.74,1.7,0,Safe
72.2,194.14,81.09,41.31,1.59,45.71,15.76,68.3,2,Warning
58.57,236.56,97.89,43.74,3.78,71.15,7.14,100.0,3,Critical
2.23,11.31,25.68,28.7,0.15,11.27,25.31,4.7,0,Safe
5.03,18.52,45.67,28.44,0.56,5.87,31.4,4.2,0,Safe
26.2,123.26,89.28,40.92,1.34,36.02,17.08,41.2,1,Watch
44.24,97.47,48.58,26.2,1.06,16.99,21.56,20.1,0,Safe
72.57,124.86,75.98,33.58,1.03,50.14,16.82,49.7,1,Watch
4.14,8.75,35.82,20.65,0.36,13.42,26.63,0.0,0,Safe
1.73,15.75,27.9,29.04,0.59,16.89,20.81,2.0,0,Safe
115.98,285.3,96.03,36.37,2.63,52.29,14.22,76.5,2,Warning
32.8,54.67,72.64,36.07,0.63,40.93,18.4,32.3,1,Watch
34.26,56.42,73.84,33.85,0.64,31.17,17.37,24.2,0,Safe
3.2,11.95,27.62,34.71,0.55,18.05,28.18,4.4,0,Safe
0.29,10.73,33.83,28.7,0.42,6.59,25.08,0.0,0,Safe
0.11,9.76,46.35,12.39,0.41,8.33,21.97,2.6,0,Safe
41.2,113.0,67.38,26.93,0.54,22.61,21.32,16.2,0,Safe
42.58,43.37,68.98,24.2,0.59,28.98,9.86,16.8,0,Safe
75.14,202.18,66.45,34.68,1.7,41.89,18.58,56.6,1,Watch
2.84,21.46,50.22,43.17,0.44,13.82,14.93,2.6,0,Safe
58.98,78.18,72.78,37.22,0.51,29.77,19.48,33.5,1,Watch
58.27,38.02,69.39,31.38,0.57,13.03,20.74,12.9,0,Safe
68.28,229.98,89.58,48.44,2.92,52.61,8.99,90.6,3,Critical
28.85,111.7,90.03,35.21,1.82,49.05,16.73,39.5,1,Watch
101.83,244.41,87.81,39.49,4.69,55.94,7.71,84.9,3,Critical
0.21,16.78,28.26,19.49,0.57,10.58,29.0,0.0,0,Safe
69.02,145.98,79.78,33.09,1.06,47.6,16.5,49.0,1,Watch
17.38,114.01,59.59,29.34,0.52,37.55,23.02,23.5,0,Safe
71.83,186.21,77.84,38.53,1.42,42.73,17.76,56.5,1,Watch
62.76,316.39,86.09,48.92,2.95,65.18,10.42,97.1,3,Critical
7.07,93.94,72.04,30.14,0.69,28.3,20.3,17.0,0,Safe
116.15,198.04,95.08,51.59,3.81,76.04,18.02,100.0,3,Critical
35.09,115.93,76.43,21.07,1.01,40.13,16.68,22.0,0,Safe
74.29,186.89,85.85,38.33,1.4,49.27,14.54,63.6,2,Warning
4.49,17.15,45.35,26.43,0.52,10.95,23.43,2.1,0,Safe
20.25,79.21,61.37,33.09,0.9,32.23,17.68,25.4,0,Safe
32.17,127.01,79.37,30.76,0.97,55.21,14.1,43.8,1,Watch
63.25,162.02,82.48,34.75,1.39,41.14,21.92,50.4,1,Watch
30.38,53.96,54.3,40.54,0.53,31.89,10.13,21.8,0,Safe
2.15,2.23,40.64,47.88,0.51,14.0,26.21,0.9,0,Safe
87.93,209.47,81.54,39.58,1.17,57.86,20.5,78.3,2,Warning
26.53,103.01,65.01,38.36,0.34,35.07,20.45,36.3,1,Watch
2.43,3.17,27.66,42.1,0.53,11.09,24.12,1.4,0,Safe
2.8,12.45,22.7,34.66,0.52,7.49,19.11,5.3,0,Safe
0.48,1.67,32.87,15.86,0.13,10.02,30.32,2.0,0,Safe
73.37,136.7,83.04,39.8,1.17,61.91,11.31,66.4,2,Warning
1.77,16.93,36.81,37.4,0.5,4.71,26.68,1.5,0,Safe
77.17,135.23,76.9,27.63,1.4,33.29,11.79,39.8,1,Watch
1.1,10.09,28.17,39.72,0.43,3.01,23.02,0.0,0,Safe
20.3,95.1,53.06,30.42,0.83,21.05,20.68,18.0,0,Safe
0.51,15.16,48.4,26.35,0.53,2.89,25.69,3.9,0,Safe
7.92,20.1,34.42,24.45,0.47,4.98,21.34,0.0,0,Safe
0.32,22.34,44.81,28.35,0.59,14.28,25.67,5.0,0,Safe
45.08,182.11,77.74,37.06,1.71,52.93,13.98,56.3,1,Watch
65.16,241.41,96.32,50.61,2.8,70.76,14.6,100.0,3,Critical
46.95,48.36,59.19,21.63,0.9,9.33,20.95,10.0,0,Safe
84.24,196.36,90.0,48.88,4.37,79.08,11.21,100.0,3,Critical
0.09,13.9,49.79,26.53,0.11,10.63,24.35,4.2,0,Safe
8.48,2.88,27.18,21.78,0.28,9.22,26.79,3.8,0,Safe
47.44,138.86,85.82,39.59,1.07,41.63,11.36,50.4,1,Watch
0.59,12.35,32.53,38.75,0.58,7.79,25.17,1.8,0,Safe
116.63,310.21,87.83,44.12,3.09,58.17,14.7,84.2,3,Critical
95.3,322.73,94.17,46.69,2.43,82.51,13.78,100.0,3,Critical
0.14,17.1,23.14,33.91,0.45,4.64,22.3,4.2,0,Safe
0.82,5.9,55.07,32.93,0.15,18.29,16.49,6.3,0,Safe
11.93,95.47,66.76,32.74,0.48,37.23,20.17,23.1,0,Safe
26.96,87.7,77.94,35.32,0.87,36.94,17.38,27.0,0,Safe
4.08,16.21,45.38,28.3,0.2,13.42,19.56,1.4,0,Safe
54.1,210.4,74.46,58.63,1.32,32.55,16.31,71.7,2,Warning
32.14,101.65,41.42,40.1,0.49,22.07,18.06,15.4,0,Safe
54.6,43.57,60.45,23.45,0.69,29.27,13.72,21.6,0,Safe
0.55,18.31,31.86,25.34,0.45,7.97,28.61,2.2,0,Safe
9.08,3.28,32.1,30.92,0.24,4.97,17.37,5.9,0,Safe
0.21,18.73,29.39,26.95,0.44,7.72,26.7,0.0,0,Safe
2.31,6.74,44.39,27.45,0.43,7.75,23.6,3.6,0,Safe
9.42,91.49,64.34,25.7,1.1,36.15,19.52,22.3,0,Safe
1.32,6.67,44.41,29.59,0.19,8.94,26.29,0.0,0,Safe
3.97,12.34,52.63,24.7,0.4,8.6,22.16,3.2,0,Safe
64.01,153.25,80.84,48.07,1.17,43.81,10.71,66.2,2,Warning
79.86,208.96,79.85,40.97,2.0,43.48,18.33,67.7,2,Warning
3.27,2.83,23.68,10.12,0.25,10.51,21.75,4.1,0,Safe
3.14,14.42,24.81,28.0,0.3,11.32,26.5,0.0,0,Safe
0.83,7.83,21.53,29.81,0.57,10.52,32.31,2.6,0,Safe
63.7,87.42,55.74,39.5,0.91,41.29,13.17,40.1,1,Watch
26.39,57.49,76.87,36.24,1.04,28.99,16.38,26.8,0,Safe
4.06,18.88,12.74,26.43,0.51,1.56,26.03,0.0,0,Safe
38.68,196.54,83.42,33.86,0.84,36.81,16.99,45.3,1,Watch
4.91,3.35,41.83,29.3,0.11,17.16,25.13,3.3,0,Safe
127.81,270.25,91.4,51.56,4.41,73.1,11.2,100.0,3,Critical
53.15,283.61,85.65,39.84,2.32,60.93,15.44,71.9,2,Warning
0.48,4.76,38.65,30.58,0.53,12.04,30.56,2.9,0,Safe
15.98,78.61,65.49,28.59,0.9,22.16,16.26,20.0,0,Safe
1.61,7.37,40.72,14.94,0.48,11.09,22.9,2.0,0,Safe
47.35,53.37,50.46,39.78,0.75,44.35,17.01,37.3,1,Watch
101.93,210.38,71.24,21.83,1.41,51.02,15.76,45.8,1,Watch
4.75,15.56,28.79,28.59,0.48,15.25,25.54,0.6,0,Safe
0.44,5.48,38.86,27.54,0.37,8.57,26.23,0.5,0,Safe
1.61,16.57,52.66,27.48,0.22,4.8,21.22,8.9,0,Safe
47.33,70.35,65.39,41.62,0.58,28.59,20.27,35.8,1,Watch
53.71,89.32,57.01,41.95,0.43,26.23,19.16,32.4,1,Watch
6.94,34.3,65.81,47.97,0.53,20.51,20.17,8.0,0,Safe
0.1,10.04,24.46,36.83,0.11,13.1,26.03,0.0,0,Safe
23.78,106.38,63.33,39.96,1.06,31.1,18.9,30.1,1,Watch
1.51,9.5,26.88,26.29,0.5,17.26,27.26,1.6,0,Safe
0.49,1.61,32.07,19.79,0.15,12.19,20.23,0.0,0,Safe
63.12,215.06,86.41,43.83,2.69,54.13,14.87,82.7,3,Critical
2.36,10.49,36.94,39.92,0.27,9.61,20.48,2.2,0,Safe
38.74,168.09,79.52,40.0,1.58,61.88,19.51,60.2,2,Warning
17.2,48.71,62.86,28.67,1.09,37.48,24.04,28.8,0,Safe
5.22,3.5,34.64,40.31,0.14,3.89,28.86,0.2,0,Safe
47.88,116.33,73.59,36.02,1.85,32.75,19.34,39.9,1,Watch
57.55,297.58,89.07,43.4,3.94,85.76,13.37,94.9,3,Critical
1.58,8.04,44.88,39.15,0.18,15.37,27.32,3.3,0,Safe
67.98,118.48,66.77,41.9,0.99,50.26,16.59,57.2,1,Watch
56.26,217.43,76.82,32.53,1.38,53.7,16.04,55.6,1,Watch
35.51,212.78,72.82,48.35,1.11,36.38,19.26,58.0,1,Watch
36.82,60.62,39.6,31.26,0.32,17.38,13.09,11.8,0,Safe
12.89,65.76,60.42,36.98,0.75,25.71,19.78,15.5,0,Safe
64.31,171.94,79.61,40.0,1.21,38.01,15.25,57.3,1,Watch
14.93,81.46,74.88,33.25,0.33,43.19,14.72,32.8,1,Watch
120.52,206.95,90.7,37.04,3.3,53.81,19.92,77.1,2,Warning
123.95,213.09,94.98,55.62,1.92,72.31,16.49,100.0,3,Critical
12.89,70.68,63.51,27.39,1.09,17.53,15.33,12.3,0,Safe
65.03,361.93,96.26,39.68,3.57,52.73,21.49,82.6,3,Critical
0.68,15.55,33.05,19.48,0.42,10.93,18.46,4.7,0,Safe
8.12,101.74,61.98,28.86,0.98,34.81,18.59,23.2,0,Safe
11.22,59.23,73.15,41.74,1.16,33.98,18.71,30.5,1,Watch
0.38,1.35,39.05,25.46,0.14,13.09,21.56,0.0,0,Safe
72.98,283.33,86.08,52.87,4.25,68.04,17.95,100.0,3,Critical
10.74,82.85,64.29,42.62,0.5,19.39,15.04,16.2,0,Safe
42.12,42.16,73.46,33.84,0.51,32.13,19.08,29.8,0,Safe
0.52,13.93,37.48,34.8,0.54,19.1,32.86,2.6,0,Safe
25.99,213.6,80.35,40.63,1.42,42.25,17.57,50.9,1,Watch
13.36,117.29,70.3,38.52,0.83,48.94,15.3,42.5,1,Watch
23.86,77.94,42.02,29.05,0.32,18.55,18.83,12.7,0,Safe
6.44,102.87,55.11,24.32,0.8,34.87,18.81,18.8,0,Safe
7.51,79.81,57.95,30.73,0.42,11.88,21.58,7.0,0,Safe
0.81,10.27,33.46,31.84,0.42,13.03,28.43,0.3,0,Safe
0.24,20.11,31.16,32.48,0.16,8.83,23.6,0.5,0,Safe
4.59,15.59,17.74,11.8,0.57,11.25,22.27,6.7,0,Safe
76.54,200.28,82.65,24.53,0.88,53.28,11.76,43.3,1,Watch
90.91,256.8,87.66,49.39,4.49,74.0,10.33,100.0,3,Critical
47.94,193.06,78.39,40.14,1.2,41.26,15.75,48.9,1,Watch
64.46,296.43,90.6,36.67,2.74,85.33,11.6,88.8,3,Critical
53.36,210.19,69.63,30.08,1.43,59.48,16.02,50.6,1,Watch
43.72,115.92,69.65,38.6,1.06,17.36,18.13,28.5,0,Safe
93.47,326.71,94.43,49.63,2.56,63.36,20.29,100.0,3,Critical
44.94,40.99,66.17,35.09,0.95,20.47,17.83,19.0,0,Safe
81.85,188.53,71.47,40.95,1.06,50.59,14.02,66.7,2,Warning
1.36,21.86,42.73,29.46,0.14,12.62,32.25,0.0,0,Safe
106.82,212.49,86.88,42.89,4.26,86.16,15.44,100.0,3,Critical
3.94,16.47,30.59,39.79,0.33,8.56,19.58,3.0,0,Safe
68.36,125.84,78.49,33.74,1.09,66.51,16.78,56.3,1,Watch
0.07,10.36,24.78,28.62,0.29,14.02,22.12,4.4,0,Safe
3.56,11.6,41.2,18.92,0.21,9.27,31.18,3.5,0,Safe
0.02,21.04,10.73,10.0,0.58,8.19,30.86,1.9,0,Safe
0.83,12.11,40.16,36.51,0.38,4.38,21.9,0.4,0,Safe
27.5,46.19,52.65,30.42,0.48,35.29,17.72,19.7,0,Safe
7.53,81.98,55.87,34.37,0.75,30.71,18.4,19.2,0,Safe
22.03,111.69,60.41,42.36,0.61,39.29,18.79,35.0,1,Watch
0.02,9.2,39.95,23.88,0.39,14.15,27.71,0.0,0,Safe
0.52,12.56,37.45,10.0,0.22,10.18,18.8,0.4,0,Safe
11.89,77.77,57.18,35.43,0.75,21.63,14.13,12.3,0,Safe
64.24,182.84,87.47,33.12,1.46,65.86,14.03,64.2,2,Warning
13.64,86.18,52.05,32.21,0.72,33.42,19.42,24.2,0,Safe
11.27,71.03,48.44,40.86,0.96,22.93,16.34,14.7,0,Safe
7.41,84.19,54.62,40.98,0.86,23.59,20.03,20.3,0,Safe
0.68,20.08,31.94,13.26,0.44,5.63,23.98,2.8,0,Safe
25.26,95.89,64.18,30.23,1.14,37.8,16.86,29.7,0,Safe
55.32,171.08,79.52,39.3,1.39,38.78,15.03,51.8,1,Watch
39.67,104.9,58.35,38.27,0.9,25.77,17.66,32.2,1,Watch
120.75,191.91,95.36,38.86,3.89,68.14,14.71,95.3,3,Critical
6.36,20.11,24.4,29.17,0.58,9.98,25.46,2.5,0,Safe
18.54,80.25,54.45,39.12,0.37,23.56,18.49,20.1,0,Safe
2.12,19.17,30.94,26.37,0.46,14.09,25.27,2.2,0,Safe
40.45,32.36,50.84,30.43,0.71,25.01,17.09,16.9,0,Safe
1.7,22.11,38.55,42.6,0.22,2.43,27.48,3.7,0,Safe
26.98,173.34,77.31,43.32,1.08,47.53,16.09,51.5,1,Watch
26.94,56.12,62.17,37.25,0.71,40.13,17.92,31.8,1,Watch
107.05,128.99,78.95,36.04,1.19,52.21,19.34,58.8,1,Watch
3.84,6.57,47.73,34.19,0.58,3.1,18.86,0.0,0,Safe
49.49,125.04,75.7,40.13,1.19,43.5,15.68,49.7,1,Watch
30.05,47.96,57.87,36.18,0.42,23.48,16.7,17.3,0,Safe
31.61,169.34,84.33,43.59,1.02,43.84,13.33,51.6,1,Watch
7.58,54.75,72.67,31.47,0.62,14.64,20.07,8.4,0,Safe
114.35,282.38,85.9,41.23,4.55,72.47,13.77,99.3,3,Critical
122.92,184.69,70.2,41.14,1.02,40.11,12.53,61.5,2,Warning
34.48,53.64,64.58,37.26,0.96,26.45,14.03,27.6,0,Safe
31.21,100.65,59.0,27.22,0.96,33.51,14.34,20.9,0,Safe
14.13,69.2,65.27,24.76,1.11,16.63,16.76,13.9,0,Safe
104.9,219.99,90.35,46.57,2.16,74.58,12.33,100.0,3,Critical
12.26,97.99,71.63,33.42,0.9,24.18,19.7,15.3,0,Safe
59.53,155.44,88.72,35.69,1.37,42.35,19.86,53.0,1,Watch
63.54,193.44,77.83,41.36,1.93,56.34,21.51,69.5,2,Warning
97.27,170.0,77.59,36.02,1.91,41.62,14.09,53.9,1,Watch
117.85,272.88,88.95,42.44,3.17,79.91,13.05,100.0,3,Critical
78.66,183.18,84.67,40.39,1.32,37.02,16.21,58.8,1,Watch
5.38,23.98,43.08,30.35,0.47,8.33,27.81,1.3,0,Safe
4.63,7.26,35.4,33.62,0.49,10.87,27.88,3.5,0,Safe
1.93,23.79,35.0,31.27,0.47,10.07,21.6,0.0,0,Safe
78.59,196.31,95.55,47.4,3.86,55.86,17.19,100.0,3,Critical
84.93,270.11,93.78,56.68,4.76,89.94,14.1,100.0,3,Critical
15.53,72.71,66.03,34.65,1.09,42.08,13.74,31.4,1,Watch
11.52,46.06,59.06,29.48,1.09,26.57,16.84,13.9,0,Safe
100.46,193.54,71.92,33.21,1.33,29.51,17.81,51.8,1,Watch
124.1,260.03,95.08,50.33,3.3,75.75,15.84,100.0,3,Critical
4.89,1.46,31.41,34.68,0.54,5.45,23.99,1.5,0,Safe
0.42,14.39,54.85,17.57,0.49,12.72,29.48,0.0,0,Safe
0.71,3.97,33.79,18.11,0.4,12.53,18.25,5.5,0,Safe
9.34,37.51,85.42,31.48,0.5,25.42,26.91,7.6,0,Safe
1.46,4.24,27.26,25.74,0.1,14.5,19.53,2.5,0,Safe
3.3,1.52,27.36,28.69,0.15,10.06,22.74,1.5,0,Safe
2.59,20.59,39.01,36.3,0.33,10.59,23.03,4.3,0,Safe
25.39,93.18,57.07,19.83,0.58,26.27,18.55,12.8,0,Safe
3.28,7.28,42.28,31.56,0.14,2.97,23.67,6.1,0,Safe
31.42,70.73,49.82,40.87,1.05,21.74,21.87,23.4,0,Safe
53.18,236.0,91.89,42.75,2.3,71.0,18.69,81.4,3,Critical
8.06,24.8,29.33,43.6,0.32,5.52,20.88,10.3,0,Safe
0.66,22.98,40.11,27.9,0.13,5.17,24.03,5.8,0,Safe
4.35,3.8,27.03,24.8,0.59,10.76,24.45,2.7,0,Safe
28.54,97.46,59.54,31.45,0.42,17.81,17.38,16.8,0,Safe
17.19,95.81,74.76,19.3,1.09,21.48,22.97,14.6,0,Safe
66.53,300.22,95.96,39.84,3.38,60.44,12.45,78.5,2,Warning
0.73,5.75,22.88,30.76,0.48,15.13,22.81,5.1,0,Safe
13.58,86.71,43.76,42.84,1.15,40.78,18.2,32.1,1,Watch
2.11,3.52,47.5,23.09,0.32,9.03,26.02,4.4,0,Safe
0.25,2.44,18.51,39.82,0.29,11.42,22.4,1.1,0,Safe
6.6,18.92,33.48,33.83,0.25,7.17,27.11,0.0,0,Safe
1.33,10.7,33.87,28.98,0.19,12.05,20.95,0.0,0,Safe
53.16,191.95,77.57,40.32,0.96,46.83,16.77,56.0,1,Watch
54.94,231.84,90.31,57.8,2.38,74.83,16.49,100.0,3,Critical
81.43,280.43,94.65,49.06,3.1,79.18,11.53,100.0,3,Critical
32.38,117.05,78.07,25.04,1.81,46.99,15.79,36.0,1,Watch
1.09,22.26,36.61,25.63,0.6,16.68,31.05,4.4,0,Safe
2.54,22.66,49.05,39.02,0.13,8.39,27.86,7.4,0,Safe
0.77,15.35,38.3,28.09,0.42,15.34,16.21,7.9,0,Safe
39.78,119.59,47.49,31.21,0.77,20.71,14.72,20.2,0,Safe
28.25,199.84,80.34,38.81,0.83,23.1,19.15,32.8,1,Watch
0.46,17.27,31.91,21.65,0.5,12.44,28.05,0.0,0,Safe
33.2,43.17,54.95,31.59,0.96,42.3,17.93,30.2,1,Watch
19.96,61.65,66.97,40.92,1.08,28.56,19.6,25.6,0,Safe
0.1,14.23,28.9,29.77,0.11,8.97,21.34,0.0,0,Safe
0.31,7.6,42.51,37.22,0.26,7.25,17.69,3.9,0,Safe
70.46,365.81,86.94,53.61,3.64,82.68,13.57,100.0,3,Critical
5.3,10.3,39.02,37.78,0.1,7.86,19.58,0.0,0,Safe
1.5,10.06,40.31,20.71,0.21,5.76,28.18,0.0,0,Safe
51.64,115.23,75.11,13.03,1.11,35.9,17.87,25.5,0,Safe
19.91,55.76,71.16,36.41,0.3,40.6,21.78,27.8,0,Safe
1.32,3.29,38.78,37.34,0.13,10.0,27.95,0.0,0,Safe
42.7,123.77,86.49,43.64,1.57,79.47,7.78,75.2,2,Warning
78.13,45.51,58.66,37.19,1.01,22.83,18.19,33.1,1,Watch
86.65,186.75,77.46,43.07,1.9,38.79,19.47,67.6,2,Warning
42.77,31.31,69.28,33.98,0.53,26.11,23.36,16.7,0,Safe
0.08,24.79,40.8,29.18,0.38,13.19,25.69,0.6,0,Safe
8.59,12.9,41.47,29.35,0.43,8.49,26.9,5.3,0,Safe
75.95,200.36,93.5,44.02,2.98,84.21,15.03,100.0,3,Critical
77.08,366.6,88.53,36.8,3.65,79.03,9.76,95.9,3,Critical
6.17,20.41,44.41,24.55,0.11,7.48,29.0,3.3,0,Safe
126.88,203.63,85.4,52.41,3.39,77.28,14.79,100.0,3,Critical
36.59,49.25,66.71,35.55,0.39,32.4,18.2,27.5,0,Safe
4.1,13.2,42.2,30.76,0.47,6.56,19.05,2.3,0,Safe
10.69,74.61,64.01,40.73,1.11,21.14,20.29,23.2,0,Safe
0.67,14.26,30.88,27.16,0.35,6.38,25.59,3.2,0,Safe
45.15,125.72,85.4,35.8,1.45,40.22,19.89,45.3,1,Watch
76.14,157.4,81.35,28.78,1.47,36.37,13.52,44.2,1,Watch
0.11,20.74,25.57,25.62,0.24,12.9,24.14,1.0,0,Safe
24.9,128.85,78.15,38.19,1.96,38.04,18.66,45.8,1,Watch
20.85,74.12,72.14,34.63,0.61,26.58,12.09,17.9,0,Safe
3.48,16.78,40.02,36.82,0.21,12.18,20.74,3.8,0,Safe
2.63,9.18,39.4,26.37,0.19,9.36,25.62,4.3,0,Safe
85.13,278.93,98.38,53.06,4.53,91.77,16.79,100.0,3,Critical
1.81,2.33,32.51,36.53,0.12,12.56,20.3,0.0,0,Safe
32.65,138.59,85.86,30.36,0.82,20.62,13.29,22.9,0,Safe
58.21,231.25,86.35,43.37,2.98,68.41,16.16,90.3,3,Critical
14.16,77.94,64.59,48.11,0.41,16.49,20.86,23.1,0,Safe
7.49,46.21,68.8,31.83,1.09,22.26,19.81,13.9,0,Safe
61.49,337.35,89.47,55.66,2.38,88.97,9.94,100.0,3,Critical
0.61,17.2,34.03,28.17,0.58,18.88,25.71,2.8,0,Safe
1.17,12.13,31.71,13.95,0.41,10.3,25.34,0.0,0,Safe
26.59,78.31,63.87,36.41,0.57,38.64,20.99,31.2,1,Watch
5.57,6.22,41.88,36.69,0.39,6.63,18.07,0.0,0,Safe
16.51,48.7,56.66,32.26,0.78,34.12,19.15,21.4,0,Safe
4.82,72.35,69.99,33.12,0.96,29.71,22.9,20.1,0,Safe
1.07,11.83,33.06,17.81,0.39,7.29,21.93,2.6,0,Safe
3.56,9.09,41.63,14.2,0.15,14.33,23.23,0.8,0,Safe
1.4,17.97,37.9,29.62,0.53,3.93,22.6,1.8,0,Safe
8.04,2.51,34.25,26.86,0.25,12.82,21.42,4.0,0,Safe
0.95,19.52,16.49,23.39,0.26,17.87,22.11,3.0,0,Safe
28.89,117.51,59.21,32.19,0.51,16.19,19.0,17.9,0,Safe
13.51,49.19,57.94,25.78,0.59,28.33,23.45,11.1,0,Safe
1.41,24.53,34.21,32.18,0.51,15.71,26.81,4.2,0,Safe
2.25,15.89,29.2,30.98,0.37,11.99,24.01,6.1,0,Safe
2.61,19.54,35.75,26.15,0.16,3.02,20.13,4.1,0,Safe
16.3,97.19,79.35,36.32,0.79,23.11,18.04,22.5,0,Safe
109.98,248.15,90.49,54.87,1.81,87.62,17.44,100.0,3,Critical
1.3,3.33,29.98,13.16,0.29,0.43,26.92,3.9,0,Safe
6.48,47.11,59.8,40.69,0.6,37.56,23.16,25.4,0,Safe
13.3,114.65,62.51,29.3,1.12,24.62,24.61,16.9,0,Safe
7.04,55.25,39.16,39.79,0.78,20.75,20.37,9.4,0,Safe
41.79,181.17,81.9,37.06,1.1,50.25,8.9,57.1,1,Watch
6.54,1.41,33.54,26.67,0.51,9.54,22.37,0.7,0,Safe
41.64,132.23,83.69,37.82,1.86,43.11,19.88,52.2,1,Watch
1.11,14.72,46.49,42.24,0.14,4.32,23.72,2.6,0,Safe
2.56,5.82,34.53,34.89,0.27,10.92,24.07,0.0,0,Safe
74.66,95.27,65.73,32.57,0.41,27.35,17.15,31.5,1,Watch
2.87,19.07,26.44,24.93,0.53,11.33,23.95,0.0,0,Safe
53.16,198.38,92.12,47.27,3.38,86.13,11.55,100.0,3,Critical
6.05,6.85,47.93,29.32,0.44,6.48,19.15,5.3,0,Safe
89.02,212.44,77.78,40.49,1.27,49.26,15.3,67.4,2,Warning
51.93,144.74,89.25,36.46,1.39,38.47,17.85,53.9,1,Watch
0.25,22.17,17.85,29.56,0.37,8.38,18.79,0.0,0,Safe
33.62,52.99,76.87,40.24,0.88,16.59,20.1,21.5,0,Safe
4.23,19.29,24.96,35.75,0.55,6.81,22.94,0.7,0,Safe
18.52,34.84,46.0,25.09,0.4,19.88,18.81,7.4,0,Safe
0.06,20.48,46.71,10.0,0.18,11.84,27.4,5.1,0,Safe
0.26,17.54,28.41,30.78,0.15,15.27,23.5,4.4,0,Safe
8.76,19.81,47.12,28.47,0.55,8.78,22.95,2.1,0,Safe
46.24,60.93,78.41,38.33,0.99,29.87,18.77,35.1,1,Watch
0.84,12.34,38.34,23.9,0.29,7.42,19.65,0.0,0,Safe
5.26,56.58,67.31,24.19,0.45,42.12,19.2,17.5,0,Safe
0.54,9.47,19.94,23.66,0.51,8.77,26.76,3.4,0,Safe
1.9,23.14,45.35,21.19,0.27,9.9,25.62,4.6,0,Safe
77.41,50.19,57.67,43.62,1.16,32.11,23.22,40.5,1,Watch
20.05,49.24,62.0,47.24,0.69,30.53,16.85,28.6,0,Safe
68.82,96.93,57.26,36.48,0.91,31.38,17.34,38.5,1,Watch
0.99,23.3,33.73,32.4,0.15,12.47,30.68,8.0,0,Safe
24.49,103.99,56.72,30.38,0.44,22.48,22.1,19.2,0,Safe
125.78,248.5,97.73,44.79,4.08,60.66,13.2,95.8,3,Critical
82.78,152.2,79.36,41.42,1.87,41.03,15.86,65.7,2,Warning
39.39,70.21,75.59,20.24,0.43,35.92,17.43,16.8,0,Safe
73.08,224.21,95.57,49.18,4.58,74.19,14.04,100.0,3,Critical
0.03,8.75,35.13,27.12,0.31,10.11,15.42,4.3,0,Safe
23.34,72.68,64.62,33.92,0.71,20.94,18.39,19.7,0,Safe
112.03,295.59,95.07,51.84,2.17,66.09,15.79,100.0,3,Critical
21.4,110.18,76.57,29.89,0.92,21.23,20.36,18.2,0,Safe
0.17,11.09,25.87,33.59,0.55,1.55,23.09,3.0,0,Safe
2.27,10.81,32.35,32.61,0.2,12.16,22.96,2.8,0,Safe
6.19,4.57,26.18,24.86,0.56,10.95,29.61,2.8,0,Safe
112.16,357.28,96.36,45.66,2.2,64.12,12.56,91.0,3,Critical
0.1,17.85,26.53,26.91,0.48,3.75,31.82,6.0,0,Safe
1.18,0.51,34.91,22.37,0.35,7.74,24.52,0.0,0,Safe
3.39,4.43,36.54,17.74,0.38,13.92,15.18,2.8,0,Safe
15.29,66.0,55.27,32.59,1.06,29.85,17.74,18.7,0,Safe
17.4,77.99,57.89,36.38,0.94,30.87,22.0,26.3,0,Safe
109.47,343.42,94.85,51.62,2.66,59.24,15.93,100.0,3,Critical
78.26,212.4,87.48,52.89,2.42,86.89,11.46,100.0,3,Critical
17.92,88.46,51.68,28.53,1.12,23.68,20.15,15.7,0,Safe
58.56,110.62,77.68,43.67,1.99,54.06,16.23,61.5,2,Warning
1.04,0.55,29.28,38.81,0.13,8.0,28.14,1.4,0,Safe
21.35,39.94,60.16,46.56,0.61,17.45,21.88,16.7,0,Safe
50.94,89.42,62.02,35.35,1.1,33.95,16.35,34.8,1,Watch
11.64,113.39,66.54,35.67,0.96,17.48,17.77,20.4,0,Safe
58.69,194.99,78.72,44.25,1.72,30.03,15.49,55.7,1,Watch
0.28,4.3,36.94,28.69,0.25,9.41,26.0,4.7,0,Safe
0.26,0.52,30.41,36.38,0.44,1.46,29.71,0.0,0,Safe
39.37,204.1,77.34,46.31,1.18,46.96,20.49,62.6,2,Warning
20.26,108.11,61.89,30.48,1.18,7.91,17.53,21.2,0,Safe
15.13,46.29,71.37,42.18,0.3,16.51,15.63,19.2,0,Safe
3.66,22.62,23.08,42.55,0.44,9.84,23.99,6.0,0,Safe
43.48,185.99,77.76,38.08,1.18,46.41,14.72,52.7,1,Watch
21.78,51.47,44.5,29.29,1.17,29.1,20.63,10.0,0,Safe
46.79,153.44,78.7,41.57,1.49,35.39,21.08,51.0,1,Watch
7.08,17.0,26.06,32.59,0.36,8.85,20.57,7.1,0,Safe
10.98,94.2,57.61,29.52,0.86,22.08,18.29,16.4,0,Safe
55.65,245.44,95.98,52.78,3.43,68.69,13.91,100.0,3,Critical
108.5,291.67,86.05,44.04,2.13,86.64,13.49,93.7,3,Critical
15.7,77.34,58.48,39.37,0.32,28.65,18.64,18.9,0,Safe
0.93,11.82,21.45,24.12,0.19,9.17,24.82,0.0,0,Safe
14.07,69.95,46.53,40.26,1.02,31.89,17.22,22.7,0,Safe
10.33,23.69,28.34,30.75,0.52,11.81,20.41,3.6,0,Safe
108.54,253.77,88.37,40.31,3.59,60.12,12.61,99.3,3,Critical
29.61,59.21,40.47,27.16,0.4,28.92,13.38,18.3,0,Safe
12.18,41.64,48.42,33.52,0.44,28.58,15.05,12.4,0,Safe
51.8,248.19,90.85,38.84,4.15,56.05,15.2,78.6,2,Warning
17.04,49.2,55.87,48.6,0.49,30.34,19.79,26.7,0,Safe
3.26,20.9,40.09,27.97,0.29,0.0,19.46,3.2,0,Safe
23.67,119.25,59.64,40.18,0.38,19.1,19.55,24.4,0,Safe
25.27,81.27,62.58,35.07,1.04,35.98,20.29,23.4,0,Safe
3.16,1.85,25.94,29.2,0.55,8.73,18.84,1.9,0,Safe
117.95,297.79,91.34,49.47,2.39,68.42,14.92,100.0,3,Critical
119.57,279.81,90.6,47.1,4.67,72.85,15.04,100.0,3,Critical
107.17,361.0,89.07,51.16,4.39,55.41,13.25,100.0,3,Critical
92.39,243.86,90.2,47.54,3.58,89.25,13.45,100.0,3,Critical
22.46,87.86,66.38,38.44,0.33,27.14,22.99,25.0,0,Safe
61.4,229.03,94.04,50.01,1.85,73.0,11.59,96.1,3,Critical
49.23,209.52,69.39,45.45,1.73,43.8,15.68,66.1,2,Warning
50.35,158.11,71.52,42.07,0.95,24.93,15.64,41.2,1,Watch
56.54,185.75,84.78,39.4,1.21,46.33,12.83,53.3,1,Watch
4.08,75.7,73.74,36.9,0.63,17.76,15.14,13.4,0,Safe
121.87,228.46,86.7,44.91,2.03,65.79,16.16,90.9,3,Critical
2.36,4.72,34.55,23.48,0.23,21.06,28.67,4.2,0,Safe
1.4,9.79,51.45,11.75,0.18,11.17,28.44,0.0,0,Safe
0.19,13.82,37.05,35.78,0.13,7.16,23.48,6.7,0,Safe
0.59,16.04,42.92,23.22,0.42,9.63,27.6,0.0,0,Safe
99.87,176.84,74.34,25.79,0.82,50.92,18.63,44.4,1,Watch
1.4,13.05,30.95,26.08,0.38,8.38,32.78,0.0,0,Safe
21.05,78.29,66.89,36.24,1.01,26.4,19.32,22.2,0,Safe
0.13,3.58,28.12,19.87,0.3,8.56,22.62,4.6,0,Safe
84.84,250.52,85.86,48.26,3.45,83.44,16.84,100.0,3,Critical
39.92,73.34,79.36,27.8,1.06,35.4,18.38,25.6,0,Safe
1.74,1.47,37.45,29.12,0.43,12.21,25.29,0.0,0,Safe
3.87,14.14,26.55,24.1,0.3,11.02,18.21,0.9,0,Safe
4.64,11.39,31.09,21.28,0.16,7.54,16.15,1.1,0,Safe
32.01,87.78,61.59,26.62,0.45,20.2,23.56,12.4,0,Safe
8.62,16.55,30.91,24.9,0.14,14.53,22.8,7.2,0,Safe
2.99,20.6,40.47,27.77,0.25,8.84,26.3,2.4,0,Safe
54.52,117.84,76.67,47.01,1.0,49.77,9.3,55.8,1,Watch
27.54,202.01,84.9,38.92,1.85,44.34,14.8,58.7,1,Watch
44.34,111.05,73.0,42.11,0.84,35.79,14.27,40.8,1,Watch
71.91,230.95,96.77,36.59,4.51,73.3,12.37,88.7,3,Critical
1.56,21.26,52.86,28.37,0.16,6.59,26.19,1.7,0,Safe
12.22,59.88,60.61,37.93,0.93,14.15,19.87,10.4,0,Safe
5.26,49.99,65.61,32.49,0.33,28.96,22.45,15.5,0,Safe
35.05,31.61,76.8,29.52,0.68,20.11,21.01,11.4,0,Safe
28.89,82.89,57.82,24.63,0.92,30.67,14.21,19.4,0,Safe
5.71,68.88,75.34,32.99,0.77,23.15,15.56,14.1,0,Safe
71.26,200.33,82.14,28.72,0.99,50.33,19.17,47.8,1,Watch
54.84,123.54,79.07,46.58,1.16,48.76,12.07,58.4,1,Watch
7.09,24.75,32.67,39.74,0.16,8.75,27.96,7.2,0,Safe
3.32,10.07,24.71,42.99,0.29,6.17,30.11,0.0,0,Safe
74.95,200.98,89.46,43.31,3.89,87.65,10.12,100.0,3,Critical
1.74,4.28,39.48,23.52,0.48,6.83,25.05,13.2,0,Safe
0.44,19.46,31.51,28.91,0.4,6.94,20.98,1.6,0,Safe
0.57,14.65,36.49,17.22,0.35,6.58,20.2,3.4,0,Safe
1.87,9.97,32.02,28.62,0.18,5.69,30.67,1.6,0,Safe
4.85,39.32,60.63,28.37,0.81,21.63,15.56,9.5,0,Safe
2.03,7.43,33.07,19.83,0.56,8.04,23.23,3.9,0,Safe
47.78,138.6,73.19,42.88,1.64,56.28,17.68,62.3,2,Warning
17.85,68.72,70.84,35.91,0.79,9.04,15.54,16.0,0,Safe
0.57,14.07,41.55,32.92,0.47,9.11,24.49,0.1,0,Safe
2.07,7.14,41.62,32.86,0.42,11.22,25.36,0.0,0,Safe
102.04,152.55,79.44,28.9,1.58,48.38,13.98,49.8,1,Watch
1.24,4.37,32.99,22.38,0.5,15.74,12.18,0.6,0,Safe
40.12,197.7,84.72,37.06,0.82,44.01,18.39,52.7,1,Watch
34.04,45.94,63.41,27.89,0.98,31.87,18.57,22.5,0,Safe
46.06,81.88,56.68,42.63,0.48,26.19,21.08,25.6,0,Safe
8.75,6.37,19.39,29.42,0.51,4.57,33.22,0.4,0,Safe
0.88,5.4,29.43,35.46,0.5,11.21,24.67,0.8,0,Safe
0.51,5.0,32.31,34.83,0.45,4.55,18.19,0.6,0,Safe
50.51,136.43,83.09,36.88,1.81,42.6,12.1,50.4,1,Watch
36.07,202.09,71.11,34.77,1.55,51.09,12.71,48.7,1,Watch
14.11,73.48,67.43,34.54,0.96,35.76,17.31,25.3,0,Safe
72.72,242.41,89.57,46.87,2.78,68.28,15.48,100.0,3,Critical
103.34,224.54,97.82,38.7,2.98,53.21,12.07,79.6,2,Warning
2.25,13.7,12.6,21.53,0.23,13.67,19.06,6.1,0,Safe
20.14,116.75,51.67,36.63,0.83,32.69,19.01,26.1,0,Safe
11.98,71.63,57.31,35.17,0.83,38.79,20.02,24.4,0,Safe
0.15,19.33,29.65,30.47,0.25,9.06,22.19,3.2,0,Safe
122.89,226.71,87.57,36.83,4.3,91.65,13.57,89.8,3,Critical
103.18,265.53,88.84,56.55,2.85,80.68,16.18,100.0,3,Critical
11.39,74.25,58.33,40.89,0.71,26.49,24.28,16.6,0,Safe
1.52,2.27,37.17,28.12,0.14,7.58,20.98,0.0,0,Safe
0.77,4.85,30.08,46.71,0.57,2.53,15.84,1.4,0,Safe
11.82,7.75,23.85,27.25,0.31,7.74,24.43,3.1,0,Safe
82.22,148.06,77.43,40.69,0.92,53.12,16.5,64.1,2,Warning
10.96,108.92,80.8,34.22,0.45,21.19,19.14,20.7,0,Safe
68.94,352.3,88.83,57.41,2.15,90.72,19.72,100.0,3,Critical
3.51,21.34,47.82,29.92,0.5,12.79,21.31,3.9,0,Safe
74.53,184.92,67.38,36.2,1.62,44.33,13.0,61.9,2,Warning
40.13,68.68,70.63,37.19,0.71,30.03,19.49,27.6,0,Safe
45.99,51.56,64.76,30.56,0.64,25.92,17.09,21.7,0,Safe
74.66,270.45,87.28,38.1,3.68,65.93,14.34,85.8,3,Critical
3.11,7.01,42.27,27.09,0.36,13.07,21.77,0.0,0,Safe
13.25,36.16,68.55,28.79,0.62,21.99,22.04,6.7,0,Safe
2.36,18.52,33.8,38.02,0.41,11.87,22.75,8.0,0,Safe
99.71,375.74,87.46,47.73,4.59,62.2,20.33,100.0,3,Critical
25.58,75.68,80.16,24.81,1.02,22.57,15.72,14.6,0,Safe
0.8,2.75,41.44,28.04,0.29,10.68,27.35,1.9,0,Safe
0.83,2.61,28.16,33.38,0.44,5.46,21.89,3.6,0,Safe
4.0,6.39,31.3,22.55,0.16,10.85,24.98,0.0,0,Safe
37.47,212.37,85.5,47.38,1.11,41.95,11.24,61.6,2,Warning
5.57,5.97,40.34,16.98,0.57,14.07,18.11,0.0,0,Safe
1.55,14.12,35.83,10.0,0.57,13.32,21.62,0.0,0,Safe
0.1,0.46,50.54,11.03,0.34,1.88,30.47,2.7,0,Safe
1.8,21.12,22.94,23.01,0.42,11.98,30.08,9.0,0,Safe
0.69,19.85,39.41,27.33,0.52,14.63,28.01,6.5,0,Safe
0.67,1.58,35.77,21.41,0.31,13.78,15.57,1.8,0,Safe
84.03,213.65,96.6,48.56,4.37,73.15,21.33,100.0,3,Critical
1.3,15.31,18.3,29.71,0.25,15.14,18.52,1.6,0,Safe
62.01,150.88,78.38,40.4,0.91,35.82,15.07,50.6,1,Watch
1.71,15.66,32.04,40.71,0.2,13.41,29.59,1.4,0,Safe
0.69,3.18,36.02,30.85,0.4,12.21,30.5,2.2,0,Safe
7.81,112.95,66.12,35.05,0.65,22.75,14.65,20.9,0,Safe
17.91,191.41,76.84,39.57,1.37,71.07,20.17,61.4,2,Warning
35.23,214.48,75.67,43.49,1.51,56.79,13.45,68.3,2,Warning
21.8,75.78,56.01,29.17,0.88,30.43,25.42,21.7,0,Safe
13.51,31.22,59.28,34.07,1.02,40.27,16.22,27.5,0,Safe
83.19,164.17,84.06,48.59,1.2,43.32,18.46,76.7,2,Warning
0.84,20.26,41.3,24.56,0.6,13.84,24.12,2.1,0,Safe
128.11,234.71,95.84,55.64,4.05,69.04,10.94,100.0,3,Critical
22.1,100.37,64.31,46.26,0.82,31.94,15.41,30.7,1,Watch
1.98,2.72,48.42,28.2,0.24,11.4,22.65,4.0,0,Safe
0.96,6.45,34.82,31.12,0.28,15.25,25.51,0.0,0,Safe
6.24,70.88,53.17,31.36,0.82,25.53,15.81,16.0,0,Safe
21.91,90.68,60.88,30.23,1.04,27.75,21.22,22.1,0,Safe
5.13,17.56,39.13,38.26,0.57,9.74,23.5,5.3,0,Safe
1.97,15.68,28.07,30.11,0.37,7.03,27.36,0.0,0,Safe
51.65,203.26,73.58,44.07,1.08,21.49,18.64,50.1,1,Watch
0.6,21.55,37.14,39.83,0.45,7.81,25.44,0.0,0,Safe
1.1,21.83,30.02,23.06,0.44,12.18,28.66,0.0,0,Safe
122.67,377.27,93.9,37.91,4.71,54.89,17.39,83.0,3,Critical
57.32,180.02,79.72,46.91,0.96,54.01,12.14,68.3,2,Warning
1.1,8.56,36.36,43.68,0.17,9.75,24.94,0.0,0,Safe
41.55,149.68,79.88,32.65,1.26,54.97,11.63,48.8,1,Watch
81.74,111.72,75.08,39.85,0.89,41.12,19.48,51.1,1,Watch
77.36,227.1,86.14,42.72,2.09,63.25,18.82,90.1,3,Critical
10.15,9.27,33.02,15.85,0.3,5.61,23.73,0.2,0,Safe
4.27,3.27,33.26,44.89,0.12,6.1,15.23,5.5,0,Safe
7.57,51.73,67.63,29.35,0.55,28.85,15.09,14.3,0,Safe
0.74,15.86,31.3,34.9,0.35,8.14,23.35,0.0,0,Safe
0.22,19.79,33.07,21.96,0.43,16.78,22.21,0.0,0,Safe
15.84,81.04,59.6,44.27,0.71,42.72,21.88,30.9,1,Watch
26.69,122.4,78.01,38.45,1.64,35.06,12.68,33.3,1,Watch
1.45,15.62,34.69,20.8,0.24,6.38,18.25,0.0,0,Safe
111.92,169.18,84.05,25.48,0.87,46.37,15.32,43.1,1,Watch
72.9,213.28,84.07,28.54,0.97,39.6,21.52,41.7,1,Watch
53.74,138.32,74.53,27.64,1.03,33.87,18.31,34.9,1,Watch
26.83,43.15,58.87,30.0,0.71,27.49,14.69,16.1,0,Safe
14.28,111.79,52.38,33.43,1.03,25.5,19.86,22.5,0,Safe
51.52,166.77,73.94,45.77,0.96,50.7,23.93,65.1,2,Warning
9.72,61.93,80.74,29.69,0.49,19.9,19.91,12.5,0,Safe
40.06,32.71,53.12,28.31,0.47,22.94,14.55,13.2,0,Safe
24.99,34.9,62.15,31.44,0.3,36.61,23.99,28.2,0,Safe
0.66,0.52,34.58,24.92,0.37,20.12,20.42,1.7,0,Safe
10.3,178.69,79.21,35.06,1.36,64.43,16.68,55.6,1,Watch
10.84,10.2,33.78,25.42,0.53,13.99,24.32,5.5,0,Safe
24.26,44.13,56.63,26.55,0.68,37.69,19.39,16.9,0,Safe
0.05,8.04,36.6,32.89,0.17,14.06,23.32,1.2,0,Safe
0.07,1.32,41.55,28.77,0.29,14.57,31.59,0.0,0,Safe
72.71,127.55,76.73,44.66,2.0,41.68,15.66,63.9,2,Warning
1.48,10.17,25.57,35.39,0.48,12.68,15.23,3.7,0,Safe
119.09,261.82,91.61,42.35,3.6,67.59,14.5,98.6,3,Critical
38.19,105.68,81.75,29.08,0.34,27.57,19.7,25.0,0,Safe
87.93,217.92,79.49,38.92,1.62,37.6,16.97,67.3,2,Warning
40.18,115.77,62.36,45.26,0.82,38.03,14.82,46.7,1,Watch
4.07,64.8,76.43,38.81,1.12,31.92,23.04,26.6,0,Safe
7.16,72.16,55.42,33.05,0.45,21.74,10.51,9.8,0,Safe
2.8,23.55,32.34,26.81,0.13,11.55,14.96,0.0,0,Safe
3.47,3.96,30.93,31.13,0.23,10.15,28.97,0.0,0,Safe
2.42,13.43,45.6,36.79,0.35,10.42,22.46,6.6,0,Safe
98.31,186.3,66.23,42.72,0.96,46.13,17.32,62.6,2,Warning
20.91,62.95,60.01,30.36,0.9,10.89,15.07,14.9,0,Safe
4.35,23.64,34.35,34.66,0.18,8.61,21.02,2.3,0,Safe
0.9,19.23,35.6,25.28,0.16,10.54,24.0,0.0,0,Safe
27.2,33.44,65.25,50.55,1.12,29.0,21.46,26.3,0,Safe
64.33,132.31,84.38,40.85,1.69,40.16,15.61,52.9,1,Watch
0.41,3.46,32.71,37.84,0.25,12.31,22.08,0.0,0,Safe
23.76,89.49,57.35,38.32,0.78,26.44,19.55,21.1,0,Safe
60.09,203.4,93.27,43.8,1.85,44.86,17.9,71.4,2,Warning
1.6,10.84,31.35,30.52,0.28,2.63,22.18,7.8,0,Safe
31.18,47.7,58.15,28.76,0.56,37.25,14.56,22.7,0,Safe
4.05,7.44,27.77,26.2,0.37,21.85,29.15,0.5,0,Safe
0.82,22.5,36.7,19.0,0.26,5.71,30.3,3.4,0,Safe
40.72,41.46,65.54,30.51,0.74,33.24,19.17,21.7,0,Safe
1.27,23.59,36.97,37.74,0.39,13.67,29.07,7.7,0,Safe
67.99,355.11,96.81,42.81,2.31,67.64,13.62,93.7,3,Critical
15.02,74.55,60.07,40.04,0.87,30.24,17.64,24.5,0,Safe
0.48,20.6,35.81,27.69,0.47,8.01,23.11,4.6,0,Safe
22.75,197.57,73.0,33.0,1.42,46.23,10.52,48.8,1,Watch
0.9,0.37,37.05,34.23,0.24,13.84,27.62,3.2,0,Safe
84.99,269.92,90.21,47.6,3.54,70.96,13.56,100.0,3,Critical
23.2,113.76,72.59,42.16,1.12,43.89,14.69,44.5,1,Watch
23.13,152.14,72.58,35.34,1.81,42.04,17.04,46.7,1,Watch
47.49,115.73,63.11,22.48,0.54,19.45,24.1,21.6,0,Safe
20.65,30.31,59.22,37.93,0.67,28.24,23.15,17.5,0,Safe
5.09,1.31,38.77,24.49,0.11,13.51,24.07,0.0,0,Safe
19.17,83.26,71.6,46.09,1.09,14.94,22.42,19.9,0,Safe
6.22,108.26,53.32,33.76,0.74,35.07,23.23,26.1,0,Safe
1.92,11.01,47.5,32.3,0.34,3.98,28.05,0.0,0,Safe
109.11,314.42,89.82,43.25,2.52,78.26,15.38,96.9,3,Critical
16.41,92.8,70.07,35.52,0.85,33.67,17.42,28.1,0,Safe
119.92,349.15,96.04,56.96,3.08,87.03,13.37,100.0,3,Critical
7.04,23.63,30.49,15.42,0.59,2.68,20.54,6.5,0,Safe
1.13,15.94,42.01,22.09,0.44,13.86,20.45,8.2,0,Safe
16.05,38.75,57.47,37.17,1.19,27.18,17.24,20.7,0,Safe
17.36,31.53,56.27,36.04,1.03,23.03,17.85,20.1,0,Safe
2.48,0.7,52.32,25.08,0.21,4.38,21.53,0.4,0,Safe
74.86,275.11,90.49,51.5,4.23,59.07,13.84,100.0,3,Critical
6.95,3.36,35.1,35.07,0.34,6.31,20.87,1.8,0,Safe
79.1,240.8,91.89,39.07,3.36,64.83,16.18,89.2,3,Critical
2.8,3.19,38.79,32.13,0.51,7.45,12.9,3.4,0,Safe
11.61,100.71,54.74,29.57,0.89,16.86,20.22,8.8,0,Safe
0.37,3.41,32.83,34.36,0.52,9.17,20.73,3.0,0,Safe
33.13,133.17,78.52,30.73,1.15,44.04,17.5,38.5,1,Watch
2.11,6.77,49.94,41.38,0.14,9.28,15.12,0.0,0,Safe
0.99,2.66,46.6,20.9,0.23,9.49,23.72,0.0,0,Safe
19.85,73.53,58.5,39.85,1.09,24.43,19.39,22.4,0,Safe
83.57,158.07,73.63,33.64,1.9,39.48,15.03,52.1,1,Watch
2.06,14.92,33.37,16.68,0.54,13.42,23.77,0.8,0,Safe
2.37,21.31,35.58,23.39,0.29,15.05,21.62,0.0,0,Safe
0.62,0.47,44.38,25.38,0.32,10.66,26.42,0.5,0,Safe
28.59,35.0,62.94,35.1,0.73,25.23,19.24,25.9,0,Safe
60.18,131.1,68.99,42.31,1.57,48.54,15.73,60.4,2,Warning
1.07,15.63,39.32,24.35,0.55,9.71,22.78,4.4,0,Safe
98.53,202.25,92.22,48.09,4.44,91.18,12.47,100.0,3,Critical
0.79,12.74,39.84,40.05,0.11,13.66,23.91,4.3,0,Safe
66.54,364.83,98.89,39.34,4.54,87.11,17.58,100.0,3,Critical
0.73,19.89,40.6,21.71,0.19,6.4,24.04,0.5,0,Safe
59.48,119.88,72.74,30.85,1.1,30.05,20.66,34.6,1,Watch
1.21,19.39,37.7,19.26,0.36,7.7,31.74,2.3,0,Safe
45.08,131.3,72.19,43.46,1.66,66.15,17.83,64.8,2,Warning
38.39,116.07,50.31,34.82,0.83,27.32,14.48,26.8,0,Safe
5.98,21.87,33.52,35.99,0.45,14.28,31.43,0.0,0,Safe
7.75,93.51,60.18,25.5,0.39,18.54,26.46,13.6,0,Safe
12.76,81.68,56.6,34.41,1.18,35.29,18.46,25.9,0,Safe
31.6,76.87,72.97,36.27,1.09,27.42,22.88,29.3,0,Safe
83.47,217.78,86.3,52.88,2.13,54.88,12.81,96.5,3,Critical
0.14,17.2,26.76,35.77,0.43,6.6,16.52,4.0,0,Safe
0.48,12.16,52.42,14.35,0.22,13.7,29.14,0.0,0,Safe
0.98,4.87,45.6,29.77,0.46,8.57,26.41,3.7,0,Safe
22.48,44.26,71.57,23.51,1.14,28.14,21.98,9.6,0,Safe
0.15,18.99,36.63,30.04,0.26,13.79,25.41,1.1,0,Safe
1.46,3.16,42.25,35.15,0.25,11.74,18.15,0.0,0,Safe
2.23,10.4,36.96,22.88,0.16,11.95,29.15,0.0,0,Safe
31.51,94.08,75.42,23.58,0.83,37.73,17.1,16.3,0,Safe
1.06,12.71,41.54,28.07,0.38,10.35,30.07,1.6,0,Safe
8.6,116.81,47.76,29.14,0.81,21.03,16.75,7.0,0,Safe
18.13,82.95,61.5,37.91,0.55,27.35,17.27,24.3,0,Safe
27.52,110.78,64.15,25.7,0.97,19.23,23.14,18.5,0,Safe
1.34,0.51,28.12,23.98,0.29,6.3,19.42,0.0,0,Safe
37.43,68.13,66.66,38.2,0.82,38.08,21.39,37.2,1,Watch
19.3,110.1,65.16,33.71,0.54,23.56,22.92,19.4,0,Safe
52.07,195.93,72.41,33.49,0.85,30.78,13.23,40.6,1,Watch
117.58,350.66,98.49,54.64,3.47,89.82,11.27,100.0,3,Critical
1.61,21.11,29.1,24.18,0.34,10.02,29.55,1.5,0,Safe
24.45,116.25,57.39,35.66,1.07,31.96,16.23,28.2,0,Safe
1.17,18.07,33.91,22.54,0.24,16.98,19.27,2.6,0,Safe
2.09,1.77,36.24,19.02,0.41,17.42,32.89,0.5,0,Safe
27.05,61.22,55.76,38.26,0.92,32.34,22.69,31.3,1,Watch
57.03,156.31,80.56,35.77,1.47,50.06,15.05,56.8,1,Watch
25.63,201.16,84.57,26.2,0.99,42.19,13.69,34.8,1,Watch
35.93,44.35,79.46,40.64,0.76,23.6,18.58,21.1,0,Safe
83.19,207.02,88.39,40.26,4.65,54.8,13.43,81.5,3,Critical
0.45,20.35,38.72,16.18,0.48,13.1,25.94,0.0,0,Safe
15.46,12.26,31.87,31.42,0.44,3.03,20.96,0.0,0,Safe
64.23,167.8,77.53,29.66,1.79,42.9,10.5,47.3,1,Watch
0.77,20.23,37.02,21.67,0.29,6.09,18.24,0.0,0,Safe
0.75,15.95,42.6,30.5,0.39,12.44,23.86,3.2,0,Safe
31.34,117.59,53.48,26.38,0.8,30.62,16.37,14.7,0,Safe
18.02,98.17,55.56,39.82,1.01,30.5,20.04,23.1,0,Safe
0.87,2.38,32.31,31.91,0.21,15.96,22.91,2.0,0,Safe
96.79,334.7,95.71,41.21,3.12,76.73,11.35,95.7,3,Critical
56.04,190.7,68.06,32.41,1.33,37.86,17.95,46.0,1,Watch
43.59,158.54,63.6,40.74,0.94,36.69,15.38,42.9,1,Watch
0.16,11.2,22.92,21.93,0.5,12.8,22.34,0.3,0,Safe
1.32,5.38,40.17,34.54,0.27,7.04,24.68,0.0,0,Safe
10.13,52.46,67.98,28.61,0.78,41.95,19.57,17.0,0,Safe
57.38,195.07,85.44,35.93,1.1,53.12,17.88,57.6,1,Watch
40.82,124.18,75.28,27.83,1.45,44.33,15.58,36.1,1,Watch
0.12,17.19,34.9,36.45,0.11,8.8,25.8,1.0,0,Safe
3.41,14.43,34.16,19.86,0.6,3.64,28.96,0.7,0,Safe
31.31,64.74,59.35,44.5,0.38,29.48,27.65,30.1,1,Watch
18.87,75.36,41.19,35.61,1.2,32.3,19.86,26.1,0,Safe
69.13,180.76,84.31,33.68,1.14,43.37,17.27,48.1,1,Watch
0.15,12.96,43.36,22.99,0.12,15.04,25.84,0.0,0,Safe
29.3,88.1,51.09,22.89,0.96,31.46,21.63,21.1,0,Safe
6.9,102.37,73.39,39.0,0.43,30.05,20.66,24.7,0,Safe
0.79,20.76,40.81,25.12,0.46,11.59,22.77,0.5,0,Safe
54.48,101.49,62.51,33.49,0.35,33.32,18.15,28.4,0,Safe
36.48,137.24,73.67,32.06,1.97,46.67,20.1,50.5,1,Watch
0.67,1.1,34.66,15.11,0.3,12.26,19.9,0.6,0,Safe
1.07,3.31,41.68,17.01,0.58,8.67,17.87,1.2,0,Safe
42.81,129.56,79.07,37.47,1.81,36.42,17.69,51.5,1,Watch
2.14,16.84,29.38,40.23,0.26,7.09,27.22,4.7,0,Safe
3.53,10.89,25.22,21.99,0.43,12.19,19.9,1.8,0,Safe
0.56,19.42,46.36,42.9,0.49,10.58,29.21,4.1,0,Safe
2.4,6.3,42.98,24.01,0.35,16.7,23.99,0.0,0,Safe
24.42,51.44,64.45,29.03,1.02,27.56,19.87,16.7,0,Safe
2.98,17.6,43.87,35.11,0.18,10.72,24.28,4.0,0,Safe
2.19,0.61,30.97,32.95,0.44,13.18,22.4,0.0,0,Safe
0.99,9.96,28.83,22.59,0.16,13.85,26.16,3.7,0,Safe
43.42,155.86,73.48,38.84,1.65,53.73,13.14,57.5,1,Watch
42.61,83.1,60.49,44.63,1.16,37.28,19.91,42.4,1,Watch
5.65,3.24,41.95,33.44,0.35,3.13,29.59,0.0,0,Safe
34.96,68.78,61.02,41.55,0.4,34.75,19.73,28.9,0,Safe
1.32,4.43,22.57,16.44,0.15,6.25,28.97,0.0,0,Safe
77.19,284.14,97.6,42.12,2.29,71.23,15.33,91.8,3,Critical
13.74,103.36,58.17,27.21,1.08,34.33,19.04,30.5,1,Watch
0.84,12.92,51.94,23.24,0.58,15.77,30.22,0.1,0,Safe
0.6,3.89,38.93,28.85,0.49,9.87,27.09,1.0,0,Safe
47.05,162.62,84.17,38.1,1.65,55.81,22.11,60.4,2,Warning
3.21,7.07,31.1,24.78,0.11,12.79,19.95,1.1,0,Safe
58.23,279.28,89.87,44.97,3.57,55.42,12.56,84.1,3,Critical
1.2,14.17,31.01,30.12,0.2,10.1,25.59,1.8,0,Safe
6.37,69.56,68.86,31.33,0.88,25.06,23.12,6.6,0,Safe
49.08,182.86,74.41,25.74,1.28,32.96,19.54,38.2,1,Watch
63.36,136.44,79.69,37.31,1.44,51.2,17.61,60.4,2,Warning
53.01,173.84,72.98,33.34,1.69,61.18,21.77,55.8,1,Watch
6.55,70.89,53.37,33.17,0.63,16.12,17.17,6.9,0,Safe
1.3,17.64,37.4,19.78,0.38,13.54,21.36,3.3,0,Safe
22.18,104.08,52.32,32.9,0.78,19.3,19.35,9.3,0,Safe
2.99,2.48,32.65,26.3,0.26,12.76,20.9,0.0,0,Safe
73.92,33.3,74.91,33.37,0.52,35.9,17.67,27.6,0,Safe
1.0,15.25,21.72,33.98,0.43,3.16,22.16,4.5,0,Safe
89.17,238.75,87.99,37.35,4.3,77.85,11.36,96.3,3,Critical
104.68,130.07,78.3,31.91,1.13,27.04,17.45,41.0,1,Watch
3.52,10.26,31.07,38.15,0.41,15.26,18.15,0.0,0,Safe
1.6,21.84,28.82,30.41,0.5,7.48,33.15,4.2,0,Safe
97.37,211.73,94.34,53.38,4.75,63.63,13.61,100.0,3,Critical
2.85,19.07,31.87,25.63,0.28,8.27,17.03,0.7,0,Safe
38.67,88.58,63.15,29.49,0.95,28.1,21.16,22.3,0,Safe
116.53,242.43,95.04,36.43,2.86,88.67,12.88,93.6,3,Critical
107.3,321.63,94.24,49.64,4.4,63.01,13.76,100.0,3,Critical
0.83,13.93,27.01,33.17,0.56,14.56,20.79,2.3,0,Safe
0.25,22.53,42.11,35.76,0.56,11.12,23.9,5.9,0,Safe
51.61,203.68,70.53,44.45,0.97,40.04,17.49,59.0,1,Watch
49.94,188.3,88.97,51.6,1.74,50.14,13.41,72.7,2,Warning
38.82,155.35,80.53,31.86,1.86,34.79,17.19,43.0,1,Watch
72.12,208.17,88.69,42.37,2.02,68.35,7.71,89.1,3,Critical
23.49,39.18,58.57,37.77,0.51,31.83,17.0,23.4,0,Safe
51.42,141.72,79.97,29.06,0.82,47.29,14.38,44.4,1,Watch
75.53,288.99,87.36,37.44,3.75,71.48,15.24,91.1,3,Critical
7.07,36.45,73.95,30.88,0.49,20.49,20.83,7.4,0,Safe
62.44,273.34,95.91,52.09,2.94,88.01,16.87,100.0,3,Critical
17.52,60.65,82.12,37.8,1.04,33.62,14.15,27.5,0,Safe
1.45,1.68,20.83,26.62,0.33,3.18,34.42,0.0,0,Safe
5.02,13.89,25.39,29.99,0.53,4.8,23.09,3.6,0,Safe
0.22,10.06,47.15,30.7,0.58,5.55,26.33,2.1,0,Safe
37.71,110.76,75.29,30.08,1.92,46.24,12.99,42.0,1,Watch
2.68,22.77,29.05,36.08,0.58,2.92,21.14,1.6,0,Safe
1.43,24.71,36.38,36.8,0.58,11.8,24.95,2.7,0,Safe
1.5,9.95,29.47,37.55,0.52,10.52,26.26,0.0,0,Safe
0.34,8.07,40.6,20.23,0.36,8.07,25.69,2.7,0,Safe
21.28,46.49,64.79,30.17,0.89,29.56,20.24,16.1,0,Safe
3.55,17.93,37.59,22.28,0.45,10.07,20.51,0.0,0,Safe
0.13,24.66,39.9,20.03,0.13,6.73,23.21,4.6,0,Safe
0.79,11.88,31.7,29.04,0.46,9.49,16.56,2.7,0,Safe
53.06,125.72,71.84,35.64,1.49,47.85,20.34,47.5,1,Watch
3.87,8.36,56.72,17.76,0.15,15.02,21.87,0.0,0,Safe
71.78,331.69,97.56,51.93,3.85,59.4,14.47,100.0,3,Critical
23.56,92.58,59.06,48.02,1.01,30.21,21.41,31.5,1,Watch
67.61,206.88,88.25,32.35,1.12,50.62,12.56,61.8,2,Warning
126.92,191.24,87.73,40.25,2.76,66.19,16.54,84.8,3,Critical
4.27,0.78,30.67,37.35,0.11,6.16,21.07,3.3,0,Safe
7.66,11.1,39.71,10.0,0.26,5.02,21.42,2.9,0,Safe
41.51,130.13,71.66,46.84,1.85,56.36,16.07,59.5,1,Watch
64.73,51.8,62.73,34.02,0.6,17.88,19.5,24.4,0,Safe
120.91,356.99,96.54,57.35,3.46,58.4,12.43,100.0,3,Critical
1.05,18.15,25.83,26.2,0.23,14.73,23.14,0.0,0,Safe
54.65,199.22,80.53,37.11,1.63,38.61,15.4,56.6,1,Watch
29.41,203.23,83.58,36.74,1.18,51.54,12.72,53.8,1,Watch
27.43,57.54,56.39,39.26,0.53,24.37,15.39,22.3,0,Safe
0.78,1.02,33.89,35.92,0.22,7.7,23.93,0.0,0,Safe
75.67,174.43,77.7,45.62,1.16,53.5,16.97,75.3,2,Warning
5.95,46.07,59.1,33.8,0.83,29.96,10.62,16.1,0,Safe
0.95,12.78,27.45,31.41,0.43,8.8,30.07,5.1,0,Safe
0.17,22.12,40.78,23.94,0.21,10.73,33.03,0.0,0,Safe
75.46,204.24,96.13,43.52,3.85,53.26,13.79,86.8,3,Critical
25.81,42.61,70.45,37.12,0.67,38.58,17.5,28.4,0,Safe
14.41,48.55,45.79,27.11,0.59,24.27,20.2,10.2,0,Safe
2.67,8.75,35.61,20.69,0.18,6.81,25.71,1.1,0,Safe
23.04,201.87,83.68,34.58,1.05,24.6,12.84,31.0,1,Watch
110.56,199.62,84.93,31.88,0.9,44.47,15.18,52.7,1,Watch
58.83,248.36,94.87,38.8,4.38,52.62,17.51,81.5,3,Critical
51.56,139.73,67.49,35.43,1.51,32.84,12.58,37.2,1,Watch
47.42,89.42,68.56,31.25,1.15,22.82,14.87,32.0,1,Watch
3.93,1.19,43.24,24.98,0.39,16.32,28.25,0.7,0,Safe
92.55,270.6,86.75,36.9,3.97,79.3,16.15,88.5,3,Critical
19.3,56.47,53.94,32.45,0.4,24.8,18.66,22.3,0,Safe
5.77,24.62,29.88,34.89,0.19,6.93,24.27,5.9,0,Safe
4.82,14.78,29.66,31.61,0.52,8.19,29.24,0.0,0,Safe
32.99,153.18,65.88,35.52,1.35,42.84,15.07,40.3,1,Watch
3.29,19.75,11.51,28.48,0.14,0.98,15.09,7.1,0,Safe
69.57,368.54,94.55,51.94,1.88,89.39,13.39,100.0,3,Critical
4.76,8.42,39.74,24.64,0.39,15.27,26.35,0.8,0,Safe
3.13,13.5,26.18,32.58,0.28,12.83,22.51,4.8,0,Safe
6.47,2.91,34.45,28.12,0.55,10.53,16.11,0.0,0,Safe
53.3,255.23,90.98,40.71,1.88,76.29,17.03,86.7,3,Critical
39.53,43.97,48.28,37.37,0.76,25.84,22.81,18.0,0,Safe
0.53,8.18,38.09,17.26,0.35,4.84,22.22,0.0,0,Safe
47.68,210.86,77.78,37.63,1.52,53.45,15.72,58.0,1,Watch
1.91,5.06,24.84,23.36,0.14,11.46,23.55,3.1,0,Safe
52.24,149.36,75.22,39.01,0.84,53.08,18.29,56.0,1,Watch
7.84,0.95,28.12,32.27,0.2,9.26,25.39,0.0,0,Safe
119.86,379.49,91.1,47.06,2.57,89.96,11.12,100.0,3,Critical
58.09,112.23,84.75,35.84,1.75,38.35,20.62,48.1,1,Watch
1.48,13.94,43.83,26.9,0.44,12.67,25.36,0.0,0,Safe
61.71,172.56,76.21,40.01,0.9,32.1,15.16,52.1,1,Watch
1.02,10.51,36.47,30.23,0.34,2.35,26.99,2.3,0,Safe
34.38,119.29,74.86,26.69,1.51,50.21,15.35,32.5,1,Watch
58.8,187.36,78.64,37.47,0.85,56.84,17.28,56.0,1,Watch
1.77,11.95,36.51,13.47,0.19,3.93,22.62,0.0,0,Safe
2.29,1.08,25.92,21.07,0.52,9.97,24.36,0.0,0,Safe
0.14,23.42,43.04,38.93,0.14,18.78,22.57,2.4,0,Safe
0.07,14.52,43.98,25.53,0.57,15.94,26.92,6.7,0,Safe
22.74,36.47,51.78,19.15,0.94,39.34,22.25,21.1,0,Safe
25.74,149.33,84.85,35.07,1.99,40.9,20.29,43.4,1,Watch
1.03,4.84,32.54,31.76,0.26,11.88,22.67,0.7,0,Safe
32.53,40.0,75.22,33.38,0.36,31.26,17.88,19.6,0,Safe
57.53,210.44,82.73,39.07,1.75,42.96,15.4,60.0,2,Warning
0.45,10.21,38.9,27.0,0.46,17.29,25.66,3.8,0,Safe
15.69,48.55,59.81,32.0,1.06,35.09,12.56,21.1,0,Safe
2.48,0.75,29.18,20.34,0.48,10.05,28.52,0.0,0,Safe
114.69,254.04,92.37,39.23,2.96,90.04,16.37,98.2,3,Critical
6.68,24.97,37.69,28.66,0.25,4.34,29.01,1.2,0,Safe
2.91,2.99,32.41,22.16,0.21,7.11,27.53,0.6,0,Safe
24.73,71.62,68.48,34.71,0.46,36.86,21.1,30.1,1,Watch
3.93,19.09,53.95,22.88,0.43,13.62,23.86,5.8,0,Safe
10.28,114.62,78.15,37.44,0.5,10.46,22.89,15.1,0,Safe
33.59,32.36,67.36,42.95,0.98,22.42,21.03,20.5,0,Safe
27.41,77.87,57.89,29.48,0.9,34.13,26.08,26.1,0,Safe
120.93,326.8,85.01,57.8,1.85,66.55,11.69,100.0,3,Critical
23.17,30.59,44.59,37.99,1.12,19.87,23.8,13.9,0,Safe
0.39,20.35,38.99,34.23,0.14,5.97,28.1,2.2,0,Safe
46.79,93.42,67.86,29.79,1.16,25.88,18.65,26.2,0,Safe
37.68,133.46,68.06,40.03,1.15,48.36,9.48,47.6,1,Watch
13.63,55.0,53.6,40.91,0.84,23.38,19.0,18.2,0,Safe
19.67,87.69,50.75,45.42,1.05,19.54,22.73,18.7,0,Safe
2.71,17.16,41.85,24.4,0.34,12.65,24.43,0.7,0,Safe
2.3,4.59,37.34,20.78,0.46,5.32,30.66,1.0,0,Safe
7.56,73.02,56.02,31.86,1.19,26.41,23.23,21.8,0,Safe
0.78,21.64,35.22,31.0,0.21,13.69,25.33,0.0,0,Safe
53.26,78.86,50.46,28.2,1.2,33.72,23.25,30.0,1,Watch
54.79,327.48,97.61,57.32,4.43,62.07,13.96,100.0,3,Critical
44.8,205.81,76.37,47.29,1.15,45.44,19.1,70.1,2,Warning
5.52,19.7,43.26,23.66,0.42,13.28,29.02,0.3,0,Safe
6.92,23.06,25.47,22.4,0.25,9.19,21.88,0.1,0,Safe
3.75,6.43,31.95,31.47,0.28,15.42,31.14,4.6,0,Safe
2.51,23.44,32.66,28.3,0.12,10.69,35.74,0.0,0,Safe
117.09,258.73,94.69,40.75,3.36,63.1,14.54,89.9,3,Critical
17.06,92.25,69.72,32.68,0.35,21.21,20.14,14.8,0,Safe
0.09,18.91,37.92,29.82,0.3,7.09,19.12,5.4,0,Safe
4.68,21.75,38.44,32.14,0.51,9.97,20.68,4.2,0,Safe
19.69,169.59,70.56,35.44,1.52,52.35,19.27,51.0,1,Watch
4.0,21.79,31.74,30.43,0.4,5.31,18.81,0.2,0,Safe
0.32,20.8,32.6,20.18,0.3,9.19,21.38,4.8,0,Safe
5.87,0.23,30.86,24.75,0.44,2.49,18.88,1.0,0,Safe
88.77,198.19,72.14,46.59,1.59,50.34,18.7,80.4,3,Critical
23.27,60.17,75.21,32.55,0.94,19.33,23.24,24.3,0,Safe
5.65,22.21,31.92,42.51,0.24,10.44,28.78,0.0,0,Safe
80.13,313.63,87.0,49.97,3.1,80.91,13.62,100.0,3,Critical
24.74,73.86,60.27,31.08,1.08,32.28,23.86,25.8,0,Safe
12.77,35.84,71.02,37.15,0.61,39.74,19.91,22.6,0,Safe
47.28,180.16,82.05,32.96,1.53,44.11,13.0,47.6,1,Watch
12.03,72.22,48.75,23.53,0.68,32.6,22.74,14.7,0,Safe
41.31,91.69,62.9,34.55,0.43,17.49,18.8,22.0,0,Safe
87.72,130.35,85.83,44.49,0.84,30.44,16.75,53.8,1,Watch
4.55,6.4,32.0,38.37,0.25,5.92,18.89,0.0,0,Safe
0.48,16.27,30.27,25.87,0.12,5.42,26.04,1.9,0,Safe
11.78,106.32,64.08,48.91,0.97,32.44,21.31,38.7,1,Watch
121.73,364.47,85.22,39.62,1.86,75.41,15.66,88.2,3,Critical
53.55,114.71,85.1,50.69,1.73,56.33,14.61,74.7,2,Warning
3.97,2.24,43.95,26.15,0.55,6.18,24.86,3.9,0,Safe
0.59,22.55,46.88,24.85,0.53,8.45,26.08,1.6,0,Safe
10.87,64.89,73.61,29.01,0.87,30.61,21.02,24.6,0,Safe
31.47,51.5,76.19,31.16,0.62,28.0,18.59,17.4,0,Safe
0.22,11.74,37.11,21.84,0.5,16.59,26.92,5.9,0,Safe
50.94,269.21,89.82,46.45,4.45,72.46,16.16,97.1,3,Critical
37.67,120.89,79.09,37.03,1.57,42.67,18.43,48.4,1,Watch
13.19,70.01,69.37,39.07,1.17,31.34,18.95,27.9,0,Safe
21.97,101.19,74.02,26.81,0.46,32.98,23.44,25.8,0,Safe
17.45,35.87,49.47,37.43,1.02,33.24,16.25,19.3,0,Safe
10.87,83.46,73.85,40.12,0.8,38.18,19.69,32.6,1,Watch
10.99,17.67,30.46,42.99,0.52,4.04,20.99,8.0,0,Safe
1.1,14.31,29.63,36.43,0.18,12.77,34.04,0.0,0,Safe
0.64,8.42,42.34,35.53,0.51,5.56,26.93,0.0,0,Safe
56.16,131.84,71.25,29.23,1.35,33.23,17.39,34.2,1,Watch
61.33,213.67,80.69,41.66,0.89,40.3,23.41,57.6,1,Watch
2.82,20.8,30.4,24.87,0.59,10.89,21.24,2.8,0,Safe
54.89,188.21,69.56,31.74,1.32,52.25,13.49,48.0,1,Watch
31.65,41.13,56.11,36.25,0.71,25.76,22.5,19.8,0,Safe
107.73,288.06,92.65,55.11,3.14,73.48,17.87,100.0,3,Critical
34.63,109.0,56.47,38.3,0.42,17.12,19.64,17.8,0,Safe
4.08,13.44,36.63,42.13,0.44,7.73,26.22,1.9,0,Safe
34.27,137.17,83.12,40.58,0.96,39.63,7.37,38.4,1,Watch
52.03,173.32,74.61,40.29,1.75,40.2,16.02,58.2,1,Watch
1.65,22.94,38.59,37.4,0.58,9.1,22.4,0.0,0,Safe
0.27,16.96,45.88,48.57,0.42,5.43,25.42,1.3,0,Safe
0.91,17.39,19.86,19.26,0.54,14.68,19.59,0.0,0,Safe
26.92,182.0,77.67,38.96,0.81,46.26,16.99,48.3,1,Watch
60.78,203.53,92.09,45.11,4.29,54.8,21.37,86.1,3,Critical
55.55,130.44,71.62,35.85,1.2,48.46,14.77,48.5,1,Watch
5.7,54.77,63.49,24.44,0.86,25.61,22.64,9.6,0,Safe
30.5,175.07,81.07,41.67,1.78,41.95,12.3,55.3,1,Watch
0.33,14.84,31.54,26.85,0.39,5.0,28.0,1.0,0,Safe
6.2,94.08,66.44,42.44,0.56,36.94,20.54,26.4,0,Safe
51.5,184.38,85.48,40.88,1.04,39.92,20.11,51.9,1,Watch
15.82,136.61,76.47,35.94,1.73,53.98,22.77,47.9,1,Watch
101.89,210.1,94.84,44.56,3.18,67.37,13.32,99.1,3,Critical
29.78,55.41,76.77,25.73,1.09,29.26,16.78,21.5,0,Safe
26.94,160.45,92.75,37.88,1.7,36.09,12.13,48.4,1,Watch
51.41,207.32,79.06,41.44,1.86,44.0,15.51,64.3,2,Warning
21.45,159.18,90.07,38.7,0.82,58.89,19.95,49.2,1,Watch
46.46,179.4,66.05,36.22,1.29,32.64,16.78,43.6,1,Watch
1.53,9.71,32.36,25.31,0.39,6.0,24.38,0.0,0,Safe
70.91,196.62,96.84,48.42,3.22,65.74,16.97,95.7,3,Critical
39.7,140.96,81.0,29.61,1.45,38.15,16.36,37.1,1,Watch
13.89,35.32,64.78,28.07,0.8,29.13,19.64,14.5,0,Safe
105.12,225.76,89.18,42.41,3.74,63.69,14.16,91.1,3,Critical
14.14,32.16,52.14,27.82,0.9,27.68,21.26,15.9,0,Safe
70.06,131.22,83.73,29.09,1.39,52.01,22.71,51.7,1,Watch
79.2,331.74,98.07,37.62,3.15,63.14,16.17,88.1,3,Critical
68.19,193.26,77.62,32.2,1.43,37.36,17.36,48.6,1,Watch
13.2,105.4,56.86,36.46,0.41,33.49,20.97,28.0,0,Safe
9.78,44.9,50.42,35.48,0.56,26.9,17.88,15.7,0,Safe
1.82,13.28,39.44,40.08,0.45,14.23,19.01,1.2,0,Safe
43.19,150.75,70.98,29.25,1.61,44.63,16.44,42.5,1,Watch
18.53,96.71,50.21,32.3,0.7,31.62,23.16,18.8,0,Safe
3.16,19.7,40.37,36.57,0.19,11.98,21.79,1.4,0,Safe
19.16,31.72,43.75,20.97,0.55,34.38,21.72,13.1,0,Safe
47.64,199.91,75.02,29.02,1.89,61.37,17.64,51.8,1,Watch
22.29,39.89,54.29,34.11,0.38,26.49,22.81,18.0,0,Safe
84.52,225.83,96.79,50.28,2.06,59.15,13.27,96.2,3,Critical
4.73,18.93,10.34,23.34,0.26,5.59,20.41,0.0,0,Safe
1.12,0.82,41.73,28.58,0.16,14.61,25.35,2.2,0,Safe
65.03,250.86,96.75,39.76,3.99,79.72,15.38,100.0,3,Critical
52.61,317.42,91.07,41.41,1.95,78.32,18.92,87.8,3,Critical
80.4,325.62,93.35,40.51,1.99,63.48,11.08,76.2,2,Warning
21.36,39.41,54.53,35.24,1.17,29.83,14.78,23.0,0,Safe
1.71,6.56,34.83,19.43,0.29,8.22,21.11,1.9,0,Safe
129.46,222.04,88.74,45.45,4.41,87.66,14.96,100.0,3,Critical
23.62,100.74,73.08,34.97,1.1,14.65,17.95,22.8,0,Safe
112.29,227.19,88.78,41.06,4.66,90.82,13.43,97.3,3,Critical
23.05,193.28,81.7,41.82,0.88,50.93,14.71,51.8,1,Watch
17.66,114.88,58.96,44.97,0.97,35.71,22.66,34.1,1,Watch
0.28,24.97,30.68,28.85,0.25,12.54,18.6,4.0,0,Safe
25.55,74.04,68.09,39.75,1.05,31.89,17.78,26.8,0,Safe
3.42,13.69,28.74,33.72,0.5,15.35,24.15,6.2,0,Safe
2.68,22.01,41.11,26.56,0.49,12.53,24.51,0.0,0,Safe
0.73,9.04,44.09,37.06,0.42,12.13,20.63,5.5,0,Safe
1.72,8.69,31.3,25.4,0.44,5.4,24.41,1.0,0,Safe
8.34,90.86,57.24,26.78,0.85,28.52,14.83,18.8,0,Safe
1.81,10.07,30.24,28.73,0.19,12.63,26.66,0.0,0,Safe
2.34,9.95,43.42,28.97,0.31,12.69,21.54,2.7,0,Safe
19.94,55.18,67.09,29.14,0.91,22.24,21.32,15.8,0,Safe
98.91,200.61,87.5,49.65,4.39,57.64,19.96,91.9,3,Critical
38.54,65.77,54.28,30.46,0.85,31.16,20.71,20.3,0,Safe
67.32,376.16,85.61,39.87,2.95,66.97,14.11,84.2,3,Critical
0.29,19.43,43.95,14.86,0.15,12.13,24.09,3.0,0,Safe
1.64,16.73,32.77,18.18,0.22,12.25,24.54,0.0,0,Safe
14.49,63.23,65.94,34.59,0.67,25.08,19.73,13.0,0,Safe
10.29,39.76,64.6,36.65,0.74,34.32,16.06,26.6,0,Safe
2.38,23.11,36.03,40.53,0.44,16.08,20.82,3.3,0,Safe
66.91,197.14,71.91,42.93,1.5,21.68,22.98,51.5,1,Watch
2.83,22.29,34.37,15.79,0.24,7.14,20.77,0.0,0,Safe
34.58,119.97,57.46,32.53,0.45,30.47,15.44,31.7,1,Watch
0.32,8.68,42.74,25.88,0.31,4.89,22.57,0.0,0,Safe
23.18,107.67,61.41,23.47,1.17,26.69,17.36,25.9,0,Safe
9.69,72.1,59.41,42.23,1.14,23.78,17.56,20.6,0,Safe
5.18,22.06,34.49,26.73,0.41,6.71,18.6,9.1,0,Safe
6.56,98.15,64.4,35.1,1.03,16.75,20.92,14.5,0,Safe
15.12,41.62,60.56,29.48,0.9,19.7,21.32,10.8,0,Safe
2.59,5.21,29.25,29.92,0.24,2.63,23.29,5.4,0,Safe
31.41,52.52,65.27,31.34,0.77,27.64,16.64,22.5,0,Safe
3.16,21.77,44.2,25.82,0.37,9.8,25.57,8.8,0,Safe
5.72,97.79,56.38,32.89,0.6,22.19,24.53,15.9,0,Safe
10.79,0.53,33.27,18.99,0.39,5.55,11.67,2.8,0,Safe
23.33,108.72,62.6,20.53,0.92,41.34,15.68,19.8,0,Safe
26.81,102.35,65.37,37.46,1.04,28.14,15.79,32.1,1,Watch
20.33,100.31,65.99,42.76,0.86,21.97,18.44,24.0,0,Safe
32.35,67.69,60.56,28.73,0.74,33.87,28.45,21.6,0,Safe
18.37,119.66,53.02,31.15,0.91,25.91,15.01,24.0,0,Safe
1.2,10.23,35.97,34.34,0.36,11.67,26.28,3.6,0,Safe
65.95,250.27,94.29,37.66,2.73,66.86,14.29,79.7,2,Warning
33.46,95.61,59.46,35.06,0.68,28.13,17.77,21.5,0,Safe
56.26,328.39,90.95,51.87,2.74,73.8,14.43,100.0,3,Critical
20.38,56.38,76.23,41.07,0.63,27.84,24.69,25.6,0,Safe
49.88,161.44,84.42,29.89,1.64,46.8,15.38,48.5,1,Watch
2.53,3.76,29.86,15.21,0.17,10.81,22.88,0.0,0,Safe
23.8,117.19,60.56,33.81,1.13,33.3,22.07,27.0,0,Safe
0.69,0.81,38.47,34.04,0.3,7.33,24.96,0.0,0,Safe
46.99,72.13,71.33,32.24,0.87,29.54,18.01,33.1,1,Watch
37.57,155.15,83.66,27.17,0.87,55.86,16.49,39.7,1,Watch
9.38,3.18,43.94,25.06,0.54,17.04,23.06,2.2,0,Safe
0.66,2.14,36.47,38.86,0.11,7.74,26.69,0.0,0,Safe
17.11,55.82,50.58,33.29,0.51,34.99,22.4,19.8,0,Safe
29.77,157.67,73.24,47.12,1.72,48.79,14.93,65.3,2,Warning
106.91,296.55,96.51,36.75,3.26,79.43,14.23,93.3,3,Critical
39.38,109.63,60.23,33.08,0.38,29.47,19.49,23.4,0,Safe
32.51,78.43,55.28,33.06,0.5,28.64,18.79,23.0,0,Safe
45.19,176.3,74.41,48.02,1.57,39.99,12.69,61.9,2,Warning
3.9,12.94,26.85,30.16,0.42,7.82,22.0,2.8,0,Safe
53.58,97.17,62.89,35.97,0.46,25.38,18.66,25.2,0,Safe
32.27,205.92,79.48,47.61,0.84,37.16,13.2,55.8,1,Watch
25.45,67.3,55.35,34.9,1.14,22.63,17.01,16.0,0,Safe
125.17,299.89,96.74,37.08,4.53,88.06,11.15,93.3,3,Critical
14.38,162.56,83.0,31.68,1.51,58.04,17.63,46.7,1,Watch
4.3,3.15,32.22,25.68,0.24,10.95,22.55,0.0,0,Safe
13.27,118.13,79.75,31.77,1.19,29.26,18.3,25.5,0,Safe
73.57,143.75,76.77,41.95,1.59,36.09,12.56,50.7,1,Watch
9.11,196.71,82.9,39.12,1.52,46.39,12.87,44.7,1,Watch
11.21,39.54,60.39,43.25,1.05,29.85,21.76,18.7,0,Safe
95.09,331.72,90.62,44.46,4.76,65.44,18.02,100.0,3,Critical
13.18,23.85,42.71,19.75,0.1,18.6,28.7,8.1,0,Safe
9.55,117.38,81.52,30.41,0.46,31.03,15.96,24.1,0,Safe
8.53,107.34,68.54,32.14,0.44,29.1,20.66,20.0,0,Safe
22.94,46.08,59.08,41.85,1.13,19.39,16.49,16.4,0,Safe
60.65,118.05,57.5,34.89,0.71,27.97,21.49,30.7,1,Watch
4.13,22.39,27.35,25.82,0.38,11.02,29.8,6.0,0,Safe
17.04,100.78,52.12,33.26,0.55,27.82,18.01,20.4,0,Safe
0.94,16.28,47.76,26.02,0.58,11.36,24.55,1.3,0,Safe
80.82,327.76,92.87,56.45,2.06,78.62,14.48,100.0,3,Critical
14.97,58.44,51.64,27.42,0.73,12.64,16.05,10.8,0,Safe
8.72,86.58,50.95,36.62,1.0,39.12,18.75,23.9,0,Safe
0.34,1.23,50.89,27.34,0.26,5.5,23.3,0.0,0,Safe
22.06,69.06,58.78,37.88,0.93,21.02,20.13,13.6,0,Safe
42.96,158.42,87.11,33.97,1.19,49.78,13.21,54.7,1,Watch
68.03,364.58,93.08,40.63,4.46,91.14,17.44,92.7,3,Critical
18.57,88.25,53.5,38.24,0.83,33.0,14.84,22.5,0,Safe
0.49,6.3,29.97,24.78,0.19,12.6,17.96,0.0,0,Safe
72.68,286.45,90.5,49.19,4.37,53.4,16.56,100.0,3,Critical
44.55,217.0,79.88,40.95,1.64,37.11,18.39,56.7,1,Watch
54.92,324.56,91.06,48.26,3.18,81.08,18.42,100.0,3,Critical
20.16,118.77,58.98,29.25,1.02,22.97,22.75,24.5,0,Safe
5.25,21.06,37.07,33.56,0.27,6.45,20.12,7.0,0,Safe
24.6,141.0,77.11,29.99,1.08,44.69,19.43,31.3,1,Watch
15.08,99.59,80.84,40.86,1.07,24.27,16.27,25.6,0,Safe
109.25,357.63,95.43,55.96,3.41,54.7,18.15,100.0,3,Critical
56.58,217.14,86.96,36.14,1.74,47.08,20.79,62.1,2,Warning
14.21,43.4,52.6,29.27,0.68,28.5,22.45,14.2,0,Safe
0.28,17.32,53.66,24.26,0.17,9.33,21.73,0.0,0,Safe
34.13,52.77,70.03,30.38,0.54,21.99,20.99,13.6,0,Safe
29.36,118.39,75.82,30.31,1.32,44.1,19.83,38.9,1,Watch
42.72,83.19,70.41,31.26,1.17,20.31,16.6,26.4,0,Safe
64.66,178.8,71.63,29.07,1.62,45.93,20.44,53.5,1,Watch
68.18,299.93,97.4,47.54,1.82,71.83,13.29,99.0,3,Critical
3.15,21.49,40.06,23.24,0.5,7.3,23.37,3.1,0,Safe
61.56,108.29,65.27,31.31,0.71,30.73,19.98,30.4,1,Watch
26.91,93.49,62.79,30.85,0.85,30.91,21.62,29.4,0,Safe
1.94,6.49,37.4,29.7,0.3,7.45,19.46,4.4,0,Safe
25.77,178.89,78.29,37.01,1.75,48.16,14.19,49.3,1,Watch
4.02,14.15,39.6,26.46,0.32,7.05,27.35,0.9,0,Safe
40.35,123.37,86.38,27.28,0.93,30.58,15.23,29.5,0,Safe
33.91,63.38,56.08,24.45,0.4,31.07,14.93,17.3,0,Safe
0.64,0.05,35.67,29.47,0.31,10.07,25.47,0.0,0,Safe
0.84,3.26,31.13,19.52,0.24,10.78,25.9,0.0,0,Safe
0.62,16.34,32.02,24.77,0.19,13.27,25.35,3.4,0,Safe
3.64,7.31,45.57,35.01,0.4,14.78,20.86,0.0,0,Safe
4.38,72.18,54.34,29.37,0.81,27.12,17.4,23.4,0,Safe
70.34,226.65,85.35,47.13,3.78,88.91,14.24,100.0,3,Critical
1.53,9.03,32.15,36.86,0.44,15.67,15.85,0.0,0,Safe
39.1,40.3,70.38,45.23,0.52,32.2,15.06,31.0,1,Watch
16.14,142.75,74.48,43.28,1.96,54.51,20.45,54.6,1,Watch
4.07,0.24,41.48,37.05,0.19,12.05,22.83,5.5,0,Safe
1.48,19.5,28.85,28.32,0.15,5.6,19.88,9.7,0,Safe
26.67,66.78,65.39,43.37,0.33,20.74,16.66,19.6,0,Safe
25.18,107.17,46.24,25.88,0.61,22.48,16.65,17.2,0,Safe
46.01,120.38,67.79,39.85,1.74,45.46,14.11,49.6,1,Watch
20.96,43.89,68.76,18.64,0.92,17.73,26.36,10.8,0,Safe
2.4,8.44,36.94,27.61,0.33,4.1,33.45,2.0,0,Safe
20.32,55.69,65.44,31.58,1.04,31.49,15.83,24.4,0,Safe
4.38,24.18,34.09,19.62,0.15,7.98,14.03,0.0,0,Safe
0.82,8.79,24.63,25.87,0.2,5.22,29.81,2.2,0,Safe
2.47,6.2,24.08,35.64,0.15,13.75,26.38,2.4,0,Safe
33.29,112.38,64.13,28.63,0.5,20.7,15.77,17.9,0,Safe
29.38,176.97,78.54,44.76,1.11,61.65,17.47,62.8,2,Warning
2.02,23.64,47.07,23.27,0.5,3.48,18.95,0.1,0,Safe
6.23,52.08,65.96,27.56,0.72,20.0,22.83,10.1,0,Safe
47.69,142.32,74.03,43.14,1.0,54.38,17.36,63.6,2,Warning
2.0,93.3,50.24,36.67,0.74,38.71,17.65,25.0,0,Safe
0.04,0.36,38.42,22.63,0.45,10.79,31.18,0.0,0,Safe
1.1,6.44,24.27,18.48,0.47,15.01,12.45,3.4,0,Safe
1.18,19.05,45.86,39.01,0.59,10.22,25.87,1.1,0,Safe
2.11,20.91,26.62,39.14,0.31,20.57,30.18,8.5,0,Safe
79.41,111.67,79.49,41.09,1.16,21.47,21.82,47.0,1,Watch
86.05,301.51,94.49,50.66,3.09,63.12,13.29,100.0,3,Critical
1.13,8.0,30.29,36.44,0.38,12.42,29.39,4.9,0,Safe
2.52,3.18,36.55,27.05,0.33,10.97,32.32,0.0,0,Safe
32.63,214.76,89.61,34.35,0.98,55.35,14.18,53.2,1,Watch
0.4,11.52,25.81,37.46,0.21,12.52,21.9,2.0,0,Safe
127.91,321.66,90.12,50.43,2.63,77.65,16.3,100.0,3,Critical
1.1,22.88,50.13,34.45,0.12,8.61,24.66,4.2,0,Safe
0.81,21.18,50.62,30.3,0.47,7.29,33.29,4.2,0,Safe
60.96,102.46,65.22,16.74,0.86,26.55,19.32,21.9,0,Safe
20.33,96.1,39.31,30.46,0.45,30.66,16.19,18.6,0,Safe
1.21,9.56,49.55,28.7,0.51,13.24,20.69,0.0,0,Safe
1.25,13.33,34.25,27.54,0.56,4.2,30.68,7.6,0,Safe
21.6,90.25,50.39,43.68,0.43,37.16,19.99,33.3,1,Watch
127.01,245.58,90.32,38.48,4.04,82.98,14.32,100.0,3,Critical
21.18,105.01,73.92,33.29,0.75,25.91,20.25,21.5,0,Safe
14.9,70.6,52.62,42.62,0.54,17.58,23.14,15.4,0,Safe
1.09,23.14,41.84,33.57,0.11,12.03,19.5,8.2,0,Safe
12.39,23.12,33.12,28.57,0.26,15.36,27.22,9.4,0,Safe
7.76,16.99,34.72,21.12,0.35,4.12,23.71,0.0,0,Safe
29.14,45.22,53.7,31.05,0.4,27.58,19.14,13.7,0,Safe
5.03,1.82,33.39,31.76,0.11,6.95,24.74,1.5,0,Safe
5.43,102.42,71.17,39.17,0.65,43.32,19.56,29.6,0,Safe
95.28,279.43,87.16,57.96,1.87,70.56,12.37,100.0,3,Critical
103.4,269.92,94.56,55.99,3.32,71.44,12.59,100.0,3,Critical
0.3,12.73,27.93,29.46,0.3,14.17,27.71,2.2,0,Safe
0.31,2.92,37.39,16.45,0.22,12.7,22.84,5.1,0,Safe
12.2,58.87,72.2,20.59,0.36,23.96,19.11,5.4,0,Safe
8.89,82.22,51.03,33.43,0.58,26.69,25.07,18.3,0,Safe
79.63,258.94,93.97,55.53,4.55,79.34,17.32,100.0,3,Critical
7.52,13.02,39.23,32.11,0.39,16.0,24.5,7.2,0,Safe
24.24,83.79,70.12,36.98,0.97,27.85,24.94,24.4,0,Safe
2.57,17.86,36.96,31.3,0.21,12.35,32.42,4.1,0,Safe
14.6,103.39,67.82,31.13,0.66,21.61,19.06,25.5,0,Safe
12.31,84.95,45.05,25.96,0.85,25.89,18.13,14.6,0,Safe
28.34,71.59,52.76,32.93,0.88,41.07,25.19,28.0,0,Safe
9.11,1.67,30.01,27.81,0.4,13.02,22.22,2.3,0,Safe
1.67,21.41,28.54,25.83,0.38,5.25,24.5,0.0,0,Safe
28.81,174.93,85.65,36.84,1.23,55.47,14.63,57.8,1,Watch
81.09,259.73,93.23,55.08,3.26,88.7,9.55,100.0,3,Critical
23.8,47.98,52.36,38.88,0.86,30.12,17.18,24.2,0,Safe
2.82,4.94,28.15,30.4,0.48,11.85,21.53,0.0,0,Safe
53.41,256.1,90.84,54.4,3.92,84.65,13.29,100.0,3,Critical
25.17,41.21,70.65,40.0,0.5,19.54,19.02,19.0,0,Safe
51.38,183.25,77.57,44.93,1.4,43.68,20.63,66.6,2,Warning
54.54,75.45,64.18,29.57,0.95,25.73,19.83,27.9,0,Safe
1.96,12.05,26.17,27.13,0.15,8.46,23.28,3.8,0,Safe
60.1,367.18,91.19,56.36,4.48,68.21,18.72,100.0,3,Critical
0.37,16.56,23.39,28.08,0.59,14.58,22.76,0.0,0,Safe
58.06,218.67,74.42,41.85,1.76,46.2,19.76,64.9,2,Warning
44.93,81.79,88.74,32.98,1.17,21.52,15.61,21.6,0,Safe
0.07,24.67,39.34,20.19,0.32,1.16,20.43,4.4,0,Safe
15.93,63.04,63.41,21.42,0.69,34.97,15.69,10.1,0,Safe
18.19,30.02,51.39,36.8,0.79,17.68,18.6,8.6,0,Safe
4.34,1.63,23.55,31.67,0.55,11.34,19.37,0.0,0,Safe
30.71,44.82,63.68,35.23,0.93,21.95,22.7,18.4,0,Safe
2.68,8.66,30.29,40.2,0.21,9.56,25.07,3.9,0,Safe
38.73,137.91,91.3,50.87,1.3,42.48,13.81,68.0,2,Warning
111.67,272.06,86.88,42.72,3.99,53.39,13.8,92.0,3,Critical
21.76,35.0,62.19,32.59,0.52,22.31,17.84,13.8,0,Safe
14.28,10.61,36.43,25.86,0.39,7.82,22.9,3.8,0,Safe
0.1,21.74,42.08,39.8,0.14,11.54,21.42,3.7,0,Safe
0.28,0.08,28.69,31.41,0.55,9.77,23.89,1.8,0,Safe
0.13,2.47,33.96,16.66,0.26,11.7,26.38,0.0,0,Safe
21.2,87.65,47.0,38.28,0.99,31.6,20.24,21.5,0,Safe
20.95,73.47,68.78,38.79,1.07,17.37,23.65,18.5,0,Safe
25.97,64.74,60.66,35.45,0.54,20.41,16.02,15.8,0,Safe
48.82,111.42,78.49,39.39,1.14,34.17,16.11,37.7,1,Watch
5.65,8.63,30.11,25.34,0.17,11.12,22.65,0.0,0,Safe
43.81,202.06,75.58,34.13,0.9,50.58,16.26,50.9,1,Watch
1.39,21.31,18.57,26.46,0.16,6.7,20.89,4.2,0,Safe
9.27,57.92,65.86,20.6,0.98,32.08,20.76,17.8,0,Safe
3.35,8.07,39.04,28.93,0.6,5.73,24.7,1.1,0,Safe
2.86,8.77,41.44,18.89,0.41,10.67,24.99,0.3,0,Safe
2.27,14.75,37.11,33.72,0.44,15.14,19.74,2.7,0,Safe
105.39,208.14,87.27,49.93,3.53,88.56,13.07,100.0,3,Critical
5.71,5.98,38.8,31.82,0.25,8.81,31.26,0.7,0,Safe
106.15,334.58,87.92,37.38,1.95,74.56,13.35,81.2,3,Critical
7.25,24.06,31.53,37.29,0.55,15.03,14.87,5.0,0,Safe
14.02,102.6,53.39,36.78,0.44,30.64,21.88,24.9,0,Safe
3.74,21.57,37.2,40.26,0.53,20.02,27.09,5.8,0,Safe
3.61,57.36,45.25,31.81,0.47,22.32,19.39,6.7,0,Safe
54.69,58.1,51.17,38.33,0.32,18.65,23.7,26.1,0,Safe
29.31,106.1,56.98,36.37,0.6,22.36,14.25,21.1,0,Safe
1.26,1.96,41.12,22.29,0.4,14.43,25.23,0.0,0,Safe
68.95,359.93,86.28,39.66,3.78,54.46,16.09,82.9,3,Critical
59.35,342.92,88.52,48.49,2.34,89.48,17.69,100.0,3,Critical
2.28,19.37,33.74,26.9,0.12,3.49,20.37,7.1,0,Safe
0.47,6.3,38.47,17.37,0.47,10.19,22.2,4.4,0,Safe
16.33,52.93,63.78,39.04,1.07,37.26,18.77,26.3,0,Safe
100.94,302.23,88.45,55.16,2.9,67.65,14.05,100.0,3,Critical
53.64,47.33,61.32,38.8,1.02,23.77,18.6,23.6,0,Safe
29.79,107.28,69.79,37.08,0.71,18.1,17.58,23.8,0,Safe
12.08,67.11,76.66,36.51,0.57,34.55,21.36,21.0,0,Safe
59.69,116.87,71.25,40.89,1.25,43.44,13.72,50.4,1,Watch
70.63,313.79,89.17,45.47,3.15,60.22,10.35,91.7,3,Critical
95.79,322.94,95.06,56.69,2.26,67.67,17.35,100.0,3,Critical
0.13,11.19,33.76,31.02,0.29,14.81,19.23,2.5,0,Safe
4.46,75.55,56.56,35.51,1.09,29.59,15.04,17.5,0,Safe
1.72,8.98,23.95,21.24,0.25,11.97,30.87,0.0,0,Safe
49.64,157.62,72.11,52.87,1.11,41.55,15.64,64.8,2,Warning
12.0,111.75,51.43,27.43,0.84,30.4,26.14,21.7,0,Safe
0.69,10.63,34.63,27.13,0.48,12.27,21.83,1.5,0,Safe
0.68,11.38,27.62,19.34,0.4,3.53,17.52,1.5,0,Safe
37.55,118.45,89.09,34.29,1.89,55.5,16.6,50.9,1,Watch
1.37,3.32,47.54,31.5,0.35,9.99,24.19,1.5,0,Safe
0.31,17.04,41.4,23.46,0.32,13.05,22.52,2.2,0,Safe
2.82,24.49,39.8,11.63,0.33,13.36,26.82,0.0,0,Safe
5.54,67.47,72.48,27.92,1.2,17.01,20.04,12.4,0,Safe
45.55,147.11,74.08,34.03,1.25,47.15,20.04,45.6,1,Watch
61.33,202.7,90.76,41.87,3.27,74.96,17.2,92.2,3,Critical
58.84,119.13,66.7,33.58,1.0,38.27,14.76,37.9,1,Watch
44.85,190.68,74.44,35.51,1.71,30.06,18.07,39.0,1,Watch
41.15,131.38,73.69,36.17,1.88,24.95,14.43,36.1,1,Watch
1.86,22.49,28.23,25.44,0.27,18.04,28.41,1.7,0,Safe
9.93,22.17,45.82,25.62,0.21,9.61,23.24,7.5,0,Safe
43.32,106.66,76.03,26.24,0.36,25.09,22.33,25.2,0,Safe
49.87,217.79,75.7,39.18,1.26,34.39,17.36,45.8,1,Watch
8.72,105.72,62.31,32.58,0.7,31.2,19.98,21.6,0,Safe
29.77,134.71,74.29,41.91,1.08,42.0,15.37,44.7,1,Watch
63.39,207.45,90.21,57.09,3.9,64.52,12.57,100.0,3,Critical
51.16,172.99,89.55,36.14,1.7,34.49,15.94,51.1,1,Watch
124.59,338.59,91.68,42.57,2.66,52.22,18.19,86.0,3,Critical
0.06,21.4,36.11,33.82,0.53,10.74,18.14,6.7,0,Safe
0.09,16.11,21.75,31.41,0.48,9.47,25.79,0.0,0,Safe
83.49,367.53,88.15,50.51,4.21,64.22,14.52,100.0,3,Critical
2.58,6.63,36.83,37.98,0.16,6.47,31.23,4.5,0,Safe
89.66,368.45,98.83,36.05,4.25,60.22,15.79,84.6,3,Critical
0.74,3.62,32.13,21.77,0.15,12.73,24.27,3.3,0,Safe
24.74,39.45,63.99,35.29,0.58,24.63,17.05,20.8,0,Safe
76.35,376.25,93.07,41.93,4.75,73.4,12.24,98.5,3,Critical
9.78,23.55,30.67,36.79,0.45,5.83,18.87,2.0,0,Safe
2.33,2.26,39.86,18.17,0.26,8.73,28.16,3.6,0,Safe
26.77,90.55,53.77,29.69,0.36,33.42,17.65,25.3,0,Safe
29.56,83.68,48.52,36.31,0.35,23.61,16.55,19.9,0,Safe
1.9,16.93,32.39,26.14,0.39,7.38,24.01,0.7,0,Safe
41.85,194.37,86.67,40.56,1.85,45.36,15.4,58.7,1,Watch
35.95,140.59,90.87,33.23,1.17,39.19,18.33,36.3,1,Watch
5.58,1.31,19.07,23.16,0.24,10.51,14.91,0.1,0,Safe
5.64,3.46,47.53,35.53,0.46,15.22,21.87,0.0,0,Safe
5.02,34.57,58.21,29.4,1.04,20.25,16.74,9.3,0,Safe
42.57,148.15,83.02,39.42,1.47,37.74,18.02,41.1,1,Watch
0.89,12.91,8.43,26.29,0.33,13.63,23.23,0.0,0,Safe
2.51,6.22,31.4,22.59,0.52,10.2,29.16,2.9,0,Safe
4.23,6.43,33.65,31.15,0.15,13.66,25.83,2.9,0,Safe
41.9,201.82,75.88,37.9,1.56,40.77,10.15,50.8,1,Watch
19.85,85.65,65.85,40.72,0.76,36.67,22.64,33.7,1,Watch
58.65,130.01,83.67,36.23,1.39,53.65,13.46,50.6,1,Watch
3.49,19.05,36.63,23.02,0.47,6.88,20.43,1.9,0,Safe
18.19,114.72,71.53,36.65,0.82,38.1,16.1,36.3,1,Watch
1.81,11.5,36.94,27.7,0.14,16.12,15.59,4.1,0,Safe
20.99,35.56,51.5,31.82,0.32,25.55,19.44,13.5,0,Safe
110.63,307.91,90.81,42.25,4.45,76.78,12.28,100.0,3,Critical
10.11,48.05,75.24,25.68,0.83,33.98,24.11,13.5,0,Safe
34.26,107.23,74.85,28.97,0.83,10.41,18.39,18.8,0,Safe
0.15,20.72,41.58,18.11,0.58,17.02,17.54,0.6,0,Safe
15.6,77.58,64.14,32.43,1.12,24.96,20.22,19.2,0,Safe
20.77,116.83,84.05,39.6,1.06,35.99,19.05,29.5,0,Safe
25.7,173.33,73.97,34.5,1.91,35.92,14.12,44.6,1,Watch
15.49,75.67,70.05,40.95,0.99,17.72,23.58,17.8,0,Safe
56.12,152.02,82.85,46.31,1.79,40.27,15.55,64.7,2,Warning
0.09,13.37,26.88,14.87,0.5,10.28,24.58,0.0,0,Safe
89.83,280.93,89.08,49.78,4.41,76.63,11.63,100.0,3,Critical
34.56,184.5,79.54,32.28,1.83,50.3,17.56,50.1,1,Watch
54.61,142.97,73.67,50.14,1.72,65.97,18.35,82.3,3,Critical
43.51,50.66,55.57,40.28,1.11,26.51,16.39,26.9,0,Safe
3.39,19.14,29.55,25.42,0.57,5.99,29.74,0.0,0,Safe
73.33,340.75,89.9,36.02,2.27,76.88,12.64,87.3,3,Critical
36.18,121.97,82.98,43.77,1.72,44.86,15.95,56.9,1,Watch
12.87,42.37,60.65,34.54,0.89,37.55,15.08,24.9,0,Safe
46.34,58.33,58.07,30.84,0.43,30.89,24.73,24.7,0,Safe
2.15,2.08,46.62,41.79,0.42,12.65,26.21,4.3,0,Safe
30.03,80.67,59.45,27.01,0.95,32.18,14.07,23.1,0,Safe
52.52,154.78,79.13,39.48,1.49,53.64,21.22,65.8,2,Warning
14.4,73.01,49.25,32.6,0.85,30.7,18.08,18.3,0,Safe
0.97,23.28,33.57,27.01,0.2,7.96,18.43,3.4,0,Safe
37.19,114.68,61.49,17.47,0.97,28.21,20.33,18.8,0,Safe
2.87,2.91,30.73,26.47,0.58,9.76,30.81,0.0,0,Safe
29.06,66.45,67.11,29.08,0.95,19.93,17.09,18.5,0,Safe
4.57,10.45,30.17,23.68,0.45,12.58,25.66,5.0,0,Safe
2.02,14.43,47.43,30.95,0.16,6.89,25.75,0.0,0,Safe
16.33,80.7,66.68,34.41,0.94,31.61,17.02,24.9,0,Safe
7.33,6.95,36.74,32.34,0.37,10.8,25.83,0.4,0,Safe
5.52,8.19,26.3,38.32,0.29,15.15,21.88,10.2,0,Safe
18.25,32.19,59.58,40.35,0.33,26.78,22.07,20.5,0,Safe
40.02,85.56,60.76,41.27,0.52,34.27,12.23,36.4,1,Watch
46.16,143.73,77.91,34.82,1.05,27.84,12.18,32.2,1,Watch
2.52,4.78,27.42,20.73,0.11,7.28,23.9,0.0,0,Safe
30.62,61.63,56.29,34.82,0.44,34.49,22.01,24.3,0,Safe
110.63,263.13,86.96,47.34,4.56,90.44,17.87,100.0,3,Critical
0.12,2.89,21.42,28.57,0.46,13.49,26.23,0.0,0,Safe
9.09,34.74,72.08,39.45,1.08,25.54,17.14,19.0,0,Safe
3.78,17.25,14.37,17.24,0.47,4.81,18.84,0.0,0,Safe
13.42,117.4,54.7,38.39,0.9,25.88,18.41,20.7,0,Safe
0.18,20.06,27.23,38.4,0.57,5.98,19.92,2.6,0,Safe
117.02,246.68,97.51,54.54,4.02,55.27,15.18,100.0,3,Critical
121.57,223.74,97.32,45.53,2.92,83.73,10.16,100.0,3,Critical
53.48,80.34,65.04,29.28,0.75,43.68,16.08,39.6,1,Watch
0.09,20.99,30.38,22.68,0.16,10.38,21.45,2.5,0,Safe
121.33,338.63,87.16,52.33,2.73,88.28,13.13,100.0,3,Critical
0.02,15.56,9.14,28.07,0.44,6.37,23.62,3.9,0,Safe
34.53,162.69,62.69,37.13,1.65,52.74,19.17,54.3,1,Watch
10.79,91.54,57.25,26.48,0.42,28.44,15.78,16.9,0,Safe
89.89,283.58,86.48,44.38,3.07,89.06,12.22,100.0,3,Critical
0.09,18.69,35.74,30.82,0.16,2.58,29.04,1.7,0,Safe
30.22,48.21,54.81,33.25,0.93,21.37,14.33,11.6,0,Safe
41.71,158.83,77.64,38.37,1.19,39.88,18.04,49.8,1,Watch
19.97,40.84,55.03,33.83,0.49,28.61,21.85,15.7,0,Safe
0.71,5.08,43.9,42.17,0.26,6.89,22.81,1.5,0,Safe
48.27,138.56,79.34,30.95,1.65,54.43,12.4,45.4,1,Watch
0.9,3.69,36.89,43.37,0.59,10.47,30.57,2.6,0,Safe
52.9,337.56,97.09,53.9,4.1,62.65,11.25,100.0,3,Critical
0.85,6.04,38.58,29.45,0.2,8.7,21.52,1.1,0,Safe
59.23,186.85,71.8,32.44,1.83,49.44,15.48,57.4,1,Watch
15.35,90.23,62.87,27.84,0.96,13.22,23.14,13.8,0,Safe
46.04,56.97,47.72,32.45,0.91,28.47,20.89,22.0,0,Safe
1.11,21.44,17.19,32.71,0.26,9.44,19.98,2.3,0,Safe
73.21,134.66,77.5,41.01,1.47,49.19,16.79,57.5,1,Watch
30.98,95.28,55.13,31.72,0.65,34.86,19.51,21.7,0,Safe
0.5,4.49,51.48,38.49,0.49,13.18,20.88,4.1,0,Safe
53.59,207.87,92.67,38.11,1.2,49.6,18.6,63.8,2,Warning
0.31,8.31,22.64,29.87,0.53,15.41,30.68,7.8,0,Safe
0.17,11.61,45.17,31.37,0.35,9.53,17.56,0.0,0,Safe
2.33,20.12,23.01,25.48,0.35,9.41,20.16,0.0,0,Safe
16.81,96.61,73.79,37.24,0.88,28.05,16.08,25.4,0,Safe
90.74,250.58,92.47,57.94,4.26,73.01,10.63,100.0,3,Critical
32.04,92.12,57.17,40.15,0.54,20.06,24.55,16.4,0,Safe
82.47,219.86,86.14,45.34,1.88,89.87,12.28,99.3,3,Critical
0.98,23.73,37.25,38.21,0.31,9.43,26.0,0.0,0,Safe
77.94,216.02,81.44,41.99,1.98,38.49,17.87,73.1,2,Warning
59.65,155.74,83.64,40.39,1.04,51.67,14.14,59.8,1,Watch
78.31,352.6,91.01,51.13,2.26,68.49,19.02,100.0,3,Critical
77.53,331.61,88.94,37.55,4.05,66.04,9.67,88.7,3,Critical
70.22,128.52,84.66,47.44,1.0,36.73,22.07,53.5,1,Watch
54.97,161.22,86.05,43.11,1.91,56.4,14.03,76.1,2,Warning
0.1,5.85,38.35,25.14,0.35,12.98,29.54,0.0,0,Safe
67.52,328.94,86.63,53.01,1.8,72.13,12.42,100.0,3,Critical
19.59,52.4,73.61,37.97,0.67,25.59,14.57,18.1,0,Safe
41.51,98.52,66.24,45.0,0.51,24.56,17.1,33.5,1,Watch
26.13,176.28,72.97,40.39,1.12,43.42,23.46,43.3,1,Watch
1.51,4.52,40.62,28.41,0.57,3.28,21.16,0.0,0,Safe
34.72,171.82,74.71,44.59,1.51,57.4,20.19,66.7,2,Warning
0.19,22.05,30.83,25.12,0.58,7.3,22.37,0.0,0,Safe
77.64,174.46,75.77,22.82,1.55,44.06,13.45,39.9,1,Watch
108.06,345.95,95.21,57.62,4.65,69.24,13.3,100.0,3,Critical
35.47,126.04,87.33,31.5,1.08,25.21,20.07,30.7,1,Watch
2.4,15.21,27.21,28.62,0.11,6.24,27.52,3.2,0,Safe
3.86,8.39,31.52,27.39,0.17,4.15,27.5,0.0,0,Safe
2.21,1.39,47.09,27.23,0.55,1.3,26.6,4.1,0,Safe
25.29,39.61,65.83,37.15,0.49,29.17,14.95,23.3,0,Safe
115.52,131.37,74.29,38.33,1.55,28.14,15.82,48.0,1,Watch
8.55,3.74,42.77,17.58,0.44,10.41,19.07,1.3,0,Safe
0.13,10.26,46.39,46.11,0.18,13.76,18.67,0.0,0,Safe
114.09,210.8,98.4,36.83,1.95,73.81,17.38,82.8,3,Critical
71.07,76.68,47.45,29.65,1.11,27.35,20.94,26.4,0,Safe
53.72,122.02,76.97,36.13,0.83,64.42,13.4,61.4,2,Warning
3.95,96.94,75.86,36.9,0.31,28.18,19.51,24.2,0,Safe
9.03,3.03,37.27,22.87,0.4,4.51,22.84,7.7,0,Safe
0.1,4.79,29.33,22.36,0.37,7.91,28.76,0.0,0,Safe
0.17,4.22,34.78,12.76,0.56,4.02,21.72,2.4,0,Safe
48.08,168.06,76.9,36.23,1.73,60.59,20.39,61.7,2,Warning
8.51,17.95,41.1,30.69,0.24,9.97,23.38,1.7,0,Safe
13.01,97.46,55.69,26.83,1.17,22.87,18.95,16.1,0,Safe
1.8,2.37,32.35,43.53,0.14,14.9,20.13,4.5,0,Safe
2.18,8.89,31.85,20.22,0.47,11.54,25.86,0.0,0,Safe
2.66,10.25,33.51,18.04,0.31,4.91,24.76,0.0,0,Safe
18.02,66.4,58.28,21.9,0.57,29.95,26.25,13.9,0,Safe
58.26,183.28,79.95,29.38,1.08,50.13,13.98,44.8,1,Watch
8.77,16.04,46.94,32.18,0.52,9.13,19.06,5.0,0,Safe
44.42,99.34,76.78,18.78,0.92,30.14,17.76,14.1,0,Safe
0.73,22.43,37.42,35.22,0.23,9.42,27.16,0.0,0,Safe
20.74,136.13,79.33,38.92,0.81,47.85,15.62,41.4,1,Watch
3.12,7.23,41.32,32.74,0.16,9.55,18.3,1.7,0,Safe
30.09,68.16,56.32,45.56,0.6,39.99,19.15,37.6,1,Watch
17.46,68.48,52.2,24.3,1.05,37.0,18.69,21.3,0,Safe
1.38,9.08,38.14,24.97,0.38,10.35,21.45,0.0,0,Safe
3.23,11.22,28.81,40.72,0.23,16.2,26.34,2.1,0,Safe
12.06,92.63,52.31,22.84,0.87,22.02,20.87,8.2,0,Safe
50.05,207.31,80.02,31.78,1.59,47.66,17.22,47.2,1,Watch
88.16,198.51,92.37,49.24,2.01,86.85,14.1,100.0,3,Critical
23.43,42.75,74.77,24.47,1.08,25.74,19.27,17.4,0,Safe
1.53,5.34,27.65,22.92,0.41,10.35,18.3,0.0,0,Safe
15.12,83.27,57.64,37.95,0.62,32.96,22.45,27.8,0,Safe
8.79,8.32,47.3,34.6,0.46,11.37,25.4,4.8,0,Safe
1.31,9.34,27.43,35.22,0.43,3.29,26.62,4.8,0,Safe
0.26,8.1,27.13,18.85,0.35,11.88,22.54,1.1,0,Safe
3.45,19.58,55.82,22.31,0.42,13.12,17.85,2.0,0,Safe
69.53,208.22,76.58,48.06,1.03,41.67,14.29,66.8,2,Warning
27.06,42.4,51.57,37.77,1.13,16.68,17.24,18.3,0,Safe
40.67,116.6,67.38,29.29,0.97,40.72,20.42,33.6,1,Watch
0.1,2.74,37.64,20.03,0.3,9.85,19.56,0.0,0,Safe
2.55,16.59,28.19,21.24,0.52,6.9,26.53,0.0,0,Safe
39.33,176.39,73.63,49.35,1.23,65.02,13.96,80.8,3,Critical
2.95,11.31,27.27,30.99,0.43,13.48,25.93,0.0,0,Safe
80.2,171.22,83.58,36.23,1.6,55.01,14.34,70.4,2,Warning
44.72,105.76,54.94,33.74,0.36,31.9,18.28,30.4,1,Watch
73.0,214.54,82.41,45.05,1.75,43.87,18.36,80.9,3,Critical
17.26,182.51,81.64,29.45,1.46,48.06,13.27,40.6,1,Watch
110.59,227.73,86.93,57.38,2.26,66.94,9.4,100.0,3,Critical
1.18,1.59,42.48,31.92,0.13,10.16,28.31,0.0,0,Safe
66.19,196.53,77.91,35.73,1.95,44.02,16.39,64.0,2,Warning
34.04,105.07,53.56,37.39,0.36,29.71,16.24,28.1,0,Safe
2.88,0.12,19.09,26.75,0.45,6.15,26.25,0.1,0,Safe
85.9,234.95,87.96,38.89,4.55,61.95,13.38,88.8,3,Critical
0.24,5.11,36.87,35.39,0.49,3.79,25.87,3.5,0,Safe
15.37,116.16,62.77,21.69,0.99,18.75,17.94,11.2,0,Safe
25.17,46.63,56.78,30.78,0.91,22.01,20.49,18.9,0,Safe
29.4,77.19,61.78,26.34,1.2,26.63,18.19,25.6,0,Safe
67.6,330.35,97.75,51.73,2.04,84.29,16.06,100.0,3,Critical
24.38,66.12,59.33,23.98,1.02,28.84,13.31,13.0,0,Safe
13.99,62.08,61.86,35.01,0.61,31.29,23.57,18.3,0,Safe
33.63,106.49,66.54,42.92,1.12,30.83,23.06,36.6,1,Watch
3.75,0.1,40.35,36.09,0.4,13.85,26.37,0.3,0,Safe
12.73,24.05,33.92,26.38,0.52,5.11,28.14,5.0,0,Safe
0.86,21.4,17.99,21.85,0.1,7.79,17.07,6.5,0,Safe
0.56,12.03,41.75,32.46,0.19,14.45,24.1,3.7,0,Safe
1.12,20.31,20.0,19.01,0.41,6.33,20.91,3.8,0,Safe
14.42,66.24,46.94,34.73,0.55,27.38,15.25,18.6,0,Safe
23.6,63.14,72.93,40.4,0.82,39.39,19.23,32.0,1,Watch
120.19,118.18,65.85,36.97,1.27,46.07,10.26,53.9,1,Watch
1.47,13.18,30.58,36.62,0.34,5.36,23.01,0.0,0,Safe
2.95,22.58,37.1,26.23,0.45,6.16,22.88,3.6,0,Safe
22.48,111.21,79.93,39.47,1.7,50.55,11.74,46.2,1,Watch
0.79,5.54,59.77,28.44,0.32,14.18,23.83,7.8,0,Safe
35.82,163.07,79.07,36.09,1.89,49.44,11.8,55.7,1,Watch
30.03,66.13,58.12,24.8,0.42,47.35,18.86,25.0,0,Safe
0.95,9.4,38.01,39.73,0.11,8.97,23.95,0.0,0,Safe
2.45,16.39,38.52,20.61,0.16,6.14,24.75,4.7,0,Safe
18.43,74.51,59.6,23.52,0.82,27.37,16.82,12.1,0,Safe
37.54,187.83,78.3,28.02,1.32,45.16,16.25,43.0,1,Watch
43.25,41.12,64.5,19.22,0.86,23.91,18.15,10.3,0,Safe
12.39,31.57,58.41,33.36,0.64,36.27,15.49,17.5,0,Safe
6.71,7.74,30.82,33.62,0.15,9.66,18.16,3.4,0,Safe
1.1,19.36,38.64,18.21,0.56,13.44,24.6,0.0,0,Safe
27.52,52.27,77.57,37.55,0.7,23.99,20.02,17.1,0,Safe
30.52,197.09,82.22,35.13,1.17,42.04,15.59,39.8,1,Watch
23.11,47.35,61.58,31.26,1.17,35.62,24.33,24.4,0,Safe
120.54,351.92,96.73,54.24,3.25,67.83,9.83,100.0,3,Critical
87.08,276.71,96.62,42.65,2.5,66.17,12.19,91.2,3,Critical
19.16,33.25,70.38,37.56,0.32,13.0,21.69,13.5,0,Safe
38.5,62.01,69.57,35.98,0.67,33.25,19.59,25.0,0,Safe
2.25,22.46,31.8,19.3,0.32,8.84,24.06,3.8,0,Safe
12.87,58.23,68.22,41.05,1.02,33.97,14.31,29.1,0,Safe
31.69,37.53,46.55,35.3,1.01,31.49,22.23,25.7,0,Safe
120.16,326.01,91.48,51.81,3.45,69.77,9.87,100.0,3,Critical
75.62,216.94,91.3,38.39,1.95,45.49,15.31,74.3,2,Warning
43.77,70.01,61.61,29.02,0.75,20.41,19.86,16.9,0,Safe
21.71,192.44,78.88,30.13,1.18,37.83,14.33,26.3,0,Safe
30.42,112.55,72.99,32.16,1.11,62.67,18.97,42.3,1,Watch
23.68,60.28,68.53,22.87,0.7,23.6,16.75,9.1,0,Safe
39.33,128.69,74.64,26.53,1.46,40.68,15.77,34.2,1,Watch
84.73,283.34,88.29,52.35,2.28,59.35,13.21,100.0,3,Critical
2.57,7.6,14.06,35.83,0.45,9.18,21.34,0.0,0,Safe
56.99,162.12,86.55,48.11,1.58,41.01,19.91,69.1,2,Warning
23.07,162.15,70.4,34.54,1.22,37.75,16.68,34.2,1,Watch
7.41,4.25,22.86,31.38,0.45,17.15,21.28,1.1,0,Safe
25.94,136.81,68.54,41.35,1.14,52.12,17.44,48.7,1,Watch
12.79,70.27,62.48,31.21,0.82,19.71,19.15,17.1,0,Safe
2.63,24.07,38.82,33.03,0.17,5.07,15.58,2.3,0,Safe
2.03,0.4,20.33,26.74,0.55,10.68,28.36,1.4,0,Safe
63.38,247.86,93.82,39.47,2.84,52.65,12.48,74.2,2,Warning
72.61,151.68,86.17,47.73,0.98,42.26,15.61,70.6,2,Warning
5.31,22.54,29.26,27.84,0.36,3.21,25.72,0.0,0,Safe
33.56,195.53,76.25,52.43,1.62,44.28,19.23,65.8,2,Warning
36.29,149.25,81.25,40.32,1.32,50.99,20.05,48.5,1,Watch
26.59,55.65,52.53,35.47,1.01,24.54,22.26,23.4,0,Safe
9.98,88.73,79.18,38.12,1.18,29.38,19.12,25.0,0,Safe
1.42,16.54,36.11,32.22,0.42,18.37,24.02,2.4,0,Safe
1.03,8.35,27.62,43.19,0.38,5.74,26.65,2.1,0,Safe
3.63,13.85,27.71,27.0,0.32,6.85,24.79,0.0,0,Safe
0.04,16.66,53.05,33.51,0.57,17.01,27.41,1.7,0,Safe
7.23,58.35,57.62,35.33,0.37,39.41,27.47,25.9,0,Safe
3.1,42.58,61.62,24.69,1.15,35.79,21.69,12.8,0,Safe
15.33,149.44,71.52,33.29,1.32,38.63,12.98,32.0,1,Watch
87.67,179.19,77.5,41.34,1.16,42.0,16.89,56.7,1,Watch
1.2,5.29,39.83,47.24,0.16,3.75,27.74,0.0,0,Safe
32.41,66.96,59.2,28.32,0.58,30.26,17.5,21.3,0,Safe
45.75,128.74,86.17,46.73,1.14,48.77,15.62,57.5,1,Watch
95.28,324.82,89.44,41.6,1.89,86.84,18.03,94.3,3,Critical
0.64,22.75,44.34,24.83,0.24,18.12,14.19,6.0,0,Safe
109.96,234.82,91.42,41.53,4.72,68.73,11.57,100.0,3,Critical
124.33,328.56,89.84,40.65,3.41,61.56,19.89,85.4,3,Critical
2.96,8.88,27.85,35.0,0.12,7.2,24.4,0.0,0,Safe
25.29,125.27,70.45,51.59,1.69,32.52,14.73,44.8,1,Watch
51.64,255.98,92.97,41.63,2.68,59.48,13.42,73.9,2,Warning
5.54,4.18,27.5,19.96,0.39,7.1,29.6,3.7,0,Safe
1.93,11.7,29.77,34.51,0.19,7.72,25.35,0.0,0,Safe
42.8,94.87,77.39,47.6,0.55,20.69,18.55,37.2,1,Watch
1.32,7.67,39.71,33.07,0.51,8.47,30.29,1.5,0,Safe
1.54,16.93,36.66,36.72,0.38,1.92,23.48,4.5,0,Safe
60.59,55.66,65.78,36.26,0.97,31.34,21.74,31.1,1,Watch
66.34,322.07,92.0,57.51,3.32,77.63,12.84,100.0,3,Critical
2.26,2.7,43.94,34.14,0.12,9.52,21.1,0.0,0,Safe
35.21,40.68,67.93,31.74,1.12,31.25,17.88,27.7,0,Safe
13.26,106.29,59.35,30.53,0.45,30.61,22.87,17.8,0,Safe
26.06,119.18,48.06,28.74,0.47,23.45,21.94,14.6,0,Safe
26.99,68.42,54.2,36.83,0.63,32.39,21.1,22.4,0,Safe
23.74,33.75,59.35,31.55,0.8,33.71,16.61,19.7,0,Safe
8.64,8.4,27.16,26.38,0.2,11.91,24.03,0.0,0,Safe
38.12,179.84,76.15,22.85,1.51,39.06,17.35,36.6,1,Watch
22.35,95.0,53.23,38.38,0.55,15.03,19.68,11.7,0,Safe
58.39,355.94,93.65,39.88,1.88,84.87,11.62,80.4,3,Critical
99.49,345.4,90.53,43.71,3.47,83.27,13.72,100.0,3,Critical
0.91,4.27,28.46,34.21,0.6,8.84,20.21,3.9,0,Safe
32.89,63.14,63.76,20.2,1.0,34.38,18.91,18.7,0,Safe
2.88,20.28,42.33,28.9,0.44,10.18,18.26,0.6,0,Safe
78.25,350.55,93.07,58.0,3.08,78.69,11.02,100.0,3,Critical
0.35,16.71,39.17,35.48,0.55,13.3,24.58,0.0,0,Safe
18.43,68.24,62.53,33.02,0.54,28.98,18.94,20.5,0,Safe
64.88,191.43,70.03,39.91,1.85,54.11,14.33,68.4,2,Warning
36.12,101.66,70.82,33.32,0.8,20.66,18.23,27.0,0,Safe
34.55,191.11,82.46,44.11,1.41,48.11,17.42,60.6,2,Warning
81.64,300.0,92.16,55.79,3.39,53.98,11.97,100.0,3,Critical
4.64,19.65,20.63,25.89,0.31,6.31,17.9,3.7,0,Safe
75.91,184.98,89.73,35.46,1.72,37.18,17.55,57.1,1,Watch
63.51,215.49,83.3,36.57,1.52,33.82,14.38,53.5,1,Watch
9.09,43.78,54.53,28.37,0.9,36.93,19.67,16.7,0,Safe
128.97,289.27,95.89,47.26,2.88,68.75,13.66,100.0,3,Critical
31.14,93.73,51.27,31.8,0.96,20.44,19.65,25.4,0,Safe
63.35,117.71,77.6,35.72,1.42,42.65,12.95,44.1,1,Watch
51.46,140.79,85.2,40.21,1.21,35.78,18.51,42.8,1,Watch
107.39,234.29,94.96,49.49,2.39,63.6,14.97,100.0,3,Critical
100.7,284.4,90.6,56.83,4.12,80.8,15.7,100.0,3,Critical
0.36,1.05,37.3,25.12,0.11,12.28,20.63,0.0,0,Safe
0.75,20.85,34.66,24.97,0.11,10.22,24.93,0.1,0,Safe
0.55,18.97,34.44,28.53,0.58,11.76,22.36,1.0,0,Safe
51.52,65.16,55.54,29.94,0.68,37.16,15.89,26.9,0,Safe
1.22,14.55,35.01,16.38,0.57,9.92,22.81,0.0,0,Safe
29.11,182.64,75.75,37.01,1.68,41.2,19.94,43.2,1,Watch
66.06,293.49,87.09,52.57,2.12,85.54,12.7,100.0,3,Critical
1.75,12.18,32.41,17.43,0.46,5.65,15.75,0.0,0,Safe
0.31,21.77,38.31,26.76,0.56,12.62,18.19,8.1,0,Safe
77.95,166.68,79.31,31.49,1.55,53.78,18.79,60.7,2,Warning
97.14,318.75,87.71,56.85,4.26,67.83,13.02,100.0,3,Critical
13.08,74.47,72.85,22.67,0.51,17.42,22.17,6.0,0,Safe
17.08,114.85,65.77,29.32,0.36,36.95,20.99,24.7,0,Safe
78.64,199.4,76.25,34.41,1.55,41.66,11.39,56.1,1,Watch
15.62,118.2,59.01,38.8,1.0,35.58,19.26,27.6,0,Safe
1.73,9.5,40.19,30.08,0.22,18.53,23.96,6.7,0,Safe
44.66,145.55,79.29,28.89,1.34,49.67,16.05,42.3,1,Watch
0.03,13.05,34.59,14.63,0.16,11.41,23.63,2.8,0,Safe
1.05,15.56,30.64,22.26,0.36,9.7,22.46,0.6,0,Safe
42.37,85.11,67.27,47.88,0.36,17.5,14.22,28.9,0,Safe
79.84,192.05,80.19,38.55,0.89,58.3,13.37,71.3,2,Warning
25.77,109.82,50.89,43.36,0.7,27.8,20.46,29.5,0,Safe
51.77,236.99,87.6,49.49,4.03,84.08,13.48,100.0,3,Critical
19.43,208.49,74.3,35.05,1.98,43.15,11.07,45.8,1,Watch
24.53,56.48,63.99,30.84,1.03,32.99,17.65,19.2,0,Safe
2.31,11.13,46.04,25.81,0.47,7.55,28.78,0.0,0,Safe
25.76,142.68,79.72,36.67,1.88,43.21,12.1,48.6,1,Watch
13.51,78.89,56.85,40.26,0.47,21.51,20.21,14.6,0,Safe
1.11,13.79,41.47,37.51,0.45,7.56,24.66,2.8,0,Safe
22.51,118.78,49.61,28.55,0.49,40.25,18.22,25.5,0,Safe
4.45,14.77,23.35,17.2,0.27,10.99,19.53,4.7,0,Safe
66.31,147.55,77.11,32.31,1.69,42.16,18.01,45.2,1,Watch
106.11,302.49,90.92,55.4,4.44,56.11,13.42,100.0,3,Critical
110.8,204.94,91.66,55.2,2.83,73.58,15.32,100.0,3,Critical
83.56,165.44,79.61,37.72,0.99,61.49,16.02,64.3,2,Warning
18.98,63.37,64.77,28.82,1.14,34.22,20.27,20.5,0,Safe
31.71,31.56,59.51,24.63,0.56,21.17,20.3,14.2,0,Safe
0.18,0.66,54.57,12.18,0.27,10.4,32.14,0.0,0,Safe
58.57,41.99,55.64,36.29,0.9,17.46,16.96,22.4,0,Safe
4.47,17.0,30.4,30.77,0.48,10.99,21.6,1.2,0,Safe
46.71,144.48,68.49,36.43,1.88,62.82,21.41,60.5,2,Warning
11.05,31.69,63.62,34.16,0.97,37.08,16.59,23.6,0,Safe
12.94,64.2,68.71,29.59,1.02,31.47,19.69,15.6,0,Safe
88.78,191.03,89.17,36.15,3.82,61.73,14.51,81.3,3,Critical
0.41,17.38,29.02,27.26,0.3,8.23,26.71,0.0,0,Safe
41.77,219.54,78.44,35.31,1.06,41.52,17.62,52.7,1,Watch
20.53,84.64,76.39,27.93,0.81,15.55,17.06,15.1,0,Safe
29.4,59.19,75.65,35.64,0.52,29.78,24.76,19.0,0,Safe
1.16,18.75,31.55,35.13,0.46,7.69,24.92,7.9,0,Safe
6.13,0.39,43.39,29.54,0.39,11.2,22.8,5.2,0,Safe
0.91,3.31,29.52,23.88,0.26,6.47,25.53,1.9,0,Safe
4.74,13.03,45.74,31.35,0.12,7.1,24.27,4.9,0,Safe
3.12,12.44,42.19,39.97,0.55,13.34,25.75,3.5,0,Safe
126.14,348.54,88.97,55.9,1.99,65.99,12.31,100.0,3,Critical
26.55,51.26,69.3,37.54,0.88,28.59,20.97,21.9,0,Safe
14.67,145.72,74.41,37.11,1.9,44.76,17.92,44.6,1,Watch
5.36,4.48,41.66,32.88,0.13,8.11,26.23,5.0,0,Safe
8.4,57.17,57.07,32.01,0.71,30.24,22.33,14.6,0,Safe
58.49,158.97,79.05,31.91,0.97,27.36,16.32,37.2,1,Watch
50.18,55.22,56.54,40.64,0.53,21.35,18.3,21.2,0,Safe
0.8,11.88,30.23,30.91,0.39,4.37,22.55,2.2,0,Safe
1.06,21.36,35.96,32.64,0.48,14.6,20.46,6.8,0,Safe
23.46,117.1,88.36,34.02,0.98,58.25,17.65,48.9,1,Watch
81.59,296.49,94.52,41.76,2.44,66.86,16.46,98.2,3,Critical
21.66,38.18,68.31,37.1,0.81,27.53,15.17,24.7,0,Safe
0.18,23.4,36.92,28.39,0.38,17.54,22.26,0.0,0,Safe
40.9,135.44,78.81,27.05,1.6,52.69,16.77,38.2,1,Watch
26.88,37.9,62.58,33.41,0.53,33.18,17.12,21.4,0,Safe
6.21,7.45,33.24,39.87,0.37,10.82,18.39,0.7,0,Safe
0.32,7.93,36.72,20.92,0.41,10.31,23.74,2.5,0,Safe
26.2,100.15,64.45,36.1,0.49,18.38,18.54,24.2,0,Safe
0.33,19.09,53.74,27.96,0.53,8.72,19.53,3.8,0,Safe
24.62,132.58,72.61,32.12,1.03,47.5,13.86,40.9,1,Watch
87.06,261.04,97.44,55.02,2.99,74.09,14.0,100.0,3,Critical
1.76,10.23,36.0,22.3,0.25,11.46,28.62,0.0,0,Safe
39.92,172.76,89.86,34.12,1.48,38.7,15.43,43.8,1,Watch
46.24,73.93,54.08,40.16,0.44,21.15,15.01,17.4,0,Safe
1.92,9.31,38.25,32.54,0.43,13.01,29.2,0.0,0,Safe
108.38,196.4,91.35,42.29,3.97,61.12,14.37,90.5,3,Critical
128.37,309.05,92.96,39.66,3.94,71.27,11.71,94.5,3,Critical
128.95,240.47,90.12,57.43,4.68,65.42,18.01,100.0,3,Critical
12.5,57.28,61.62,32.25,0.8,24.35,18.14,15.4,0,Safe
109.36,200.6,89.13,38.12,2.61,76.11,13.72,90.4,3,Critical
1.83,31.29,65.93,35.7,0.74,28.05,20.88,12.7,0,Safe
24.6,37.56,47.85,35.2,0.41,21.65,16.9,14.6,0,Safe
67.01,195.34,67.28,46.53,1.6,45.24,14.21,68.3,2,Warning
29.26,58.7,68.83,27.13,0.71,36.95,12.23,25.6,0,Safe
5.06,20.25,32.57,22.73,0.2,8.58,15.59,4.9,0,Safe
35.66,31.78,61.97,26.15,0.74,26.88,19.0,18.1,0,Safe
18.38,100.01,74.76,35.88,0.38,23.32,17.38,23.4,0,Safe
64.97,111.52,50.53,32.59,0.97,15.92,16.64,23.3,0,Safe
43.55,79.21,56.88,18.66,0.95,32.63,20.33,16.0,0,Safe
53.1,186.8,87.8,36.43,1.39,42.4,21.19,53.0,1,Watch
1.21,66.79,56.33,26.76,0.3,32.39,17.01,10.4,0,Safe
1.33,22.25,45.23,20.39,0.2,5.21,16.08,0.0,0,Safe
1.82,4.73,39.87,20.74,0.11,15.59,21.78,0.0,0,Safe
34.71,54.22,57.39,35.89,1.04,35.66,16.1,27.4,0,Safe
24.12,85.64,56.51,37.78,1.08,33.68,21.08,31.6,1,Watch
1.6,17.37,32.64,32.0,0.51,8.02,27.71,3.4,0,Safe
1.04,5.38,30.33,29.92,0.27,12.51,20.58,0.0,0,Safe
51.22,216.36,72.06,45.76,1.23,40.55,17.07,57.8,1,Watch
26.07,109.82,48.61,37.75,1.02,19.73,17.09,24.1,0,Safe
50.61,73.17,46.53,28.01,0.47,30.75,19.28,23.7,0,Safe
2.51,17.6,38.46,29.27,0.27,12.03,18.51,0.9,0,Safe
72.35,125.91,96.45,44.2,1.69,38.92,20.46,61.1,2,Warning
19.35,94.64,70.57,30.18,0.3,25.24,18.98,23.4,0,Safe
4.92,11.27,31.2,23.95,0.22,10.96,21.56,3.6,0,Safe
5.23,5.81,39.17,31.53,0.37,14.66,26.81,0.5,0,Safe
2.25,23.2,27.16,21.35,0.45,8.86,29.07,7.2,0,Safe
21.99,97.08,47.58,34.76,0.85,23.78,22.14,22.3,0,Safe
20.36,74.43,55.69,33.03,0.61,16.29,19.46,12.7,0,Safe
12.9,102.83,59.58,24.11,0.87,23.88,15.97,11.5,0,Safe
2.05,21.16,21.07,32.89,0.14,21.41,27.38,7.9,0,Safe
5.67,13.61,26.92,25.7,0.51,10.38,21.22,6.8,0,Safe
68.07,242.85,88.97,38.64,2.15,89.0,13.97,88.1,3,Critical
72.55,172.12,80.46,35.61,1.73,42.64,17.36,57.1,1,Watch
1.23,13.46,37.45,37.71,0.24,13.64,26.15,4.6,0,Safe
30.01,53.95,71.46,30.63,1.01,29.26,17.02,24.0,0,Safe
3.33,10.11,28.84,32.67,0.34,0.6,21.13,0.0,0,Safe
8.72,24.68,48.16,32.39,0.43,8.98,31.28,6.7,0,Safe
9.54,62.43,56.82,29.0,0.74,31.85,16.64,19.3,0,Safe
19.92,104.57,65.54,52.28,0.88,18.52,19.42,30.9,1,Watch
0.84,3.61,40.04,21.98,0.3,9.31,18.61,0.3,0,Safe
12.23,1.41,38.93,14.11,0.43,10.38,22.73,0.0,0,Safe
54.85,344.66,94.18,56.19,3.59,67.81,16.29,100.0,3,Critical
32.46,94.63,53.15,20.86,0.79,24.43,20.8,16.3,0,Safe
25.99,80.03,58.32,21.43,0.93,30.17,16.7,17.4,0,Safe
28.41,35.17,55.75,33.53,0.94,20.26,19.02,13.0,0,Safe
47.1,111.76,65.66,26.39,0.57,25.9,18.55,18.2,0,Safe
27.64,162.64,82.42,39.18,1.59,65.49,14.45,67.2,2,Warning
1.95,12.54,35.85,29.95,0.6,6.43,26.37,0.0,0,Safe
1.97,0.44,30.61,28.52,0.42,9.81,20.5,0.0,0,Safe
51.53,61.31,58.39,45.73,0.87,29.3,17.89,40.3,1,Watch
1.65,3.28,32.45,27.61,0.38,12.73,23.48,4.3,0,Safe
13.94,98.98,69.0,37.82,0.47,19.81,26.48,24.3,0,Safe
4.24,13.86,44.08,22.2,0.49,12.86,19.97,4.4,0,Safe
9.22,34.52,58.75,25.06,0.69,24.44,18.93,13.2,0,Safe
0.52,1.82,41.02,27.63,0.25,14.65,16.75,1.1,0,Safe
114.22,236.95,97.1,44.12,2.35,52.05,11.89,89.1,3,Critical
27.14,75.95,61.74,36.78,0.4,26.26,18.08,25.5,0,Safe
86.53,300.31,91.64,40.94,3.17,91.71,15.91,95.1,3,Critical
6.48,56.76,63.68,38.12,1.15,23.26,18.49,13.1,0,Safe
7.17,35.55,52.58,28.67,0.48,41.46,13.94,18.5,0,Safe
32.19,111.02,56.66,45.33,0.6,38.25,16.68,37.2,1,Watch
22.86,152.79,69.29,27.83,1.46,48.94,9.12,35.8,1,Watch
14.01,112.63,71.11,44.17,0.84,35.68,23.51,37.2,1,Watch
38.21,213.5,83.47,43.91,0.85,50.02,11.17,63.4,2,Warning
45.86,204.93,78.39,29.24,1.58,47.21,18.51,48.0,1,Watch
53.51,127.89,87.08,34.41,0.94,47.45,14.06,46.9,1,Watch
2.5,12.19,21.11,32.86,0.43,11.61,26.58,4.9,0,Safe
0.44,2.62,36.84,37.26,0.53,13.14,22.49,3.8,0,Safe
42.02,116.02,79.21,43.44,1.14,42.64,12.51,49.8,1,Watch
1.79,4.65,39.62,29.75,0.52,11.94,27.47,2.5,0,Safe
0.02,6.81,29.27,32.32,0.22,5.73,22.82,2.8,0,Safe
1.41,2.69,34.92,27.11,0.53,6.83,21.27,0.0,0,Safe
0.39,13.64,34.4,25.03,0.43,6.64,21.9,0.7,0,Safe
51.4,148.13,83.97,33.12,1.01,33.72,15.45,36.9,1,Watch
1.34,4.84,47.6,22.86,0.21,17.25,22.06,0.0,0,Safe
15.33,60.0,72.92,38.94,0.86,38.74,18.71,28.4,0,Safe
83.4,132.91,81.25,44.6,1.02,49.33,15.82,65.3,2,Warning
73.98,161.58,75.94,37.05,1.37,39.41,17.56,52.7,1,Watch
26.43,57.39,54.0,28.48,1.12,30.76,20.56,18.3,0,Safe
44.02,135.61,90.56,31.82,1.17,46.53,17.15,49.6,1,Watch
20.91,81.71,62.27,21.02,1.16,19.18,21.67,10.9,0,Safe
85.2,362.92,96.8,40.52,2.45,55.45,15.37,81.5,3,Critical
32.67,217.73,80.51,32.04,1.06,35.36,17.88,40.0,1,Watch
42.3,84.45,65.43,34.52,0.71,33.8,19.53,32.3,1,Watch
4.85,13.92,30.68,40.02,0.19,7.7,27.06,5.2,0,Safe
15.32,15.88,32.72,37.04,0.19,8.17,24.54,7.3,0,Safe
0.74,5.99,37.47,21.47,0.36,2.08,21.82,0.0,0,Safe
5.1,5.13,47.33,21.67,0.34,9.68,20.6,1.6,0,Safe
21.29,116.95,55.03,28.89,1.11,31.89,19.36,23.4,0,Safe
0.31,21.97,38.22,18.65,0.4,14.42,23.85,0.0,0,Safe
2.82,22.74,14.81,29.96,0.51,6.16,23.23,0.8,0,Safe
80.2,123.44,85.68,36.99,1.66,49.95,20.09,66.0,2,Warning
29.81,55.4,57.59,27.14,0.38,29.83,17.13,20.8,0,Safe
1.16,12.38,26.02,36.26,0.15,5.62,28.41,3.1,0,Safe
11.89,62.48,56.97,48.2,0.62,37.58,18.79,27.3,0,Safe
1.96,24.37,33.24,30.18,0.48,8.59,22.24,6.3,0,Safe
20.36,97.75,63.67,17.85,1.0,28.72,13.5,16.1,0,Safe
1.28,2.1,26.59,41.78,0.22,9.72,24.13,0.0,0,Safe
59.04,111.6,79.62,35.63,1.42,51.45,14.23,52.5,1,Watch
50.86,316.09,89.96,51.18,4.67,88.08,14.87,100.0,3,Critical
2.82,23.76,39.88,29.27,0.19,9.59,24.59,3.9,0,Safe
11.42,45.57,75.64,38.89,0.3,25.55,18.96,21.4,0,Safe
3.76,11.95,27.53,20.66,0.39,11.19,25.73,1.3,0,Safe
23.02,39.19,56.36,25.08,0.92,34.93,20.46,14.0,0,Safe
3.04,16.09,45.79,27.95,0.36,0.6,18.35,4.8,0,Safe
115.64,256.68,98.27,39.38,3.91,56.44,7.9,87.3,3,Critical
99.64,337.59,87.74,57.92,4.8,78.6,7.29,100.0,3,Critical
19.43,93.33,44.7,30.82,1.07,26.12,24.15,22.3,0,Safe
38.5,55.91,71.28,23.49,0.59,28.48,18.26,17.2,0,Safe
22.87,110.18,66.93,27.36,0.33,24.78,15.14,17.6,0,Safe
52.98,152.51,67.3,34.62,1.33,45.93,18.23,47.0,1,Watch
39.21,201.03,65.64,45.85,1.74,37.1,23.03,55.6,1,Watch
1.84,12.03,25.7,43.46,0.3,8.82,25.6,2.3,0,Safe
4.57,40.97,66.44,27.6,0.42,24.64,15.13,7.7,0,Safe
81.7,371.26,98.0,48.91,4.27,69.63,13.6,100.0,3,Critical
113.92,260.97,91.76,53.84,2.93,53.57,18.92,100.0,3,Critical
80.79,155.34,83.35,32.85,1.42,48.43,16.33,51.3,1,Watch
0.11,23.6,38.41,38.21,0.15,16.67,20.33,3.4,0,Safe
0.74,13.71,33.85,45.58,0.59,7.65,23.05,4.0,0,Safe
29.46,58.48,65.72,34.51,0.44,31.04,12.21,22.5,0,Safe
40.56,185.99,90.52,38.04,1.09,45.46,20.34,56.1,1,Watch
3.04,6.0,24.47,19.31,0.39,10.71,27.49,5.0,0,Safe
93.73,307.61,86.6,36.28,1.86,52.77,10.76,71.8,2,Warning
15.65,108.91,74.53,29.28,0.34,31.04,23.05,21.1,0,Safe
3.36,12.69,26.08,22.87,0.4,8.99,28.54,0.0,0,Safe
3.81,12.52,31.3,25.61,0.32,6.98,22.82,2.7,0,Safe
44.47,64.1,71.26,22.87,0.73,25.1,16.59,22.8,0,Safe
21.02,75.36,54.73,45.96,0.62,17.47,15.18,20.2,0,Safe
2.79,3.36,32.31,36.48,0.54,17.54,22.59,4.9,0,Safe
17.36,81.51,62.01,39.96,1.06,18.26,16.79,15.9,0,Safe
7.44,6.73,35.9,13.45,0.56,13.35,21.26,0.0,0,Safe
121.98,294.73,89.96,50.97,4.28,54.01,10.71,100.0,3,Critical
3.62,20.95,46.77,44.38,0.52,5.34,20.77,3.3,0,Safe
78.29,307.98,97.66,42.46,3.0,82.33,8.6,100.0,3,Critical
15.38,111.01,53.98,33.43,0.71,26.33,14.75,15.8,0,Safe
101.79,282.58,88.24,48.02,2.38,76.71,13.5,100.0,3,Critical
1.3,7.74,28.57,20.41,0.22,12.97,24.23,3.7,0,Safe
2.15,24.86,28.4,23.12,0.57,8.6,24.24,5.0,0,Safe
86.65,224.23,96.61,40.21,4.46,74.35,15.11,100.0,3,Critical
1.69,6.19,36.44,11.78,0.32,7.12,17.0,5.7,0,Safe
11.06,12.74,38.37,23.39,0.31,18.23,18.76,8.9,0,Safe
41.47,95.15,74.32,19.47,0.49,34.73,14.49,20.9,0,Safe
43.84,144.45,75.17,36.63,1.89,48.89,14.87,46.5,1,Watch
2.27,17.87,41.85,29.73,0.35,2.83,24.73,4.8,0,Safe
1.32,24.41,40.92,27.42,0.19,1.67,26.17,0.0,0,Safe
6.6,24.15,50.91,36.43,0.51,11.06,29.44,6.2,0,Safe
76.87,209.11,89.21,52.03,2.12,71.31,13.8,100.0,3,Critical
0.69,11.79,28.9,40.34,0.21,4.86,25.54,1.7,0,Safe
28.84,102.78,61.11,27.55,1.08,42.21,16.27,25.0,0,Safe
35.78,138.37,67.59,47.57,1.42,68.92,12.59,72.6,2,Warning
125.38,216.74,97.96,52.0,2.47,53.75,11.29,100.0,3,Critical
7.21,6.99,32.86,22.33,0.2,8.34,31.65,0.0,0,Safe
11.08,6.56,34.7,25.48,0.43,16.56,22.54,3.2,0,Safe
0.21,3.82,20.4,21.8,0.19,11.79,20.1,6.1,0,Safe
12.21,91.36,62.32,24.17,0.65,27.95,17.96,15.4,0,Safe
8.02,63.61,56.17,24.83,0.61,23.71,18.8,4.7,0,Safe
23.82,107.11,55.37,27.59,1.02,28.42,15.73,25.8,0,Safe
3.95,7.29,30.22,27.98,0.12,11.67,21.9,1.6,0,Safe
0.13,15.63,17.42,29.61,0.36,6.04,25.32,0.3,0,Safe
0.09,14.22,31.03,30.19,0.26,3.21,27.2,0.8,0,Safe
101.7,312.69,93.4,47.46,2.66,58.21,17.1,90.6,3,Critical
39.73,53.56,65.18,28.89,1.16,25.0,17.83,13.7,0,Safe
87.39,165.79,79.58,29.22,1.72,42.96,15.94,48.4,1,Watch
14.87,140.35,72.73,36.03,1.15,58.59,15.24,45.0,1,Watch
14.33,113.3,52.48,32.37,0.73,35.77,18.32,21.7,0,Safe
10.33,59.38,61.37,34.07,1.13,18.95,23.2,17.1,0,Safe
1.27,24.32,39.54,20.2,0.31,10.09,31.21,1.4,0,Safe
13.91,30.47,49.94,33.35,0.88,32.83,17.45,17.6,0,Safe
0.82,16.11,34.85,30.29,0.18,11.27,28.62,5.1,0,Safe
80.5,302.46,86.46,43.67,3.83,80.69,11.52,100.0,3,Critical
30.46,199.03,77.36,33.23,0.87,50.69,14.02,42.0,1,Watch
17.47,39.12,52.8,42.68,0.92,31.89,24.8,21.3,0,Safe
60.02,154.66,81.91,41.55,1.67,46.09,19.74,64.3,2,Warning
125.36,327.88,91.01,51.0,1.94,78.04,9.88,100.0,3,Critical
2.21,18.87,22.73,30.8,0.19,14.0,28.93,0.0,0,Safe
66.35,372.07,90.81,44.67,2.35,67.36,13.82,89.6,3,Critical
19.43,67.41,71.33,24.4,1.02,17.48,19.1,15.2,0,Safe
1.79,16.64,39.79,22.28,0.42,10.33,22.51,0.0,0,Safe
27.21,30.19,65.19,29.99,0.41,32.71,14.85,19.0,0,Safe
1.22,23.46,35.35,19.97,0.17,14.96,28.88,3.7,0,Safe
0.87,13.97,38.86,31.1,0.59,11.52,28.98,3.5,0,Safe
37.82,132.77,81.78,38.72,1.35,36.79,13.32,42.7,1,Watch
45.0,177.53,70.75,38.02,0.81,45.32,17.37,53.7,1,Watch
25.59,148.48,74.81,39.24,1.9,47.26,14.77,47.1,1,Watch
56.72,155.6,84.31,39.27,1.55,56.38,16.1,62.3,2,Warning
27.04,35.25,63.36,31.28,1.06,21.76,21.36,13.5,0,Safe
32.9,206.71,72.53,39.58,1.93,40.95,14.89,53.3,1,Watch
47.99,125.21,64.28,39.32,1.09,42.0,17.64,41.8,1,Watch
29.46,188.62,82.61,34.8,1.35,56.07,17.85,58.8,1,Watch
2.2,8.28,17.45,22.86,0.23,9.56,16.0,0.0,0,Safe
17.95,107.92,49.61,30.28,1.01,29.82,19.16,19.8,0,Safe
35.42,125.2,83.18,31.75,1.18,43.54,21.1,42.5,1,Watch
0.11,14.98,16.13,31.62,0.41,14.98,23.08,2.8,0,Safe
14.75,116.25,68.3,32.22,0.58,22.97,21.63,20.4,0,Safe
18.84,198.82,86.55,34.67,1.03,56.09,13.79,46.5,1,Watch
0.03,8.93,28.82,27.96,0.27,7.95,30.35,3.1,0,Safe
102.49,267.12,93.61,52.59,3.46,76.7,10.59,100.0,3,Critical
104.27,263.09,96.58,44.57,2.48,60.0,13.48,88.4,3,Critical
96.43,325.41,97.11,52.77,1.9,83.42,14.21,100.0,3,Critical
112.06,230.51,88.01,46.47,4.46,75.09,14.11,100.0,3,Critical
10.37,96.23,61.63,34.79,0.46,30.12,18.55,26.6,0,Safe
118.34,307.41,87.44,51.32,3.68,85.33,10.02,100.0,3,Critical
49.47,148.78,69.2,41.07,1.96,54.69,18.65,63.9,2,Warning
93.46,143.97,72.23,35.42,1.76,30.59,17.54,47.2,1,Watch
52.39,262.79,92.55,37.91,4.11,82.0,15.75,87.4,3,Critical
10.68,110.41,56.12,32.06,0.99,39.73,19.37,28.2,0,Safe
5.44,15.85,39.39,23.1,0.48,9.91,27.01,0.0,0,Safe
14.88,58.52,78.64,31.97,0.97,24.45,20.88,15.8,0,Safe
25.22,110.0,76.11,31.65,0.82,65.56,20.22,47.0,1,Watch
2.68,0.29,37.82,35.02,0.51,4.2,19.35,0.2,0,Safe
56.07,296.45,95.87,51.71,2.21,87.08,8.29,100.0,3,Critical
5.1,17.62,37.41,21.64,0.46,16.83,15.32,1.1,0,Safe
44.94,203.98,70.77,40.73,1.72,51.25,12.7,66.6,2,Warning
105.44,246.07,94.94,38.43,4.74,52.11,11.93,80.8,3,Critical
2.44,5.66,28.47,38.34,0.33,11.86,19.09,0.0,0,Safe
70.06,270.46,95.45,50.38,2.98,66.84,15.12,100.0,3,Critical
1.08,2.88,13.16,21.8,0.22,9.88,28.63,2.5,0,Safe
4.15,13.63,44.7,23.2,0.21,8.12,28.71,7.6,0,Safe
58.41,201.42,85.82,36.33,1.85,50.41,23.2,64.3,2,Warning
94.48,196.31,87.61,54.87,3.4,66.47,12.85,100.0,3,Critical
0.81,16.0,36.8,30.97,0.45,10.82,22.22,2.0,0,Safe
47.43,177.11,86.71,39.33,1.51,58.03,14.13,59.4,1,Watch
0.16,24.96,34.71,32.47,0.31,11.92,26.92,3.5,0,Safe
0.01,4.22,27.62,25.27,0.38,8.08,31.32,5.4,0,Safe
8.96,79.03,66.97,18.06,0.76,37.04,18.68,12.9,0,Safe
2.15,21.87,41.89,29.26,0.23,6.57,20.63,4.8,0,Safe
17.12,41.45,62.37,38.98,1.12,37.22,19.84,28.4,0,Safe
20.19,89.87,65.08,29.39,0.54,20.38,22.03,15.9,0,Safe
26.76,125.33,73.89,43.5,1.21,41.15,15.59,47.4,1,Watch
2.0,12.05,31.17,45.18,0.56,8.66,28.52,2.2,0,Safe
3.75,22.64,34.29,25.82,0.27,4.57,23.32,5.1,0,Safe
40.65,110.38,84.4,43.8,1.19,40.82,15.47,52.9,1,Watch
97.05,279.17,90.75,45.08,4.54,87.45,16.33,100.0,3,Critical
0.03,16.17,35.27,28.39,0.28,19.53,21.82,4.3,0,Safe
91.07,128.95,70.38,37.47,1.78,37.17,18.71,53.1,1,Watch
17.25,74.09,50.39,46.65,0.41,38.76,20.92,29.3,0,Safe
40.75,126.3,80.7,45.49,1.44,57.15,19.25,59.9,1,Watch
41.67,85.74,59.88,37.66,0.67,33.47,21.14,32.2,1,Watch
16.4,113.42,83.95,29.72,0.58,36.03,20.6,21.0,0,Safe
23.41,151.02,74.53,34.27,1.27,55.18,15.6,45.3,1,Watch
52.52,196.75,82.68,40.7,1.31,52.23,18.57,67.8,2,Warning
2.12,2.51,50.55,41.88,0.58,11.9,21.28,3.4,0,Safe
3.25,12.23,32.78,28.19,0.46,9.6,23.21,3.0,0,Safe
90.64,261.58,91.67,51.12,2.06,72.7,15.37,100.0,3,Critical
27.0,216.37,72.43,36.52,1.62,38.2,17.25,47.5,1,Watch
90.88,285.84,92.08,45.41,3.39,75.81,13.93,100.0,3,Critical
12.23,113.7,74.89,46.92,1.06,19.99,21.3,31.3,1,Watch
31.96,48.01,72.42,24.15,0.56,27.9,20.72,15.7,0,Safe
0.15,0.23,24.62,17.32,0.22,11.27,19.05,0.0,0,Safe
64.95,185.81,73.91,38.15,1.87,42.85,20.79,57.5,1,Watch
16.35,109.75,62.7,36.88,1.0,26.02,22.63,26.4,0,Safe
6.35,69.63,71.83,36.32,0.54,31.24,18.19,24.3,0,Safe
72.34,119.12,65.52,32.57,1.15,23.76,16.8,36.3,1,Watch
11.92,81.12,61.61,27.66,0.52,43.96,15.06,28.0,0,Safe
25.25,60.05,66.86,31.12,0.31,12.07,18.75,14.1,0,Safe
1.43,11.77,29.73,33.01,0.51,13.72,23.07,0.3,0,Safe
37.46,127.83,88.02,48.39,0.81,35.87,17.48,50.4,1,Watch
0.53,0.72,28.29,24.33,0.16,9.02,25.15,1.6,0,Safe
37.12,135.61,71.11,32.38,1.86,41.36,16.03,39.6,1,Watch
21.84,49.95,61.05,45.06,0.4,26.43,15.06,19.3,0,Safe
3.12,10.3,37.19,30.73,0.45,10.1,17.4,2.7,0,Safe
2.4,20.31,39.9,15.71,0.59,17.59,21.25,4.8,0,Safe
2.89,0.14,34.18,23.49,0.39,15.97,19.79,3.0,0,Safe
1.52,15.56,35.48,32.66,0.32,8.06,28.96,1.9,0,Safe
13.32,49.53,55.38,26.44,0.54,27.1,15.9,13.8,0,Safe
23.0,48.47,70.23,29.59,0.85,22.66,21.67,17.0,0,Safe
0.49,3.63,26.28,28.23,0.33,12.35,31.44,1.7,0,Safe
0.45,12.82,36.13,31.07,0.44,16.98,27.46,0.0,0,Safe
53.72,343.24,96.49,54.59,2.93,88.41,14.34,100.0,3,Critical
9.29,86.94,58.19,32.33,1.01,30.73,19.73,23.3,0,Safe
1.92,9.53,42.96,37.09,0.48,15.25,12.17,0.0,0,Safe
25.23,108.38,67.09,34.06,0.92,38.38,20.36,38.4,1,Watch
0.68,20.5,38.86,15.4,0.29,12.94,24.63,1.3,0,Safe
17.2,55.43,68.07,31.84,0.4,30.95,16.66,19.0,0,Safe
35.79,79.04,51.33,34.3,1.11,27.83,22.83,23.5,0,Safe
43.43,116.25,76.84,31.45,0.84,41.67,10.22,41.7,1,Watch
64.55,217.24,97.14,36.79,3.27,59.18,13.31,76.7,2,Warning
1.87,0.98,41.36,23.67,0.13,5.47,30.19,3.3,0,Safe
5.54,23.18,38.95,22.94,0.26,14.51,31.45,1.3,0,Safe
0.11,15.58,36.83,21.7,0.4,13.86,24.2,0.0,0,Safe
6.83,14.43,41.88,21.72,0.31,12.31,30.6,4.4,0,Safe
50.65,192.69,91.68,27.87,1.88,39.14,19.8,44.7,1,Watch
90.48,145.84,70.0,42.45,1.01,45.43,15.52,56.4,1,Watch
18.34,111.38,52.87,26.3,0.75,44.29,20.03,26.4,0,Safe
0.28,18.42,38.01,23.08,0.38,10.73,17.39,2.7,0,Safe
39.89,160.64,80.55,36.98,1.09,31.7,16.88,41.4,1,Watch
88.67,327.5,86.33,53.34,2.3,67.8,11.74,100.0,3,Critical
4.14,23.23,27.08,28.96,0.35,7.03,26.56,1.7,0,Safe
0.27,2.16,44.27,29.51,0.36,6.82,20.64,0.0,0,Safe
46.52,200.36,70.91,41.61,1.68,50.21,16.14,58.9,1,Watch
86.67,241.57,87.05,52.04,2.6,66.56,11.46,100.0,3,Critical
30.47,97.75,64.1,34.03,1.02,31.37,23.93,27.1,0,Safe
0.08,3.23,17.01,23.68,0.25,16.85,28.14,0.0,0,Safe
33.67,97.69,72.0,32.04,0.51,28.87,12.25,28.0,0,Safe
22.64,73.04,74.23,35.12,0.66,33.33,19.96,17.2,0,Safe
66.7,204.7,86.13,42.04,0.83,51.93,13.55,72.5,2,Warning
102.09,334.0,93.94,42.42,2.96,69.53,14.12,96.5,3,Critical
1.02,13.68,32.35,26.64,0.23,9.3,21.87,3.3,0,Safe
0.51,7.95,40.06,31.2,0.25,4.52,25.64,4.4,0,Safe
37.46,54.67,63.75,47.67,1.07,36.1,25.27,38.8,1,Watch
33.21,105.07,62.57,33.63,0.85,28.83,19.46,24.5,0,Safe
0.18,5.84,45.27,15.34,0.39,12.57,28.24,0.2,0,Safe
98.27,137.25,72.42,38.67,1.92,59.57,15.49,73.3,2,Warning
19.47,57.39,81.72,33.89,0.68,18.58,17.66,17.7,0,Safe
3.16,18.88,51.9,16.72,0.24,14.79,28.2,0.0,0,Safe
17.81,77.56,67.15,30.8,1.14,22.33,25.37,15.0,0,Safe
1.88,9.66,40.41,20.04,0.19,9.85,16.82,1.9,0,Safe
14.12,62.25,57.3,30.48,0.75,36.16,17.43,17.9,0,Safe
13.22,103.76,72.81,38.75,0.91,23.89,14.99,21.7,0,Safe
30.06,55.71,57.06,39.37,1.12,13.75,16.72,15.7,0,Safe
0.38,3.96,24.99,35.9,0.39,6.71,24.03,0.3,0,Safe
54.48,366.53,98.49,47.27,3.7,72.21,14.66,97.4,3,Critical
0.08,12.99,20.19,14.78,0.44,7.21,17.34,3.5,0,Safe
23.78,71.69,54.73,30.59,0.59,27.31,16.52,17.1,0,Safe
50.22,122.02,89.18,34.9,1.14,49.22,17.87,50.3,1,Watch
0.23,13.62,31.7,39.04,0.21,13.33,14.66,3.2,0,Safe
80.68,205.33,97.2,41.61,2.56,53.62,14.72,84.7,3,Critical
9.57,17.9,24.73,27.1,0.49,8.23,28.66,0.0,0,Safe
46.84,200.44,74.93,36.01,1.4,41.24,20.47,53.2,1,Watch
3.29,24.1,27.26,35.06,0.57,10.63,27.33,0.0,0,Safe
15.94,51.15,65.43,30.1,0.71,23.11,16.33,12.9,0,Safe
27.13,197.9,73.74,45.07,1.99,38.48,10.93,55.4,1,Watch
44.1,135.07,77.28,40.32,1.92,41.24,17.1,49.6,1,Watch
72.51,227.4,87.18,52.83,3.19,67.38,12.32,100.0,3,Critical
29.26,39.46,61.77,30.74,1.14,35.2,17.2,25.7,0,Safe
91.65,219.72,85.71,41.42,3.14,57.64,16.12,86.0,3,Critical
95.17,323.86,92.51,51.47,2.44,87.35,11.48,100.0,3,Critical
106.9,294.3,87.19,43.71,3.76,68.78,17.07,99.6,3,Critical
20.76,61.84,61.57,31.22,0.89,37.5,18.88,21.5,0,Safe
9.96,68.51,75.39,39.01,0.86,32.11,19.83,23.1,0,Safe
60.79,261.2,88.37,53.24,3.17,70.42,13.94,100.0,3,Critical
50.43,150.66,93.14,36.01,1.38,49.66,15.63,53.7,1,Watch
39.71,210.88,78.15,51.56,1.78,30.67,15.48,63.9,2,Warning
42.32,33.44,69.61,28.51,1.18,36.83,24.79,19.6,0,Safe
11.3,113.62,54.8,22.51,0.32,26.95,21.13,16.1,0,Safe
1.23,16.05,33.44,22.41,0.55,14.32,25.63,0.4,0,Safe
17.82,100.74,57.03,34.27,0.68,24.28,18.01,19.4,0,Safe
4.04,9.68,27.52,31.92,0.39,3.07,21.01,4.0,0,Safe
8.21,11.66,45.02,23.34,0.13,6.85,18.11,5.3,0,Safe
111.77,110.34,83.13,34.23,1.51,63.32,14.23,57.3,1,Watch
108.04,339.13,88.93,56.17,1.83,69.66,11.89,100.0,3,Critical
43.18,39.16,76.92,29.32,0.5,34.7,22.32,21.9,0,Safe
21.1,58.0,60.45,34.44,1.17,44.71,17.56,36.4,1,Watch
34.37,33.7,63.84,31.09,0.58,24.92,13.0,20.0,0,Safe
6.02,10.65,19.11,19.47,0.12,11.28,29.41,1.8,0,Safe
27.7,158.71,74.41,47.55,1.36,58.11,13.27,64.8,2,Warning
24.92,50.28,61.25,32.31,1.16,22.28,17.27,20.8,0,Safe
1.98,2.07,50.78,38.32,0.43,8.6,22.0,1.2,0,Safe
43.68,138.91,80.43,38.27,0.98,55.17,16.07,51.1,1,Watch
1.23,8.23,39.45,41.33,0.38,13.61,28.36,0.0,0,Safe
49.89,58.88,66.86,44.62,1.04,33.51,17.61,42.5,1,Watch
40.84,53.42,62.49,43.0,1.14,38.0,21.33,33.0,1,Watch
68.43,124.2,84.32,31.6,1.01,40.69,11.82,40.5,1,Watch
27.89,155.79,79.02,37.92,1.86,46.2,16.9,53.0,1,Watch
22.32,160.48,70.69,43.5,1.62,44.98,12.97,48.5,1,Watch
71.16,287.53,88.25,47.82,4.77,60.16,12.0,94.2,3,Critical
25.59,123.76,82.51,38.04,1.89,44.84,10.89,46.7,1,Watch
36.43,39.73,65.38,34.94,1.18,15.31,21.39,14.7,0,Safe
17.47,41.16,69.4,30.66,0.6,39.55,20.5,27.1,0,Safe
53.87,150.23,75.82,30.86,1.84,55.78,17.55,49.2,1,Watch
54.67,203.08,77.35,35.22,1.19,35.38,16.24,48.5,1,Watch
47.11,127.42,80.2,31.24,1.56,69.13,13.51,53.6,1,Watch
35.26,210.42,82.76,45.43,1.41,44.67,14.35,65.1,2,Warning
0.34,12.3,33.36,31.99,0.2,16.42,14.94,2.0,0,Safe
2.99,22.43,22.85,30.05,0.16,8.02,22.36,4.9,0,Safe
8.76,20.45,37.07,32.1,0.6,7.96,20.85,1.4,0,Safe
1.65,1.2,44.3,26.53,0.4,6.44,30.16,3.5,0,Safe
0.28,19.26,49.48,28.48,0.14,11.72,23.1,1.5,0,Safe
14.89,94.0,59.57,35.83,1.18,24.72,20.51,20.7,0,Safe
21.66,196.7,75.46,38.75,1.18,57.6,22.84,48.1,1,Watch
2.18,15.39,41.03,22.73,0.56,9.53,26.04,2.8,0,Safe
36.12,96.67,55.62,46.7,0.65,20.31,18.89,25.1,0,Safe
54.7,145.38,79.72,34.76,1.91,52.32,16.89,59.0,1,Watch
79.88,61.34,58.75,30.38,1.12,30.77,12.31,29.4,0,Safe
47.39,100.06,53.25,29.89,0.43,21.86,24.55,20.7,0,Safe
78.25,151.17,77.37,43.63,1.71,73.18,15.06,88.8,3,Critical
4.96,14.69,29.83,31.44,0.52,18.61,20.97,5.1,0,Safe
31.02,45.71,48.87,39.67,0.87,30.02,20.11,25.0,0,Safe
49.59,206.06,68.52,38.7,1.7,34.71,11.29,47.9,1,Watch
4.13,44.47,53.59,24.11,0.67,31.44,15.63,7.8,0,Safe
54.57,179.67,86.18,34.45,1.78,49.51,9.54,56.1,1,Watch
29.77,79.73,56.55,23.26,0.36,33.98,17.72,15.1,0,Safe
37.52,205.86,74.05,27.04,1.33,42.68,18.03,39.2,1,Watch
77.25,184.3,84.49,51.29,1.37,49.27,17.59,84.7,3,Critical
40.37,143.35,71.07,35.44,1.5,31.04,20.96,35.3,1,Watch
23.29,93.37,67.53,34.47,0.8,22.14,16.49,24.0,0,Safe
8.76,15.98,34.76,30.42,0.16,8.04,24.83,6.6,0,Safe
117.82,243.01,89.67,56.06,3.44,71.35,15.84,100.0,3,Critical
1.62,2.81,15.56,32.25,0.43,2.69,20.67,0.0,0,Safe
56.85,196.09,81.25,39.88,0.95,40.39,19.75,55.5,1,Watch
39.43,89.42,43.96,27.88,0.51,30.65,17.25,21.1,0,Safe
59.87,304.87,90.47,49.47,2.18,76.61,15.32,100.0,3,Critical
41.82,190.88,80.9,50.05,1.45,42.13,16.72,67.4,2,Warning
50.91,149.73,79.65,37.94,0.89,48.2,14.35,51.6,1,Watch
117.9,168.5,83.88,43.67,1.62,39.66,14.72,64.4,2,Warning
25.53,33.39,56.01,34.79,0.78,24.32,14.65,16.2,0,Safe
0.16,20.53,30.29,39.1,0.5,14.12,26.95,2.1,0,Safe
4.11,13.91,30.14,30.91,0.33,9.2,24.81,4.1,0,Safe
18.92,115.6,69.97,25.93,0.44,28.31,17.92,18.0,0,Safe
0.29,22.67,40.09,37.56,0.46,12.3,32.3,1.0,0,Safe
19.15,112.23,79.64,36.0,0.86,29.96,19.12,23.2,0,Safe
11.07,110.46,64.21,32.93,1.0,21.79,20.98,18.0,0,Safe
5.99,14.48,48.64,32.59,0.33,6.78,20.86,4.8,0,Safe
3.06,6.44,27.76,12.41,0.29,8.58,28.93,1.3,0,Safe
92.76,325.69,85.25,49.3,3.38,53.64,12.84,97.7,3,Critical
8.75,7.16,24.76,12.97,0.22,8.59,15.67,3.0,0,Safe
7.46,116.37,58.2,33.77,0.31,25.1,17.63,16.7,0,Safe
0.51,0.97,42.33,29.08,0.17,6.06,20.54,1.7,0,Safe
39.49,72.99,67.74,38.73,0.91,29.27,19.77,32.3,1,Watch
1.76,15.94,27.91,38.25,0.44,11.36,23.53,2.0,0,Safe
2.3,2.36,39.8,23.65,0.37,10.42,21.48,0.0,0,Safe
25.22,50.01,57.64,27.76,0.87,28.03,20.82,17.8,0,Safe
6.67,17.32,42.76,31.86,0.11,10.03,23.0,4.8,0,Safe
0.44,1.9,38.43,15.2,0.55,11.33,19.11,0.0,0,Safe
95.11,172.66,80.16,36.18,1.07,27.23,18.37,43.4,1,Watch
22.64,66.64,46.19,40.15,0.39,16.66,20.89,17.9,0,Safe
92.88,232.47,97.17,48.62,4.35,85.85,14.85,100.0,3,Critical
7.51,10.61,30.46,25.0,0.19,8.18,27.93,0.0,0,Safe
1.83,11.9,40.5,25.43,0.14,8.96,25.64,5.0,0,Safe
4.6,19.28,31.57,37.65,0.19,10.6,19.74,1.7,0,Safe
77.54,189.78,83.38,39.73,1.77,53.67,17.48,72.7,2,Warning
62.72,147.11,85.81,33.86,0.94,47.07,12.16,52.8,1,Watch
5.09,0.62,39.97,36.2,0.5,8.69,24.19,0.0,0,Safe
16.51,59.61,63.88,34.96,1.19,35.51,17.29,26.9,0,Safe
54.99,110.92,76.95,37.97,1.2,50.72,24.87,51.6,1,Watch
6.17,3.71,32.27,23.57,0.33,9.05,22.77,7.5,0,Safe
69.31,229.0,88.99,50.87,3.34,73.21,9.05,100.0,3,Critical
21.15,49.05,76.3,37.51,1.07,32.11,22.66,23.7,0,Safe
0.36,7.57,43.45,22.58,0.44,11.59,25.13,0.0,0,Safe
0.28,2.6,45.53,30.19,0.19,11.17,27.89,0.0,0,Safe
52.57,362.47,96.94,42.98,3.01,70.95,12.31,90.5,3,Critical
5.25,13.72,32.75,32.21,0.41,10.76,21.57,0.0,0,Safe
26.34,66.14,51.6,33.17,0.86,26.23,18.45,15.2,0,Safe
16.09,203.22,82.87,39.46,1.68,36.55,16.63,48.4,1,Watch
48.82,153.64,79.56,39.72,1.46,48.7,16.44,52.0,1,Watch
25.47,95.4,65.04,26.97,0.99,31.46,16.34,27.3,0,Safe
71.44,367.31,98.62,53.83,3.54,84.1,12.07,100.0,3,Critical
111.66,320.91,86.85,57.28,1.92,58.63,14.12,100.0,3,Critical
1.98,5.75,36.74,21.33,0.15,9.82,23.62,5.4,0,Safe
5.18,17.34,34.22,22.86,0.16,12.74,28.9,2.5,0,Safe
93.74,291.72,89.24,56.97,2.74,56.53,8.66,100.0,3,Critical
2.92,10.74,47.93,26.57,0.23,9.12,23.56,3.9,0,Safe
74.41,342.46,88.67,49.69,2.59,71.25,13.24,100.0,3,Critical
106.12,368.01,98.55,51.02,3.48,74.31,13.64,100.0,3,Critical
66.02,206.05,98.97,43.85,2.91,59.52,18.03,88.0,3,Critical
12.13,60.76,58.62,26.07,0.34,25.72,19.81,11.7,0,Safe
67.69,155.98,76.17,40.58,1.93,42.8,17.66,62.1,2,Warning
20.87,80.66,60.04,34.04,0.49,22.23,15.25,13.6,0,Safe
93.84,175.92,78.55,31.62,1.22,41.7,17.45,50.9,1,Watch
12.95,107.07,55.36,34.9,0.81,19.1,13.57,16.6,0,Safe
63.98,113.29,73.54,47.62,0.97,34.75,19.08,52.4,1,Watch
0.1,11.56,37.23,28.71,0.49,10.73,16.84,0.0,0,Safe
47.39,157.19,72.15,34.57,1.68,46.19,14.58,50.1,1,Watch
3.46,23.31,33.24,35.9,0.25,5.97,27.73,3.9,0,Safe
57.94,184.78,76.47,30.3,1.51,46.29,13.32,49.6,1,Watch
40.43,110.45,59.74,35.39,0.8,34.81,18.81,38.4,1,Watch
56.89,248.22,88.59,50.46,3.61,66.28,17.52,100.0,3,Critical
14.7,73.54,69.06,36.28,0.59,23.38,17.68,22.0,0,Safe
17.94,30.41,52.55,35.36,0.99,16.87,23.93,13.4,0,Safe
32.77,99.54,55.3,37.38,0.34,29.05,18.9,31.7,1,Watch
23.6,75.33,70.12,41.46,0.79,28.78,22.86,27.8,0,Safe
41.05,119.13,63.47,22.46,0.81,18.77,19.98,15.4,0,Safe
9.25,90.82,59.55,40.17,0.61,24.09,17.44,13.3,0,Safe
8.53,35.66,68.48,21.62,0.48,26.55,19.4,12.5,0,Safe
19.11,46.27,56.96,32.41,1.01,25.54,19.59,17.2,0,Safe
5.94,14.3,34.83,15.5,0.2,12.54,22.64,0.0,0,Safe
4.84,22.52,27.25,34.76,0.12,0.4,27.97,5.8,0,Safe
42.19,110.57,74.76,44.11,1.97,44.36,15.29,47.8,1,Watch
0.07,22.38,39.88,25.7,0.43,3.43,26.48,1.5,0,Safe
1.41,20.98,34.39,15.68,0.39,5.17,26.92,2.1,0,Safe
9.38,34.46,54.09,23.43,0.58,28.74,17.57,4.0,0,Safe
21.92,99.01,92.62,33.37,0.74,24.35,18.95,23.0,0,Safe
119.87,294.99,96.75,37.82,4.69,52.59,11.77,78.3,2,Warning
26.29,62.07,73.55,33.77,1.08,15.64,18.74,19.9,0,Safe
10.86,81.4,71.07,30.79,1.14,24.89,17.58,16.3,0,Safe
2.5,7.69,39.04,37.19,0.15,5.17,20.44,2.8,0,Safe
18.01,37.09,70.92,17.69,0.89,24.67,21.5,11.7,0,Safe
31.08,55.03,47.45,29.67,0.95,17.54,19.19,15.8,0,Safe
58.94,89.02,48.77,35.71,0.85,30.19,23.45,27.8,0,Safe
106.07,248.2,88.69,40.53,3.6,83.87,12.07,94.0,3,Critical
21.75,90.83,47.06,32.12,0.48,35.4,24.32,29.1,0,Safe
108.58,125.95,88.76,33.6,1.73,42.39,15.42,56.2,1,Watch
52.03,92.14,66.65,36.2,0.77,15.48,20.53,19.5,0,Safe
24.91,200.24,74.73,21.92,1.62,69.03,17.0,41.2,1,Watch
23.05,114.58,85.7,29.19,1.17,44.0,18.83,27.3,0,Safe
102.18,221.73,89.44,44.82,2.99,54.53,8.24,84.1,3,Critical
126.7,358.79,91.76,55.75,2.29,67.62,12.57,100.0,3,Critical
0.51,10.85,41.97,29.67,0.12,6.49,17.44,2.3,0,Safe
0.55,12.76,34.06,31.69,0.52,17.84,24.66,5.6,0,Safe
1.14,14.98,37.09,28.34,0.21,8.72,25.55,0.0,0,Safe
24.8,37.16,64.06,26.77,0.86,21.79,23.39,16.8,0,Safe
8.43,8.04,31.93,29.03,0.28,5.46,26.44,2.2,0,Safe
42.89,58.51,65.59,28.55,0.83,29.6,19.57,23.3,0,Safe
1.32,10.58,35.76,26.74,0.56,11.31,24.24,2.9,0,Safe
21.07,99.6,67.6,38.78,1.09,33.49,22.76,30.3,1,Watch
38.56,92.77,67.47,32.02,0.94,28.37,12.8,31.8,1,Watch
1.93,16.05,29.4,37.59,0.51,9.49,16.98,2.4,0,Safe
53.74,168.62,76.39,39.17,0.91,46.13,15.93,54.7,1,Watch
39.17,115.25,77.16,40.91,1.03,37.42,17.47,43.0,1,Watch
5.97,16.93,30.23,22.84,0.37,9.55,22.47,0.0,0,Safe
1.63,22.49,27.3,20.12,0.41,14.38,22.41,1.8,0,Safe
17.8,112.89,52.88,36.82,1.14,22.6,18.78,15.0,0,Safe
74.86,152.35,59.97,35.62,1.96,46.71,15.35,58.9,1,Watch
1.03,14.07,25.04,28.21,0.56,15.89,26.73,0.8,0,Safe
15.77,65.99,59.66,29.94,1.11,21.65,19.52,11.4,0,Safe
20.96,59.76,41.09,29.53,1.09,13.26,18.27,11.9,0,Safe
2.09,16.51,43.45,28.24,0.49,6.72,23.13,2.0,0,Safe
32.56,111.1,86.86,23.7,1.88,43.52,14.58,34.7,1,Watch
0.36,6.28,35.84,14.49,0.59,9.35,28.46,0.0,0,Safe
0.2,11.88,38.3,35.91,0.56,0.71,19.65,2.7,0,Safe
62.88,182.11,78.18,31.75,1.43,42.61,17.84,49.0,1,Watch
1.64,10.75,31.52,25.08,0.43,2.72,32.31,1.3,0,Safe
3.45,18.14,26.07,18.28,0.27,18.18,18.87,0.8,0,Safe
58.89,154.49,85.01,32.14,0.82,31.44,16.6,45.1,1,Watch
3.67,18.4,32.23,20.96,0.46,13.52,22.95,4.2,0,Safe
0.67,16.25,28.37,17.48,0.39,13.26,19.41,8.9,0,Safe
0.11,9.43,29.48,30.55,0.55,12.06,21.51,2.0,0,Safe
26.17,90.29,64.87,29.0,0.77,29.48,16.43,20.6,0,Safe
28.15,82.34,50.6,33.81,0.85,24.53,24.42,21.4,0,Safe
3.75,12.4,33.73,21.86,0.19,8.34,20.42,7.8,0,Safe
49.76,191.71,79.5,47.71,1.32,43.84,17.11,65.0,2,Warning
3.29,94.29,73.51,29.64,0.97,24.13,18.55,16.8,0,Safe
45.37,37.14,73.97,29.49,0.45,30.49,26.18,21.4,0,Safe
108.03,304.88,96.46,41.36,3.85,68.56,13.74,93.9,3,Critical
12.71,52.69,70.18,26.03,0.98,27.98,11.68,13.8,0,Safe
4.21,14.08,50.43,27.75,0.52,17.24,21.38,3.5,0,Safe
7.63,23.35,37.48,24.98,0.24,7.79,21.03,3.0,0,Safe
29.02,94.29,37.23,40.76,0.58,31.98,15.28,20.4,0,Safe
5.48,53.38,61.42,38.15,1.19,35.76,17.25,24.1,0,Safe
5.04,51.97,61.25,38.29,1.11,31.37,20.41,17.3,0,Safe
7.47,17.67,32.96,24.58,0.15,10.9,21.89,4.3,0,Safe
25.99,168.42,85.86,34.92,0.83,50.55,12.61,44.8,1,Watch
16.1,109.99,71.0,25.74,0.61,30.08,18.53,18.6,0,Safe
29.88,56.4,73.59,27.6,0.56,19.92,23.27,16.4,0,Safe
91.37,238.75,87.41,47.6,3.92,61.64,15.37,100.0,3,Critical
14.33,35.21,68.42,38.75,0.77,39.68,19.15,26.7,0,Safe
17.87,84.71,79.6,26.95,1.05,24.38,16.66,18.2,0,Safe
95.32,366.94,91.37,49.96,2.43,90.99,15.44,100.0,3,Critical
38.75,114.09,70.72,29.32,1.73,40.97,15.0,31.9,1,Watch
1.02,22.39,21.84,18.94,0.23,9.57,22.84,4.9,0,Safe
0.35,14.24,36.01,36.65,0.49,5.79,23.83,0.0,0,Safe
14.97,32.91,70.75,32.51,0.7,19.33,19.56,7.7,0,Safe
39.27,153.14,84.24,38.86,1.7,36.02,17.78,49.0,1,Watch
0.87,15.96,36.9,32.18,0.5,10.4,20.09,0.1,0,Safe
0.73,17.49,24.54,21.23,0.18,6.58,21.06,1.5,0,Safe
35.79,129.89,74.87,22.84,1.96,35.26,17.37,33.1,1,Watch
5.36,11.75,43.7,19.57,0.33,9.65,22.75,0.0,0,Safe
1.52,23.14,28.34,14.73,0.26,11.14,28.09,0.0,0,Safe
20.42,71.86,67.95,31.68,0.94,34.52,17.85,28.5,0,Safe
124.12,247.59,96.84,52.06,3.01,80.9,15.06,100.0,3,Critical
37.62,63.06,63.58,29.28,0.35,23.99,21.53,18.8,0,Safe
40.77,111.56,65.9,25.87,0.85,57.47,13.48,37.4,1,Watch
31.8,168.68,79.43,49.62,1.46,54.81,17.14,68.4,2,Warning
66.7,297.99,91.5,46.72,2.01,80.41,10.0,100.0,3,Critical
4.4,12.03,27.72,24.91,0.4,16.09,26.02,3.0,0,Safe
13.22,60.26,52.28,32.34,1.08,42.76,20.01,24.1,0,Safe
0.62,19.65,47.69,35.28,0.59,6.88,23.18,4.3,0,Safe
50.61,282.4,86.59,45.28,4.64,78.38,12.65,100.0,3,Critical
5.61,16.58,34.97,30.8,0.28,10.21,27.55,0.0,0,Safe
31.51,81.73,57.87,39.53,0.43,16.41,25.67,19.3,0,Safe
9.59,30.93,58.69,36.8,0.96,25.4,20.28,10.3,0,Safe
80.63,150.29,75.21,33.5,1.71,49.65,19.25,56.1,1,Watch
96.83,301.95,93.78,49.6,2.74,64.24,18.02,100.0,3,Critical
0.45,13.42,39.02,36.97,0.56,12.89,28.36,5.9,0,Safe
0.73,23.93,33.08,25.76,0.3,3.87,23.91,1.5,0,Safe
10.41,35.86,63.46,33.77,1.11,25.89,16.99,17.1,0,Safe
73.34,164.31,71.2,39.7,1.9,52.62,21.79,67.0,2,Warning
2.51,9.95,26.76,17.19,0.24,9.95,25.59,1.0,0,Safe
0.78,11.85,28.24,25.47,0.59,8.47,23.41,4.4,0,Safe
0.6,12.55,25.0,38.73,0.32,9.16,25.57,0.0,0,Safe
95.49,345.92,90.18,39.08,3.23,64.28,13.86,86.1,3,Critical
0.74,15.32,30.3,27.45,0.55,17.77,22.23,4.2,0,Safe
0.11,19.09,38.37,20.8,0.15,9.49,29.09,0.0,0,Safe
5.16,24.81,17.71,14.63,0.34,10.78,19.46,2.9,0,Safe
30.59,214.95,77.63,28.91,1.42,37.47,11.67,42.2,1,Watch
38.17,186.84,81.68,53.15,1.92,52.53,10.42,76.1,2,Warning
45.44,177.86,77.03,37.52,0.82,42.65,10.69,49.8,1,Watch
0.18,5.23,21.5,20.05,0.25,9.6,25.43,0.0,0,Safe
26.38,197.29,80.29,39.95,1.27,56.24,13.56,55.2,1,Watch
42.85,106.58,68.8,30.19,1.2,35.57,19.03,27.0,0,Safe
1.58,24.96,27.79,28.29,0.51,13.65,23.8,3.7,0,Safe
12.87,79.86,81.73,23.69,1.01,31.38,19.27,10.8,0,Safe
74.28,277.66,93.43,53.55,2.08,75.0,13.01,100.0,3,Critical
23.2,63.26,65.36,32.39,0.93,38.0,17.14,26.5,0,Safe
22.33,111.02,65.7,38.96,0.71,21.57,19.06,24.3,0,Safe
0.48,3.2,27.2,27.26,0.4,2.65,21.16,3.5,0,Safe
36.76,178.73,79.8,31.93,1.91,51.6,15.3,49.0,1,Watch
53.68,62.66,55.46,33.11,0.88,28.0,17.33,26.5,0,Safe
0.8,15.23,47.72,35.65,0.21,10.54,14.77,0.0,0,Safe
27.3,129.09,76.32,41.43,0.88,40.85,12.17,45.7,1,Watch
5.0,21.04,30.97,25.08,0.52,7.87,32.46,7.2,0,Safe
11.54,12.02,40.2,26.0,0.58,13.66,28.52,2.3,0,Safe
3.22,18.91,37.49,29.08,0.37,16.58,27.15,3.7,0,Safe
45.7,57.27,70.17,17.68,0.58,33.84,17.73,18.3,0,Safe
18.75,191.71,73.38,35.76,1.65,56.42,15.07,49.9,1,Watch
1.03,6.96,45.16,26.02,0.24,10.74,15.85,4.3,0,Safe
26.01,165.91,75.99,31.39,1.71,42.64,14.52,36.8,1,Watch
76.54,144.87,78.06,32.11,0.96,49.53,17.7,52.8,1,Watch
29.82,77.86,60.84,29.34,0.54,27.69,23.04,19.1,0,Safe
29.95,208.31,81.73,47.87,1.12,48.91,14.04,60.6,2,Warning
17.32,95.98,66.4,25.71,1.0,10.3,22.07,14.6,0,Safe
24.99,151.63,71.03,24.93,1.99,56.09,16.96,37.7,1,Watch
103.84,209.44,94.04,43.18,2.71,60.78,12.81,92.7,3,Critical
72.45,180.05,85.07,40.63,1.9,46.26,18.88,64.7,2,Warning
2.18,22.77,36.11,27.96,0.12,14.88,24.68,0.4,0,Safe
21.95,36.92,64.04,23.35,0.9,19.46,19.61,12.8,0,Safe
22.93,31.0,59.07,35.08,0.48,36.51,12.82,22.0,0,Safe
2.26,24.55,32.21,35.79,0.3,15.41,24.58,0.0,0,Safe
3.79,5.93,53.15,24.18,0.18,4.28,27.94,1.0,0,Safe
91.01,298.35,91.54,57.62,2.18,66.31,14.16,100.0,3,Critical
1.21,9.0,29.0,29.09,0.59,17.73,17.85,1.9,0,Safe
24.07,103.39,60.13,37.11,0.93,25.91,22.9,29.6,0,Safe
1.17,4.72,20.84,23.74,0.39,8.67,13.33,0.0,0,Safe
15.56,116.26,67.36,38.55,0.79,23.73,19.58,28.5,0,Safe
50.55,266.63,94.1,44.7,3.42,80.64,12.4,97.3,3,Critical
40.2,81.58,69.59,24.09,0.53,29.65,21.63,17.6,0,Safe
1.83,10.37,27.67,39.87,0.38,8.67,18.99,2.7,0,Safe
91.77,322.85,88.62,47.28,4.63,67.72,14.62,100.0,3,Critical
13.99,105.32,74.97,27.46,0.34,33.87,13.45,22.9,0,Safe
0.68,3.4,36.02,22.98,0.14,14.01,27.7,3.9,0,Safe
47.13,47.93,79.0,33.33,0.8,35.7,14.01,30.9,1,Watch
48.77,126.59,77.1,37.23,1.3,34.62,18.62,41.0,1,Watch
39.62,106.26,71.52,32.11,1.14,23.59,19.44,25.8,0,Safe
2.69,0.94,41.58,20.83,0.36,14.35,21.58,0.0,0,Safe
8.83,62.62,62.37,31.48,0.39,33.06,18.22,16.0,0,Safe
16.49,74.4,44.67,42.14,0.6,23.25,13.52,16.4,0,Safe
31.8,201.43,79.85,33.03,1.99,57.2,11.7,56.1,1,Watch
16.48,88.24,47.36,23.03,0.94,25.53,21.57,10.8,0,Safe
37.29,111.61,72.06,37.43,1.24,41.52,10.54,39.4,1,Watch
65.3,299.38,86.71,47.3,1.96,83.64,19.08,99.4,3,Critical
0.98,13.18,39.3,33.31,0.56,2.04,19.71,0.0,0,Safe
57.35,68.51,45.19,21.12,0.89,30.96,21.63,21.1,0,Safe
3.05,5.36,40.49,21.22,0.32,19.62,23.99,3.1,0,Safe
10.77,11.05,35.71,27.23,0.38,10.41,17.71,0.0,0,Safe
17.02,73.78,64.69,28.94,0.46,34.33,19.54,21.0,0,Safe
18.8,80.21,62.93,41.43,0.78,18.77,14.81,14.3,0,Safe
1.44,18.62,34.51,28.29,0.26,9.1,29.46,0.0,0,Safe
31.99,56.24,70.34,41.86,0.57,29.04,22.5,27.7,0,Safe
1.82,9.4,33.99,24.91,0.17,9.24,24.13,1.2,0,Safe
39.68,143.8,75.98,33.18,1.91,42.7,16.07,41.9,1,Watch
0.28,19.67,21.03,24.59,0.58,9.86,25.66,0.8,0,Safe
5.82,7.05,43.59,28.07,0.34,11.84,27.06,0.0,0,Safe
77.84,190.83,80.51,35.76,1.03,39.32,15.54,53.0,1,Watch
38.63,191.55,79.47,44.74,1.96,48.4,20.43,60.5,2,Warning
1.64,21.59,35.45,27.22,0.59,13.55,19.73,3.7,0,Safe
97.89,260.51,92.01,47.51,2.77,71.91,10.03,100.0,3,Critical
2.45,21.11,41.75,17.86,0.21,11.66,22.34,1.1,0,Safe
3.95,50.14,71.28,30.8,0.64,21.34,22.96,12.0,0,Safe
0.86,10.94,31.39,17.94,0.36,11.81,25.87,4.9,0,Safe
47.06,206.55,81.54,47.26,1.46,57.69,19.45,75.2,2,Warning
1.25,4.79,46.95,21.97,0.48,7.21,21.9,0.6,0,Safe
1.09,18.39,33.93,27.88,0.54,10.1,27.07,1.6,0,Safe
60.08,234.25,98.37,56.7,3.15,85.71,13.91,100.0,3,Critical
45.65,161.84,75.75,37.29,1.51,46.23,15.57,52.1,1,Watch
34.24,117.26,62.22,37.53,0.36,38.3,23.3,34.4,1,Watch
32.93,58.7,50.64,41.07,1.01,15.48,18.26,19.2,0,Safe
2.15,4.19,36.36,26.02,0.13,10.59,26.58,9.5,0,Safe
28.63,43.14,67.73,29.67,1.1,26.05,18.7,19.8,0,Safe
6.51,15.22,35.35,32.53,0.31,3.54,23.79,2.1,0,Safe
64.0,54.95,57.07,28.71,1.19,30.01,17.59,24.4,0,Safe
0.12,12.71,31.11,25.25,0.51,7.2,18.06,5.7,0,Safe
2.76,12.29,42.1,28.01,0.44,10.71,25.41,5.3,0,Safe
46.93,69.54,72.68,39.5,0.92,37.49,21.62,34.9,1,Watch
0.38,21.33,30.94,37.26,0.22,12.31,22.11,10.5,0,Safe
57.7,175.3,86.54,42.0,1.59,47.56,17.84,66.7,2,Warning
99.47,280.43,95.03,43.46,2.58,79.54,14.48,100.0,3,Critical
0.22,10.54,22.8,18.06,0.57,0.0,26.6,0.0,0,Safe
2.72,8.43,36.08,22.85,0.14,2.0,21.61,1.7,0,Safe
0.14,1.03,36.75,21.23,0.18,13.64,21.25,5.9,0,Safe
38.87,86.22,77.44,32.71,1.14,25.28,17.92,27.1,0,Safe
2.31,4.98,32.35,30.64,0.35,5.58,20.81,2.3,0,Safe
15.22,45.52,57.13,37.41,0.73,25.32,14.24,19.7,0,Safe
58.29,149.32,90.59,36.95,1.23,49.11,20.14,60.2,2,Warning
10.77,98.0,57.52,20.02,0.57,38.42,20.08,16.9,0,Safe
2.75,13.73,25.66,27.24,0.43,8.04,23.76,7.1,0,Safe
10.12,91.39,71.25,28.49,0.75,29.04,17.08,19.8,0,Safe
0.79,22.7,28.06,20.96,0.55,3.64,29.07,3.9,0,Safe
0.02,17.22,34.03,27.48,0.39,7.16,21.37,1.7,0,Safe
19.8,51.26,56.23,37.16,1.05,32.94,21.38,19.6,0,Safe
2.01,14.64,44.58,30.4,0.41,8.47,19.2,2.7,0,Safe
40.08,106.51,65.55,32.93,1.07,39.36,19.03,37.2,1,Watch
21.84,99.31,64.76,30.77,0.89,20.43,17.9,22.9,0,Safe
0.78,18.35,35.16,22.97,0.11,14.54,19.55,1.5,0,Safe
16.76,75.51,59.62,24.18,0.44,27.64,16.9,15.2,0,Safe
1.55,8.41,44.48,29.95,0.16,5.82,25.95,3.6,0,Safe
0.24,6.52,42.81,18.54,0.34,15.95,32.85,5.3,0,Safe
0.28,15.98,27.25,28.79,0.44,11.32,22.58,0.0,0,Safe
18.97,58.93,65.28,19.86,0.48,20.24,14.42,7.4,0,Safe
45.78,62.74,65.67,40.43,0.55,36.56,17.42,37.6,1,Watch
86.38,275.62,86.66,55.44,2.82,66.91,16.21,100.0,3,Critical
108.43,312.18,97.8,45.01,2.15,74.69,12.8,100.0,3,Critical
16.96,95.71,57.83,32.42,1.01,30.89,18.23,27.5,0,Safe
11.81,188.06,71.41,44.38,1.77,53.84,15.58,56.4,1,Watch
0.72,4.46,40.87,36.09,0.27,4.89,26.6,0.0,0,Safe
8.82,7.91,23.52,18.88,0.58,12.98,16.65,0.0,0,Safe
79.84,139.86,77.05,36.72,1.51,50.22,17.07,61.7,2,Warning
15.08,39.25,66.6,42.68,1.03,45.53,20.36,31.4,1,Watch
2.63,21.02,27.22,41.78,0.28,9.67,17.09,2.1,0,Safe
1.6,0.53,30.41,11.84,0.55,14.49,26.8,0.0,0,Safe
23.51,61.17,69.57,36.33,0.81,25.24,20.95,22.0,0,Safe
30.79,51.69,53.16,30.06,1.01,30.59,24.14,23.7,0,Safe
0.18,6.85,34.03,16.25,0.38,10.49,23.06,1.2,0,Safe
7.41,22.77,49.12,28.15,0.19,15.2,25.44,3.7,0,Safe
21.63,64.15,57.68,40.09,0.95,31.4,12.45,23.9,0,Safe
50.3,75.45,83.44,26.77,0.57,25.0,20.11,23.6,0,Safe
1.42,6.97,29.27,26.69,0.49,14.45,25.39,1.3,0,Safe
32.07,160.81,89.95,40.52,1.28,44.42,15.11,52.3,1,Watch
77.44,179.68,76.97,38.8,1.08,39.62,20.57,58.3,1,Watch
42.37,60.3,66.36,40.79,0.91,13.17,19.69,23.1,0,Safe
7.53,4.31,36.84,33.84,0.58,5.47,19.26,9.4,0,Safe
54.16,40.71,59.1,20.61,0.54,26.75,21.99,17.6,0,Safe
27.63,154.23,75.26,40.29,1.32,45.59,15.4,50.0,1,Watch
16.54,107.56,59.48,32.59,0.57,39.18,21.21,29.1,0,Safe
11.56,112.31,74.04,29.54,0.48,28.59,15.33,20.4,0,Safe
64.53,363.46,96.14,53.05,3.5,85.18,18.24,100.0,3,Critical
5.72,7.83,18.71,21.97,0.19,6.72,23.0,2.8,0,Safe
21.51,42.25,75.1,27.14,0.42,26.93,19.45,17.7,0,Safe
50.12,197.95,93.91,44.93,4.06,84.7,14.89,98.5,3,Critical
0.03,24.65,31.22,31.37,0.26,8.79,24.48,0.4,0,Safe
45.9,203.01,78.03,33.93,1.12,51.84,14.05,54.3,1,Watch
122.91,351.94,91.34,47.06,3.16,89.61,8.6,100.0,3,Critical
37.13,129.1,75.88,38.89,1.41,46.78,9.62,49.4,1,Watch
15.43,91.53,55.62,37.19,0.38,22.81,15.34,16.3,0,Safe
1.9,24.27,30.55,31.71,0.46,15.78,22.17,2.7,0,Safe
0.63,8.77,45.19,34.31,0.43,7.1,23.24,0.0,0,Safe
3.18,24.73,42.64,19.99,0.51,13.36,18.32,3.8,0,Safe
4.97,12.38,50.87,23.26,0.36,11.89,24.69,3.7,0,Safe
86.25,263.33,96.2,47.65,3.94,52.03,12.89,97.7,3,Critical
0.3,17.63,34.54,31.45,0.15,9.26,25.1,5.6,0,Safe
37.02,96.0,55.77,31.85,0.34,24.41,18.93,22.5,0,Safe
0.53,17.6,35.71,32.47,0.42,10.61,24.97,0.0,0,Safe
2.13,115.47,57.98,32.57,1.13,23.99,26.56,16.2,0,Safe
14.44,99.01,69.52,37.31,0.59,22.41,18.32,20.6,0,Safe
26.37,72.52,65.86,37.5,0.53,33.71,12.17,28.3,0,Safe
14.22,157.15,79.04,41.2,1.55,56.34,18.91,54.6,1,Watch
120.28,112.39,78.77,45.36,0.98,34.82,16.3,60.9,2,Warning
37.39,211.31,82.18,38.9,0.98,49.67,14.7,53.2,1,Watch
52.89,80.58,61.29,35.49,0.52,18.72,15.35,21.6,0,Safe
26.33,72.73,51.59,31.58,1.12,32.42,15.37,20.7,0,Safe
68.15,215.65,81.98,39.51,0.95,50.92,14.71,56.9,1,Watch
0.25,8.61,28.45,20.97,0.59,10.11,14.48,0.9,0,Safe
91.49,150.07,84.14,39.94,1.91,32.5,14.1,58.4,1,Watch
0.32,12.55,21.16,34.03,0.41,8.76,21.55,1.0,0,Safe
18.84,103.42,61.09,31.14,0.83,26.18,24.61,17.5,0,Safe
1.0,2.17,31.04,35.85,0.48,16.17,23.08,1.8,0,Safe
50.61,209.05,97.86,44.31,3.64,56.33,10.87,89.6,3,Critical
111.41,235.72,97.45,37.03,1.91,80.62,13.01,86.3,3,Critical
4.07,16.47,52.25,15.43,0.22,12.92,35.59,6.4,0,Safe
49.64,118.47,57.66,37.11,0.79,33.99,19.3,34.4,1,Watch
118.91,313.32,88.74,55.66,4.54,81.39,10.25,100.0,3,Critical
120.24,222.39,86.21,46.18,4.39,52.02,11.63,91.7,3,Critical
113.1,319.75,89.28,52.51,3.3,60.73,11.4,100.0,3,Critical
73.91,363.98,94.91,44.32,2.84,80.64,15.36,100.0,3,Critical
5.26,102.29,68.09,52.62,0.51,29.18,11.91,31.3,1,Watch
1.67,17.83,43.9,36.35,0.13,12.57,21.32,3.6,0,Safe
1.95,13.59,40.41,25.99,0.57,12.36,23.08,0.0,0,Safe
48.19,110.48,82.94,39.1,1.27,46.44,18.01,49.1,1,Watch
57.11,160.8,66.56,41.85,1.86,52.13,15.42,62.4,2,Warning
31.05,106.89,57.13,30.12,1.13,33.94,20.89,28.2,0,Safe
0.45,22.49,40.18,20.9,0.11,5.56,22.32,0.0,0,Safe
1.34,0.62,26.9,16.05,0.14,8.14,22.39,0.0,0,Safe
22.77,95.07,35.94,27.01,0.43,30.67,18.22,16.2,0,Safe
1.8,19.54,24.38,23.07,0.39,12.05,30.03,0.0,0,Safe
1.1,3.31,30.31,33.23,0.3,6.02,20.6,1.7,0,Safe
47.73,205.86,71.34,46.85,0.82,44.4,17.27,58.9,1,Watch
0.35,15.22,32.95,19.43,0.45,10.93,27.63,0.0,0,Safe
21.87,39.3,59.59,36.34,1.06,23.44,20.4,21.9,0,Safe
41.96,73.52,66.61,40.79,0.85,27.78,16.68,30.5,1,Watch
3.35,23.9,36.42,27.33,0.22,4.23,26.43,0.0,0,Safe
34.6,140.94,87.0,48.32,1.37,67.8,19.2,77.8,2,Warning
15.18,67.83,47.67,25.8,0.91,34.75,13.84,25.2,0,Safe
1.08,16.62,31.62,35.73,0.1,6.52,27.92,0.0,0,Safe
5.19,21.96,41.22,23.13,0.45,10.96,22.94,0.0,0,Safe
34.66,58.44,66.12,24.5,0.7,34.58,19.56,23.1,0,Safe
26.2,117.36,65.64,35.36,0.99,28.0,16.47,31.1,1,Watch
1.15,0.3,33.71,26.25,0.26,13.71,18.19,5.3,0,Safe
0.48,23.7,24.35,23.63,0.44,8.39,20.6,5.1,0,Safe
2.46,3.19,32.28,19.76,0.14,4.97,23.21,0.0,0,Safe
60.57,294.97,88.47,54.87,2.24,71.07,12.61,100.0,3,Critical
62.04,34.36,59.82,43.3,0.46,33.66,19.11,36.6,1,Watch
6.11,0.77,25.47,24.82,0.21,14.17,25.73,3.4,0,Safe
4.03,15.62,41.52,22.17,0.43,14.93,25.85,0.6,0,Safe
2.12,17.49,38.72,28.57,0.35,8.39,20.6,2.2,0,Safe
55.4,305.49,97.85,39.83,3.29,55.54,18.21,79.6,2,Warning
9.58,113.07,57.77,27.15,0.63,22.51,10.53,13.9,0,Safe
98.21,291.53,87.33,43.42,4.08,88.7,13.15,100.0,3,Critical
15.13,47.98,61.08,48.51,0.84,37.97,16.07,35.7,1,Watch
2.21,7.59,39.13,10.03,0.19,9.48,18.37,0.0,0,Safe
70.6,83.9,75.26,23.75,0.89,26.2,19.9,24.7,0,Safe
2.31,21.48,22.8,26.08,0.3,8.85,17.39,5.3,0,Safe
9.35,104.35,69.11,37.39,0.36,35.72,17.55,27.1,0,Safe
0.51,5.01,17.56,41.42,0.25,9.63,27.26,0.3,0,Safe
50.15,115.26,79.32,37.07,1.4,40.27,12.83,47.6,1,Watch
1.16,6.05,37.26,22.03,0.46,4.74,25.66,5.2,0,Safe
1.86,3.22,33.92,13.14,0.32,7.34,23.03,0.0,0,Safe
49.52,158.12,72.82,41.41,1.19,37.84,15.01,52.0,1,Watch
57.85,211.2,91.17,42.12,1.17,45.54,18.85,64.9,2,Warning
21.3,87.3,56.56,40.4,0.78,30.83,13.25,26.7,0,Safe
1.44,19.01,20.63,38.58,0.55,12.4,21.96,1.7,0,Safe
2.56,15.37,36.44,28.12,0.1,13.9,32.52,3.3,0,Safe
0.91,18.19,20.72,41.63,0.15,14.37,21.42,5.3,0,Safe
61.45,168.26,70.64,43.39,1.34,58.93,17.12,72.8,2,Warning
40.14,49.53,56.12,38.31,0.63,20.54,19.85,19.0,0,Safe
6.23,2.56,30.16,28.03,0.49,10.22,28.21,3.5,0,Safe
0.71,3.93,32.45,10.0,0.23,11.38,26.8,2.0,0,Safe
53.72,196.17,89.28,25.75,1.22,48.14,17.04,42.4,1,Watch
102.5,214.92,78.63,38.17,1.86,33.43,16.61,59.7,1,Watch
1.94,8.05,29.75,31.08,0.38,15.16,26.47,0.0,0,Safe
2.68,9.98,22.16,17.51,0.49,5.39,24.4,2.8,0,Safe
8.22,9.3,49.55,29.9,0.54,7.52,17.33,0.0,0,Safe
56.98,129.02,88.3,35.8,0.9,32.5,13.91,38.8,1,Watch
4.58,17.55,28.93,43.48,0.5,14.49,24.56,0.8,0,Safe
2.62,3.15,41.36,20.4,0.36,16.94,20.1,0.0,0,Safe
35.01,215.92,70.94,24.6,0.91,29.13,15.5,34.5,1,Watch
3.73,18.19,41.21,22.67,0.43,9.71,22.33,3.8,0,Safe
103.16,203.89,86.32,37.68,3.53,82.95,15.97,88.2,3,Critical
3.78,5.92,29.49,36.92,0.44,7.1,21.71,4.0,0,Safe
15.77,54.57,64.76,24.5,1.15,16.87,17.76,10.8,0,Safe
2.15,0.48,32.24,26.11,0.45,10.4,22.75,1.1,0,Safe
11.25,83.77,51.77,34.65,0.64,46.58,21.74,33.7,1,Watch
2.5,21.09,55.03,34.77,0.31,14.9,25.89,3.8,0,Safe
2.88,3.17,36.67,20.31,0.19,12.56,32.53,0.9,0,Safe
19.86,80.08,58.34,30.07,0.99,34.1,21.46,26.6,0,Safe
106.93,253.63,96.26,42.7,2.1,86.62,13.45,99.3,3,Critical
31.45,74.3,53.76,33.73,0.96,25.23,17.74,22.3,0,Safe
2.98,20.89,31.89,29.48,0.37,6.71,22.94,1.6,0,Safe
12.02,117.09,74.56,24.81,0.33,15.45,19.64,15.1,0,Safe
12.03,207.38,82.29,44.46,1.64,38.83,12.3,51.9,1,Watch
49.43,134.55,89.55,35.93,1.76,39.41,19.36,50.8,1,Watch
82.48,141.03,78.4,42.28,0.98,38.73,16.15,56.0,1,Watch
44.32,202.51,71.36,49.77,0.96,48.77,17.22,68.9,2,Warning
150.0,169.88,60.61,41.96,1.85,51.46,16.09,68.6,2,Warning
45.86,208.77,84.87,48.78,1.63,53.01,19.65,79.8,2,Warning
57.36,90.68,53.16,25.5,0.46,34.76,15.36,27.6,0,Safe
86.64,379.52,90.47,57.07,3.34,89.09,10.53,100.0,3,Critical
33.48,81.66,74.08,39.4,0.35,14.78,22.08,28.3,0,Safe
20.37,71.16,62.47,25.26,0.91,32.17,24.95,15.4,0,Safe
113.82,274.74,98.68,56.49,2.67,76.63,17.44,100.0,3,Critical
36.28,182.04,75.57,41.21,1.27,39.33,15.69,43.4,1,Watch
0.94,7.72,35.67,28.91,0.13,14.76,20.98,0.0,0,Safe
2.75,17.81,17.33,24.93,0.16,15.17,25.13,2.7,0,Safe
0.04,23.66,21.09,23.35,0.59,5.5,29.38,0.4,0,Safe
44.14,99.33,64.14,33.36,1.11,29.23,19.13,28.0,0,Safe
60.95,137.69,78.21,38.19,1.76,53.47,16.35,62.2,2,Warning
4.81,18.94,42.27,11.94,0.58,14.64,26.03,4.6,0,Safe
16.29,68.51,64.61,32.51,0.61,29.23,18.62,17.3,0,Safe
2.12,9.32,43.14,31.45,0.18,14.66,23.5,8.6,0,Safe
2.52,2.42,36.16,36.17,0.33,10.72,17.78,0.0,0,Safe
33.27,38.78,62.83,37.09,0.31,32.39,17.73,26.4,0,Safe
5.17,13.71,30.5,20.88,0.6,7.0,21.47,2.4,0,Safe
35.53,39.95,65.57,35.43,0.76,24.49,14.12,27.1,0,Safe
62.03,295.54,88.15,55.85,4.45,88.8,15.5,100.0,3,Critical
4.9,14.76,27.68,29.43,0.12,9.86,34.02,0.0,0,Safe
17.21,117.63,53.77,16.75,0.62,23.75,19.95,17.6,0,Safe
0.75,6.29,46.85,24.66,0.31,6.12,22.92,1.4,0,Safe
42.87,36.69,60.51,34.85,0.72,36.09,23.7,29.7,0,Safe
31.09,36.63,59.29,33.29,1.03,28.23,16.78,24.9,0,Safe
24.34,66.68,58.74,31.28,0.56,22.81,18.26,11.7,0,Safe
1.94,19.6,26.3,20.97,0.33,7.71,29.3,0.0,0,Safe
26.65,44.18,74.21,35.34,1.0,34.74,19.84,25.6,0,Safe
0.19,1.98,40.99,32.51,0.25,6.64,25.09,0.0,0,Safe
41.0,209.3,78.13,30.55,1.24,66.17,17.22,58.4,1,Watch
97.71,275.76,95.83,40.78,3.75,81.06,11.24,100.0,3,Critical
38.3,108.79,83.83,41.71,0.73,18.57,18.12,30.6,1,Watch
2.62,9.11,38.1,24.43,0.51,13.8,28.47,1.5,0,Safe
0.54,17.96,36.97,26.57,0.56,8.75,23.02,0.0,0,Safe
8.84,75.49,71.71,25.75,0.48,33.5,15.15,18.0,0,Safe
33.73,60.57,52.06,32.63,0.48,19.51,23.58,15.1,0,Safe
6.21,16.57,23.45,30.57,0.23,1.54,21.19,0.0,0,Safe
3.83,0.15,35.52,26.3,0.35,9.12,32.07,0.0,0,Safe
0.08,22.42,28.24,27.76,0.45,11.55,17.62,1.9,0,Safe
41.87,143.34,75.96,43.3,1.11,38.2,19.23,48.8,1,Watch
28.17,84.15,46.55,26.66,0.96,34.47,18.65,25.8,0,Safe
0.85,6.85,39.11,20.37,0.13,6.73,24.42,0.0,0,Safe
74.42,152.66,70.08,41.9,1.57,50.86,12.15,66.9,2,Warning
37.5,134.33,83.47,35.65,1.35,36.47,25.12,42.2,1,Watch
79.9,112.37,93.32,39.29,1.88,34.01,14.22,56.7,1,Watch
0.56,20.79,29.79,29.1,0.29,6.57,30.82,3.8,0,Safe
4.73,0.01,48.42,39.27,0.4,12.77,25.15,3.8,0,Safe
0.83,19.18,39.95,30.71,0.57,0.54,28.95,0.3,0,Safe
111.72,252.89,92.85,50.66,3.46,82.93,16.51,100.0,3,Critical
120.64,251.34,94.04,56.5,4.41,76.97,10.58,100.0,3,Critical
0.13,24.14,32.52,28.5,0.53,8.64,32.28,1.4,0,Safe
4.76,21.67,38.19,38.35,0.52,7.32,22.73,10.3,0,Safe
21.03,42.46,74.36,26.53,0.69,31.86,13.47,19.9,0,Safe
99.33,226.3,88.86,37.6,4.69,79.62,20.15,95.2,3,Critical
0.44,21.79,36.45,22.62,0.59,2.66,29.25,0.9,0,Safe
32.34,99.71,69.44,32.1,0.73,34.67,18.27,27.8,0,Safe
0.34,21.7,34.06,38.38,0.27,10.41,24.59,0.6,0,Safe
3.58,84.98,58.16,36.59,0.92,28.84,17.42,14.2,0,Safe
69.29,68.59,61.26,32.72,0.81,36.96,21.65,28.8,0,Safe
19.39,96.59,51.71,28.36,0.95,15.14,14.87,14.3,0,Safe
139.18,218.77,78.86,38.12,1.14,52.73,14.09,65.2,2,Warning
0.93,13.46,16.4,40.58,0.52,8.74,19.93,0.0,0,Safe
22.31,98.81,52.68,26.19,0.53,37.74,19.68,20.1,0,Safe
1.89,9.94,41.58,31.63,0.3,14.22,27.68,6.5,0,Safe
103.53,219.33,90.46,45.72,2.66,87.18,13.25,100.0,3,Critical
4.25,0.82,20.71,30.84,0.51,0.63,15.28,0.0,0,Safe
35.21,160.66,74.25,33.56,1.97,39.38,12.57,37.9,1,Watch
100.13,246.47,93.89,50.73,3.85,57.55,11.71,100.0,3,Critical
0.06,12.39,37.97,31.77,0.54,5.23,24.95,0.0,0,Safe
62.85,330.84,85.39,39.2,2.53,91.06,15.06,87.1,3,Critical
83.12,186.7,73.77,38.75,1.0,46.36,19.99,56.2,1,Watch
0.93,0.56,37.65,31.57,0.16,4.49,27.85,7.4,0,Safe
1.62,1.01,19.42,29.63,0.21,16.6,18.77,2.7,0,Safe
27.34,51.35,76.61,24.36,0.87,23.79,17.33,14.0,0,Safe
0.36,9.16,28.22,25.7,0.35,15.22,24.24,0.0,0,Safe
123.79,332.23,88.94,52.33,2.55,78.82,13.12,100.0,3,Critical
0.97,8.52,32.9,34.12,0.41,9.81,16.05,3.7,0,Safe
1.96,0.38,37.47,28.2,0.55,5.26,19.56,0.0,0,Safe
3.5,7.79,28.08,33.5,0.2,13.78,22.04,4.4,0,Safe
5.14,10.7,34.26,15.55,0.59,10.69,19.86,4.8,0,Safe
41.2,132.29,88.35,32.77,1.1,45.4,13.55,40.3,1,Watch
17.05,54.62,56.47,41.51,0.76,20.57,14.84,17.5,0,Safe
0.0,11.29,24.03,25.28,0.24,9.4,22.15,0.0,0,Safe
1.53,6.01,33.93,29.79,0.54,10.68,26.54,2.0,0,Safe
45.88,69.89,65.38,34.36,0.75,18.21,20.95,20.0,0,Safe
1.45,1.23,31.78,25.18,0.37,14.84,19.31,2.2,0,Safe
4.88,7.2,25.71,27.78,0.13,7.16,19.84,0.0,0,Safe
2.03,17.25,36.04,21.82,0.36,14.43,23.95,0.0,0,Safe
1.41,21.31,35.15,29.96,0.2,10.55,20.28,0.0,0,Safe
18.48,74.05,61.9,31.86,0.85,20.81,18.34,18.7,0,Safe
7.07,7.03,33.02,30.7,0.18,12.79,26.78,4.6,0,Safe
46.61,108.29,65.4,26.55,0.33,22.93,15.42,23.6,0,Safe
1.98,7.58,47.45,27.44,0.48,5.89,26.84,0.0,0,Safe
54.85,366.39,90.3,48.37,4.31,77.5,10.42,100.0,3,Critical
6.97,20.58,39.21,27.22,0.28,14.45,19.91,8.5,0,Safe
14.39,80.67,74.75,31.23,0.49,21.01,19.5,13.0,0,Safe
129.93,247.87,96.09,40.69,2.42,60.58,18.03,87.3,3,Critical
11.85,21.0,43.6,27.96,0.58,8.11,14.93,1.6,0,Safe
88.51,313.57,94.67,54.87,3.47,62.68,16.38,100.0,3,Critical
1.09,10.52,32.06,28.36,0.43,9.21,19.52,5.1,0,Safe
0.42,14.74,16.73,29.83,0.27,12.91,24.26,3.4,0,Safe
0.48,14.43,20.81,26.57,0.17,11.28,27.03,0.0,0,Safe
45.75,43.05,59.08,41.1,0.63,28.33,12.46,28.9,0,Safe
31.96,156.7,74.16,34.25,0.89,44.56,15.79,40.5,1,Watch
1.32,15.69,39.77,17.45,0.49,10.72,25.65,1.2,0,Safe
57.34,368.87,93.45,51.16,3.48,61.7,17.93,100.0,3,Critical
6.33,12.73,39.03,22.59,0.11,9.8,30.71,0.0,0,Safe
9.46,22.34,37.13,20.48,0.37,8.07,26.11,1.1,0,Safe
12.93,49.37,75.55,27.83,0.86,17.91,16.78,12.3,0,Safe
0.84,6.81,37.54,14.01,0.11,12.07,25.58,0.0,0,Safe
21.72,79.83,62.81,40.18,0.48,36.02,18.6,25.8,0,Safe
42.75,211.77,75.57,51.58,0.93,33.6,11.99,67.1,2,Warning
21.39,38.76,65.21,32.43,0.66,18.79,20.73,16.2,0,Safe
47.01,203.26,79.74,33.32,1.36,53.09,19.0,50.8,1,Watch
16.72,92.16,74.65,28.77,0.87,35.16,17.52,23.4,0,Safe
0.36,0.28,15.65,21.22,0.28,9.2,22.03,2.9,0,Safe
0.8,23.92,43.2,30.29,0.29,11.75,22.84,3.9,0,Safe
1.21,23.32,41.6,21.92,0.56,7.23,19.37,1.7,0,Safe
2.51,11.51,39.17,34.87,0.58,6.29,31.07,2.7,0,Safe
0.08,13.67,34.68,24.98,0.6,15.48,25.07,1.1,0,Safe
6.97,77.74,55.66,38.73,0.74,25.88,18.28,22.5,0,Safe
25.53,77.51,71.62,36.11,1.05,26.14,17.18,30.0,0,Safe
1.36,20.48,35.97,18.84,0.57,14.38,23.47,2.5,0,Safe
13.62,107.56,65.14,27.84,0.48,27.53,21.36,17.3,0,Safe
21.88,38.85,54.41,32.35,0.59,35.05,15.24,18.6,0,Safe
67.46,130.31,83.76,22.09,1.02,31.83,17.08,27.2,0,Safe
110.76,257.25,90.12,41.86,2.94,61.18,17.46,89.1,3,Critical
84.75,150.26,85.68,36.61,1.0,57.46,17.24,66.4,2,Warning
28.89,111.63,63.67,33.88,0.45,28.3,16.76,22.9,0,Safe
53.95,370.26,97.51,38.48,3.49,58.37,13.11,76.7,2,Warning
0.11,16.76,20.32,31.64,0.2,12.66,30.36,4.9,0,Safe
68.63,205.04,89.11,46.64,2.78,88.44,17.87,100.0,3,Critical
16.83,78.57,49.92,42.73,0.33,33.53,15.66,22.0,0,Safe
28.02,145.78,74.02,39.44,1.93,62.73,10.39,55.1,1,Watch
14.84,77.81,62.09,35.94,0.31,26.24,19.27,10.7,0,Safe
1.94,11.25,34.51,31.69,0.3,3.04,28.6,5.0,0,Safe
1.26,18.06,28.39,28.25,0.15,6.52,26.01,0.0,0,Safe
52.47,211.63,76.32,35.21,1.63,54.16,13.27,55.5,1,Watch
0.45,10.77,30.51,32.78,0.53,12.91,33.4,0.0,0,Safe
2.31,8.43,33.71,24.31,0.3,0.42,20.11,0.0,0,Safe
5.44,19.3,24.1,28.29,0.57,4.01,24.09,0.2,0,Safe
108.0,299.24,87.02,47.57,4.38,73.53,15.87,100.0,3,Critical
25.68,157.76,77.04,39.99,1.36,37.14,13.85,42.9,1,Watch
30.59,40.58,40.74,40.01,0.95,19.78,21.42,17.8,0,Safe
4.43,23.25,39.94,22.36,0.52,18.2,25.24,6.0,0,Safe
14.25,66.14,53.67,27.24,0.62,27.24,21.51,19.2,0,Safe
2.3,11.24,45.67,38.05,0.42,8.28,21.58,2.2,0,Safe
48.84,167.45,74.06,39.81,0.95,34.08,17.99,38.9,1,Watch
21.38,79.73,62.05,37.76,0.91,32.94,22.63,25.1,0,Safe
36.06,173.0,83.59,38.38,1.01,40.73,14.05,47.3,1,Watch
34.17,82.83,65.83,39.54,1.09,19.11,14.15,27.9,0,Safe
50.26,267.19,95.08,53.3,3.51,82.27,17.0,100.0,3,Critical
9.89,78.98,68.59,28.82,0.58,13.1,17.3,10.1,0,Safe
11.28,69.55,73.13,35.99,1.16,26.2,19.65,19.1,0,Safe
54.15,176.37,83.1,37.36,1.88,55.52,16.96,59.4,1,Watch
1.26,10.92,39.6,28.59,0.39,6.11,17.54,3.7,0,Safe
19.03,83.85,52.39,27.12,1.0,13.14,16.27,18.2,0,Safe
37.89,110.6,71.01,30.41,0.75,26.6,18.48,25.8,0,Safe
26.73,81.07,62.64,35.96,0.47,31.57,20.3,31.2,1,Watch
1.15,1.23,40.19,25.02,0.59,11.77,20.3,0.0,0,Safe
52.91,153.07,81.56,39.1,1.78,45.21,11.38,58.8,1,Watch
11.87,9.78,23.58,24.56,0.47,13.21,16.28,0.0,0,Safe
0.38,8.43,47.07,32.06,0.12,2.83,21.74,0.0,0,Safe
26.01,106.99,79.66,35.79,1.12,22.44,17.85,26.3,0,Safe
13.16,95.2,73.86,29.08,0.93,23.71,21.11,18.9,0,Safe
3.15,23.42,44.9,21.16,0.42,15.89,17.21,0.1,0,Safe
2.67,10.17,43.55,25.51,0.39,7.62,24.9,3.2,0,Safe
10.3,82.71,82.07,37.27,0.7,26.17,19.42,26.5,0,Safe
74.71,210.52,72.69,36.35,1.3,47.65,18.44,57.9,1,Watch
30.06,137.08,79.32,32.37,1.37,32.08,16.06,32.2,1,Watch
0.05,7.93,49.49,31.62,0.34,13.02,24.41,1.6,0,Safe
2.49,0.35,29.12,26.98,0.44,13.82,20.04,5.6,0,Safe
1.93,5.38,35.95,26.84,0.3,14.79,27.04,0.0,0,Safe
42.78,180.45,78.94,38.31,0.85,23.54,15.71,38.3,1,Watch
18.64,51.49,43.04,30.66,0.77,24.37,20.33,15.1,0,Safe
46.52,185.52,79.35,46.57,1.51,46.43,18.09,65.0,2,Warning
1.51,10.6,26.01,34.99,0.48,7.38,19.42,2.3,0,Safe
1.53,9.48,21.06,30.27,0.19,15.53,16.86,2.7,0,Safe
19.27,88.5,57.79,28.1,1.02,33.07,15.06,15.7,0,Safe
3.15,11.88,42.97,31.57,0.17,13.84,20.8,3.0,0,Safe
19.74,93.58,58.73,39.98,0.73,23.25,23.41,22.2,0,Safe
0.66,6.99,21.22,23.72,0.45,9.46,17.25,1.3,0,Safe
38.48,149.87,90.28,40.15,1.33,44.65,11.77,57.9,1,Watch
30.6,71.27,58.77,37.25,1.08,29.4,20.38,26.2,0,Safe
0.35,8.95,38.04,25.98,0.55,0.38,24.46,0.0,0,Safe
58.16,119.37,72.84,34.31,0.6,32.4,18.06,35.5,1,Watch
25.76,154.74,87.06,36.32,1.57,36.28,15.2,38.6,1,Watch
21.33,86.12,61.59,47.48,0.69,21.05,19.54,22.4,0,Safe
19.52,37.94,74.28,29.42,0.59,25.57,24.22,15.3,0,Safe
6.81,18.49,31.51,35.19,0.55,7.72,23.17,2.8,0,Safe
1.97,2.21,44.83,41.25,0.49,13.22,24.86,11.4,0,Safe
82.53,231.68,85.82,44.8,3.4,80.69,17.09,100.0,3,Critical
36.52,140.54,66.05,36.66,1.52,36.07,18.65,37.7,1,Watch
20.55,48.97,51.7,35.01,0.52,31.23,16.4,18.7,0,Safe
83.98,353.13,96.19,51.92,1.87,90.38,10.06,100.0,3,Critical
70.39,216.91,87.32,52.7,2.96,53.32,16.09,100.0,3,Critical
9.38,117.37,66.89,35.62,0.79,30.87,13.29,28.2,0,Safe
20.44,57.64,57.67,29.46,0.4,38.31,19.11,22.6,0,Safe
29.38,92.18,71.78,28.04,0.46,26.86,17.61,25.2,0,Safe
35.04,86.58,54.73,29.92,0.7,17.41,20.15,18.4,0,Safe
3.32,15.3,61.29,26.16,0.11,3.52,25.5,1.9,0,Safe
0.01,0.87,28.56,31.0,0.28,2.17,20.96,2.1,0,Safe
124.67,365.3,88.33,45.0,3.59,83.52,15.08,100.0,3,Critical
22.31,63.41,72.68,41.75,1.04,31.28,19.23,31.2,1,Watch
55.94,38.78,58.5,33.52,1.19,26.12,17.15,26.1,0,Safe
59.16,43.01,47.55,35.94,0.57,22.43,23.24,20.1,0,Safe
0.26,21.71,47.17,36.24,0.29,11.24,21.84,3.1,0,Safe
0.09,4.2,34.7,11.11,0.18,12.14,18.74,0.0,0,Safe
7.5,107.29,78.75,35.76,1.09,26.78,16.7,27.7,0,Safe
8.94,2.73,34.81,23.27,0.55,9.28,26.36,5.8,0,Safe
126.96,205.29,93.96,55.44,3.11,73.44,13.32,100.0,3,Critical
4.26,1.3,32.9,42.61,0.58,10.07,20.18,3.6,0,Safe
29.32,116.38,78.36,36.69,1.93,53.78,15.69,53.5,1,Watch
1.53,3.18,39.73,38.77,0.35,14.29,23.85,0.4,0,Safe
0.32,23.13,36.04,17.8,0.22,4.96,15.08,2.2,0,Safe
92.89,208.4,81.63,35.5,0.81,27.82,12.2,48.9,1,Watch
28.69,158.36,75.73,43.71,1.13,34.59,11.74,44.2,1,Watch
0.82,9.08,29.69,19.73,0.46,11.26,24.84,0.0,0,Safe
2.17,20.57,26.79,25.09,0.15,7.12,23.35,4.3,0,Safe
64.87,43.98,60.46,38.01,0.32,26.95,16.29,31.7,1,Watch
24.18,135.78,78.67,40.88,1.85,30.58,8.66,44.8,1,Watch
12.29,53.6,53.22,28.89,0.8,17.64,20.15,7.7,0,Safe
2.32,22.19,32.86,28.48,0.5,9.23,26.45,6.3,0,Safe
32.25,161.97,76.02,48.39,1.85,55.57,15.84,69.1,2,Warning
11.32,78.24,58.16,43.84,0.88,30.69,20.52,21.3,0,Safe
3.84,17.72,21.71,29.92,0.22,15.51,20.91,5.1,0,Safe
0.17,13.31,47.79,16.24,0.37,12.13,18.91,0.0,0,Safe
4.15,23.21,35.19,24.87,0.41,11.12,15.99,5.9,0,Safe
21.05,128.25,77.39,38.63,1.11,38.93,12.83,41.7,1,Watch
123.96,323.96,89.11,52.39,3.42,72.69,19.4,100.0,3,Critical
8.26,52.46,65.21,28.0,0.7,28.1,16.02,21.1,0,Safe
57.36,169.75,77.84,55.16,1.03,53.02,14.64,80.5,3,Critical
14.25,211.94,78.09,38.25,1.35,32.06,18.02,36.9,1,Watch
1.56,6.14,30.26,36.54,0.29,8.78,22.41,1.2,0,Safe
91.47,210.93,68.25,39.94,1.49,58.14,14.5,75.3,2,Warning
9.23,33.77,56.15,33.24,1.19,20.25,16.2,13.6,0,Safe
81.97,272.76,93.36,45.66,3.35,75.68,13.5,100.0,3,Critical
2.94,2.83,32.43,25.9,0.49,6.58,32.87,1.5,0,Safe
50.02,285.38,91.5,36.95,3.44,67.16,12.63,78.8,2,Warning
34.05,102.39,63.13,38.69,0.76,29.92,19.26,32.2,1,Watch
83.44,294.71,93.29,47.66,4.65,69.25,10.9,100.0,3,Critical
4.02,12.2,46.87,32.69,0.56,8.31,22.37,1.8,0,Safe
55.53,138.24,77.47,41.7,1.46,40.78,15.38,53.8,1,Watch
1.11,2.15,29.36,26.02,0.21,5.27,20.51,0.0,0,Safe
1.4,17.39,35.25,20.42,0.47,0.98,28.35,2.2,0,Safe
5.43,113.1,40.03,27.52,1.09,23.7,22.36,14.9,0,Safe
23.92,113.0,46.46,31.32,0.72,26.33,18.69,19.4,0,Safe
103.46,187.87,71.02,35.74,1.65,41.79,16.27,57.2,1,Watch
15.91,92.79,73.32,35.09,1.17,20.44,15.06,21.2,0,Safe
73.4,318.08,91.47,44.7,4.39,82.3,14.1,100.0,3,Critical
37.87,168.88,80.04,38.55,1.81,41.04,17.12,52.5,1,Watch
37.78,158.76,80.53,31.29,1.28,45.58,14.14,38.7,1,Watch
19.7,67.44,67.89,25.9,0.43,25.82,17.1,12.4,0,Safe
5.07,23.36,37.64,30.03,0.15,12.96,28.66,0.0,0,Safe
89.02,346.64,96.66,40.6,4.53,56.25,14.93,85.5,3,Critical
29.52,111.24,78.39,47.89,1.5,38.14,15.95,51.0,1,Watch
50.81,47.69,60.11,31.02,0.87,30.91,20.34,26.4,0,Safe
102.21,155.03,88.59,41.14,1.17,52.03,17.19,69.2,2,Warning
30.13,58.97,56.75,37.82,0.96,37.92,17.04,25.9,0,Safe
29.45,108.34,60.8,37.15,0.92,20.24,24.44,27.7,0,Safe
51.28,179.35,73.87,51.18,1.62,49.56,17.96,73.7,2,Warning
20.79,60.21,45.96,21.42,0.4,21.71,9.77,9.6,0,Safe
0.34,9.01,37.18,25.4,0.34,7.07,24.33,0.2,0,Safe
4.25,13.84,33.01,22.22,0.32,5.78,28.15,0.3,0,Safe
1.35,9.4,22.74,28.77,0.23,7.93,30.68,2.8,0,Safe
21.44,65.39,55.9,37.83,0.31,34.36,17.88,22.7,0,Safe
2.64,4.44,28.43,10.0,0.25,15.17,25.12,0.0,0,Safe
23.65,73.61,67.13,29.64,0.33,23.75,22.32,19.0,0,Safe
0.05,6.66,37.85,28.49,0.48,7.57,22.1,2.8,0,Safe
30.68,78.56,54.63,47.89,0.31,20.74,16.25,24.8,0,Safe
35.08,87.39,53.49,38.98,0.35,30.25,18.64,29.5,0,Safe
5.06,16.31,36.61,39.24,0.26,15.09,19.07,6.4,0,Safe
5.17,2.55,32.79,34.47,0.33,6.77,23.64,3.8,0,Safe
107.43,253.96,88.97,37.53,1.81,62.56,16.18,77.4,2,Warning
9.45,20.92,26.81,24.49,0.43,9.16,27.81,1.2,0,Safe
0.36,14.75,39.55,29.6,0.29,6.39,20.83,1.5,0,Safe
0.3,24.4,35.85,17.69,0.17,4.43,27.59,8.4,0,Safe
10.09,89.31,52.97,40.71,0.94,26.15,21.19,21.7,0,Safe
1.23,3.75,33.45,30.03,0.18,5.61,26.91,0.0,0,Safe
1.76,9.8,27.65,23.98,0.44,7.68,24.76,0.0,0,Safe
8.61,23.72,50.78,30.08,0.21,12.0,25.4,5.4,0,Safe
21.69,72.36,76.65,26.18,0.45,30.47,19.99,16.6,0,Safe
1.83,13.57,41.75,27.38,0.12,7.66,27.83,0.0,0,Safe
47.42,204.21,68.55,47.38,0.93,43.2,14.19,58.8,1,Watch
15.32,119.44,48.34,39.96,0.57,14.96,17.54,16.7,0,Safe
6.81,12.65,38.95,21.02,0.38,12.29,21.52,0.0,0,Safe
81.74,202.06,89.06,54.53,2.48,63.28,13.2,100.0,3,Critical
35.41,203.99,76.89,35.17,0.81,50.92,19.3,50.9,1,Watch
1.11,21.51,40.57,17.67,0.15,1.81,27.76,0.0,0,Safe
22.57,72.38,43.87,30.32,0.42,27.48,16.85,22.0,0,Safe
61.17,114.35,50.62,31.65,0.33,19.03,23.25,23.6,0,Safe
2.83,3.82,41.11,37.48,0.42,8.26,24.94,0.6,0,Safe
56.36,175.39,81.38,37.14,1.18,52.25,16.28,58.8,1,Watch
11.64,2.2,30.62,23.32,0.24,11.48,26.14,0.8,0,Safe
98.29,139.25,91.91,34.3,1.58,42.72,19.05,53.8,1,Watch
126.4,365.36,85.21,44.7,1.94,90.55,15.55,98.4,3,Critical
15.66,76.95,49.32,39.38,0.98,34.9,13.76,28.5,0,Safe
1.36,22.99,30.66,26.62,0.42,10.93,25.9,1.7,0,Safe
11.36,142.76,74.56,36.22,1.37,48.07,19.04,43.8,1,Watch
41.98,81.63,75.79,28.21,0.77,23.06,20.89,22.9,0,Safe
0.2,7.28,43.14,38.01,0.13,5.3,21.54,0.0,0,Safe
128.5,207.26,95.31,43.16,2.65,66.36,11.7,93.8,3,Critical
42.57,138.44,72.61,44.14,1.46,45.64,11.45,56.7,1,Watch
19.72,47.66,64.25,39.37,0.43,17.62,20.83,14.0,0,Safe
41.22,114.49,44.36,35.91,0.35,47.09,21.47,41.6,1,Watch
95.71,362.73,85.53,43.15,2.35,68.83,10.48,92.0,3,Critical
0.13,20.47,45.76,32.71,0.21,15.32,21.94,2.2,0,Safe
55.37,125.12,71.81,41.59,1.33,52.21,14.72,52.0,1,Watch
37.55,156.08,77.46,33.55,1.18,41.91,14.22,38.4,1,Watch
111.97,211.1,91.5,36.61,4.74,88.5,14.33,93.0,3,Critical
9.93,60.77,65.52,32.3,0.52,25.14,17.59,10.0,0,Safe
2.17,23.68,41.87,42.06,0.12,3.42,27.34,5.2,0,Safe
118.83,265.66,98.53,42.82,3.61,65.39,14.25,97.7,3,Critical
20.04,37.79,66.14,45.25,0.48,20.23,21.77,18.6,0,Safe
0.06,6.34,28.11,39.13,0.41,16.92,24.15,9.0,0,Safe
0.1,9.44,31.64,32.79,0.34,13.12,23.42,2.8,0,Safe
1.92,3.96,29.68,20.82,0.26,9.86,23.67,0.0,0,Safe
57.01,335.79,94.49,39.44,3.65,79.52,8.35,91.8,3,Critical
71.28,358.4,93.64,56.28,2.89,83.87,15.3,100.0,3,Critical
40.42,150.01,74.15,30.21,1.5,66.14,10.11,54.3,1,Watch
93.91,210.17,97.71,41.12,1.83,80.56,17.39,95.3,3,Critical
1.61,11.52,41.58,36.35,0.46,13.92,28.0,3.4,0,Safe
22.73,101.56,65.59,38.54,0.44,24.53,21.09,24.3,0,Safe
34.41,137.46,68.56,34.87,1.14,61.64,16.03,45.4,1,Watch
1.55,9.91,38.53,41.23,0.12,11.59,25.77,0.0,0,Safe
53.05,303.5,91.99,47.35,4.07,90.13,15.85,100.0,3,Critical
35.86,38.39,56.55,47.6,0.76,16.36,20.22,22.1,0,Safe
41.3,160.12,84.64,35.65,1.32,46.58,10.9,49.0,1,Watch
0.68,12.09,38.61,32.03,0.4,2.9,25.47,0.0,0,Safe
0.71,1.32,43.57,27.43,0.38,5.17,21.5,2.8,0,Safe
98.04,368.72,88.13,49.66,3.72,83.02,18.13,100.0,3,Critical
2.12,15.75,42.0,42.69,0.48,14.04,23.69,5.2,0,Safe
37.12,101.01,64.85,26.5,0.75,40.64,20.83,24.3,0,Safe
3.31,5.53,29.85,33.94,0.41,8.23,22.66,0.0,0,Safe
20.53,162.55,81.12,34.53,0.98,53.4,10.56,47.5,1,Watch
14.87,84.09,65.52,37.6,0.91,28.94,25.99,22.3,0,Safe
2.34,5.15,45.42,19.5,0.26,4.14,24.44,1.6,0,Safe
20.47,117.15,57.53,29.74,0.44,23.27,15.55,24.2,0,Safe
20.13,37.33,58.05,35.04,0.49,27.06,20.05,14.0,0,Safe
0.84,19.07,39.88,24.03,0.35,7.44,35.33,2.7,0,Safe
2.07,23.86,39.22,24.78,0.22,12.16,24.2,0.0,0,Safe
19.8,54.9,80.41,37.15,0.75,35.15,20.33,27.1,0,Safe
40.1,63.99,59.61,25.08,0.44,34.61,21.1,19.2,0,Safe
8.27,8.04,32.47,27.16,0.44,6.01,23.47,0.0,0,Safe
110.08,275.04,87.1,48.65,2.44,74.75,13.44,100.0,3,Critical
28.66,175.69,75.96,37.35,1.01,39.35,10.52,43.7,1,Watch
39.82,162.48,78.73,33.26,1.95,59.97,14.52,54.9,1,Watch
110.9,275.84,86.89,36.2,1.81,77.48,13.03,77.9,2,Warning
123.69,357.5,87.02,47.9,4.74,56.57,14.42,99.7,3,Critical
21.91,81.93,61.78,40.96,1.14,35.26,15.64,31.0,1,Watch
6.54,0.6,37.64,31.69,0.32,10.88,24.15,0.0,0,Safe
35.86,86.99,76.14,37.47,0.42,22.0,18.16,24.0,0,Safe
1.23,10.09,42.83,25.69,0.56,9.58,18.99,0.0,0,Safe
5.07,20.49,43.55,28.43,0.4,3.07,25.43,2.2,0,Safe
3.59,17.36,41.33,29.45,0.38,4.59,20.19,5.2,0,Safe
2.31,7.75,27.44,36.72,0.15,11.69,29.3,1.9,0,Safe
1.1,11.69,30.59,15.08,0.23,14.24,22.38,2.4,0,Safe
4.07,7.25,31.64,26.7,0.53,6.27,23.92,0.2,0,Safe
1.66,8.87,41.02,35.86,0.41,11.78,33.69,2.5,0,Safe
18.53,35.45,85.64,39.25,1.14,36.36,19.67,35.5,1,Watch
1.68,1.57,47.2,27.11,0.39,13.25,15.59,0.0,0,Safe
2.97,12.06,29.22,32.82,0.43,16.99,27.14,0.0,0,Safe
10.95,57.84,54.22,30.52,1.11,19.62,15.08,18.5,0,Safe
38.55,145.35,74.35,36.59,1.94,41.28,16.46,48.8,1,Watch
8.76,98.25,51.85,32.47,0.73,28.14,17.84,23.9,0,Safe
6.46,46.5,77.62,24.97,0.9,27.04,22.1,10.9,0,Safe
48.15,185.67,78.32,29.83,1.95,48.42,20.09,49.5,1,Watch
0.26,9.79,39.05,45.39,0.33,5.28,23.43,5.2,0,Safe
9.47,31.36,57.36,38.53,0.67,29.35,17.41,16.5,0,Safe
7.58,101.59,47.46,25.99,0.31,25.54,22.67,15.5,0,Safe
31.19,33.55,54.08,37.87,0.84,31.92,20.42,25.2,0,Safe
96.49,350.7,92.9,46.39,1.84,80.97,12.63,100.0,3,Critical
7.84,53.93,56.88,22.36,0.49,18.85,20.86,4.6,0,Safe
43.16,52.81,50.84,33.47,0.49,28.29,22.0,22.3,0,Safe
30.72,178.48,77.61,24.4,1.0,38.41,23.07,29.9,0,Safe
1.05,19.84,29.43,36.49,0.22,3.97,26.46,3.9,0,Safe
1.82,7.24,35.45,12.73,0.57,10.25,25.8,2.3,0,Safe
17.14,40.63,61.14,33.02,0.51,20.44,16.87,12.1,0,Safe
0.31,22.22,49.53,26.88,0.16,4.79,19.25,4.1,0,Safe
58.71,170.9,73.8,36.77,1.37,52.28,13.15,52.4,1,Watch
14.02,12.96,42.33,24.52,0.38,13.11,17.43,0.0,0,Safe
119.47,322.76,91.29,37.31,4.31,75.61,15.22,90.2,3,Critical
14.68,207.41,83.78,44.72,1.83,45.72,16.75,58.1,1,Watch
23.35,72.8,67.73,35.18,0.58,21.26,19.34,18.8,0,Safe
22.81,97.98,60.98,50.16,0.94,13.22,22.92,23.1,0,Safe
122.06,359.59,95.18,41.44,3.97,85.31,14.87,100.0,3,Critical
59.06,289.96,95.01,54.59,4.79,88.4,8.32,100.0,3,Critical
29.27,69.46,63.62,29.98,1.11,28.87,18.68,32.3,1,Watch
50.44,252.19,91.85,51.24,4.32,72.5,8.39,100.0,3,Critical
1.35,16.15,30.65,30.08,0.29,8.3,28.92,3.9,0,Safe
15.62,49.21,63.75,36.05,0.41,18.96,21.66,11.1,0,Safe
3.93,1.82,48.38,36.34,0.14,7.62,22.59,2.6,0,Safe
17.45,116.72,82.89,38.98,1.72,53.31,16.25,48.6,1,Watch
101.94,273.64,98.63,58.0,4.27,69.03,10.97,100.0,3,Critical
105.3,158.37,88.87,44.8,1.23,47.32,13.57,76.2,2,Warning
1.7,17.9,31.28,16.5,0.38,11.61,30.12,0.0,0,Safe
1.82,10.45,44.35,22.46,0.35,7.13,24.15,0.8,0,Safe
42.46,110.58,92.36,45.01,1.08,27.75,13.9,44.8,1,Watch
3.71,2.37,30.61,28.9,0.53,9.74,18.51,0.0,0,Safe
0.67,3.22,32.19,23.81,0.56,8.62,27.3,0.0,0,Safe
8.38,12.63,34.29,30.42,0.22,2.47,20.41,1.9,0,Safe
94.12,212.66,89.39,55.62,2.51,53.27,13.62,100.0,3,Critical
2.47,9.64,32.03,24.72,0.16,14.53,23.67,0.0,0,Safe
96.23,229.2,93.06,45.25,2.98,88.11,11.1,100.0,3,Critical
37.69,218.88,84.91,36.38,1.75,48.2,11.9,56.8,1,Watch
91.14,297.75,93.15,45.06,4.5,81.55,15.41,100.0,3,Critical
2.78,24.92,33.11,30.0,0.55,13.61,17.42,4.3,0,Safe
1.71,1.67,22.67,27.0,0.28,8.23,24.96,0.0,0,Safe
46.3,183.62,72.0,41.83,1.06,32.4,17.96,48.6,1,Watch
21.18,98.18,67.62,35.89,1.1,27.91,19.26,29.5,0,Safe
33.64,118.78,78.75,36.36,1.78,38.27,14.62,39.9,1,Watch
59.34,62.95,42.27,48.61,0.85,30.85,14.16,35.9,1,Watch
14.44,101.03,67.56,32.38,1.13,34.91,19.42,28.1,0,Safe
8.84,119.75,63.95,28.38,0.73,31.46,18.66,18.2,0,Safe
1.22,23.56,17.24,27.2,0.57,8.26,28.83,7.9,0,Safe
29.03,173.23,83.86,39.3,1.81,51.92,17.51,54.2,1,Watch
5.53,10.26,37.44,45.34,0.41,11.52,19.29,2.2,0,Safe
121.3,299.02,98.2,40.56,4.5,72.37,15.3,99.7,3,Critical
5.29,20.83,37.32,27.68,0.51,3.08,30.25,0.0,0,Safe
65.27,146.17,77.81,33.33,1.04,41.81,13.61,47.7,1,Watch
1.6,16.13,27.35,32.36,0.45,13.05,21.95,8.6,0,Safe
27.36,87.91,49.52,44.25,0.78,12.91,15.8,13.3,0,Safe
2.07,3.93,29.76,26.34,0.24,5.4,25.94,1.4,0,Safe
16.97,171.45,79.9,44.92,1.31,43.75,17.88,53.2,1,Watch
29.02,67.71,56.3,22.3,0.67,22.39,18.64,16.1,0,Safe
0.36,5.63,33.61,18.11,0.4,7.9,22.9,4.3,0,Safe
58.07,53.93,67.85,30.15,0.43,23.71,20.91,23.9,0,Safe
90.43,311.36,94.43,47.5,2.22,63.02,12.9,94.0,3,Critical
15.47,100.78,70.91,46.77,1.09,27.08,16.41,32.2,1,Watch
1.32,4.57,39.83,20.35,0.49,14.45,23.3,0.0,0,Safe
47.37,96.34,60.1,28.52,0.57,36.52,17.77,25.3,0,Safe
29.26,159.13,75.74,41.65,0.95,52.05,15.81,53.6,1,Watch
18.41,73.78,67.61,22.69,0.3,33.8,17.47,18.7,0,Safe
110.62,227.87,97.13,36.79,2.7,69.9,18.41,86.0,3,Critical
3.07,7.68,25.49,27.28,0.59,13.58,27.09,0.0,0,Safe
67.66,203.9,90.58,43.4,1.92,63.38,11.0,85.0,3,Critical
120.18,214.41,87.99,56.89,2.65,62.77,9.98,100.0,3,Critical
59.3,154.99,94.16,34.74,1.6,33.07,21.37,50.0,1,Watch
42.86,130.67,81.48,37.96,1.76,42.35,12.56,52.0,1,Watch
25.03,35.75,71.44,39.75,0.81,29.95,21.71,22.2,0,Safe
8.73,113.82,63.01,34.72,0.83,19.86,19.27,20.2,0,Safe
90.57,274.21,96.96,54.37,4.02,90.63,16.08,100.0,3,Critical
1.66,4.39,45.07,34.38,0.49,7.1,22.13,1.4,0,Safe
3.63,16.85,27.42,30.21,0.13,8.78,25.08,0.0,0,Safe
6.88,10.76,26.0,23.67,0.36,1.94,24.98,6.2,0,Safe
2.77,10.67,41.27,21.43,0.57,4.04,24.97,0.4,0,Safe
6.63,53.57,54.11,36.82,0.38,34.79,16.16,20.2,0,Safe
82.44,120.02,79.25,40.6,0.93,38.23,16.73,53.4,1,Watch
3.09,1.01,33.84,35.61,0.46,12.7,28.21,0.2,0,Safe
57.7,68.42,47.65,25.37,0.41,22.74,16.09,19.8,0,Safe
57.21,216.51,95.74,48.05,3.6,57.88,8.53,98.7,3,Critical
0.36,16.38,43.88,27.51,0.29,10.0,21.54,0.0,0,Safe
30.66,168.52,69.7,42.41,1.34,61.77,13.31,60.7,2,Warning
1.62,6.71,38.93,29.96,0.25,2.89,25.63,0.0,0,Safe
34.66,166.13,76.12,36.52,1.13,41.16,24.43,41.5,1,Watch
1.1,18.21,39.37,27.43,0.53,11.81,28.64,2.5,0,Safe
40.48,148.04,62.74,43.44,1.43,47.46,15.41,54.6,1,Watch
1.74,9.96,39.47,32.48,0.41,23.42,25.38,5.3,0,Safe
3.36,3.04,31.83,25.71,0.36,10.49,15.37,1.1,0,Safe
4.15,6.51,41.93,35.52,0.39,14.28,24.06,0.0,0,Safe
108.55,282.23,93.31,51.31,3.34,59.36,14.57,100.0,3,Critical
4.87,4.96,35.95,31.64,0.4,6.31,21.92,0.1,0,Safe
1.81,3.6,37.51,25.97,0.24,18.1,26.96,0.0,0,Safe
39.71,211.42,69.89,31.07,1.49,48.88,13.42,51.6,1,Watch
46.01,212.23,77.25,45.13,0.99,40.0,16.7,59.7,1,Watch
0.35,24.4,30.24,22.28,0.58,16.78,28.03,0.5,0,Safe
110.57,305.85,97.74,50.42,3.02,83.17,15.11,100.0,3,Critical
120.59,329.56,96.37,52.0,4.33,85.69,10.34,100.0,3,Critical
103.83,325.32,87.98,43.2,3.42,57.24,9.2,81.5,3,Critical
69.29,199.0,88.3,37.81,3.42,91.25,16.14,94.6,3,Critical
29.19,76.95,54.52,35.72,0.5,38.99,19.94,29.5,0,Safe
114.37,202.34,98.16,55.38,2.34,64.08,11.52,100.0,3,Critical
59.18,169.02,85.31,39.93,1.12,53.87,21.32,60.6,2,Warning
1.73,15.15,37.69,26.49,0.39,18.1,33.7,5.1,0,Safe
91.93,203.24,97.39,37.36,2.28,58.8,10.47,78.8,2,Warning
1.38,10.83,40.49,19.91,0.28,9.04,17.36,4.0,0,Safe
0.6,11.24,29.1,29.73,0.15,16.64,20.92,7.5,0,Safe
76.19,240.32,95.59,39.89,4.34,54.32,13.05,84.2,3,Critical
77.49,206.65,79.61,36.46,1.93,43.47,10.44,61.1,2,Warning
0.74,21.26,31.67,21.29,0.37,13.15,20.96,4.3,0,Safe
67.77,184.75,81.89,34.2,1.71,38.92,14.77,55.1,1,Watch
57.28,199.76,94.48,49.08,3.0,54.05,12.99,87.5,3,Critical
7.68,11.78,32.77,30.41,0.11,6.19,21.9,3.4,0,Safe
1.68,6.57,44.57,31.04,0.17,10.97,24.76,2.1,0,Safe
18.03,92.8,88.24,36.27,0.83,20.57,22.81,27.8,0,Safe
39.71,70.31,66.52,28.18,0.54,36.13,17.87,26.6,0,Safe
37.49,107.27,82.31,29.86,0.99,23.49,17.05,26.7,0,Safe
12.72,37.66,56.26,36.39,0.34,33.83,22.38,22.1,0,Safe
4.18,10.69,20.69,29.97,0.5,13.89,19.63,10.4,0,Safe
1.04,19.73,42.47,23.59,0.2,4.49,22.26,0.0,0,Safe
7.83,36.72,71.66,41.41,1.18,32.68,16.6,23.0,0,Safe
2.83,3.66,21.97,22.64,0.26,13.1,25.18,3.6,0,Safe
0.08,13.8,42.21,29.91,0.49,7.44,18.37,1.0,0,Safe
3.53,11.89,28.18,23.38,0.12,7.71,28.93,0.0,0,Safe
79.14,218.98,81.32,36.71,0.96,30.66,17.82,52.7,1,Watch
1.98,14.43,46.93,24.19,0.24,18.22,15.64,3.5,0,Safe
9.75,58.5,74.62,31.53,0.47,43.02,22.15,23.3,0,Safe
1.25,21.01,35.16,33.7,0.56,9.5,22.46,1.8,0,Safe
40.96,32.72,55.17,43.46,1.11,22.54,15.39,25.5,0,Safe
4.43,1.17,28.12,25.75,0.5,6.29,22.56,1.2,0,Safe
1.01,24.38,28.92,31.13,0.11,5.72,28.24,2.9,0,Safe
0.23,23.72,42.9,20.85,0.22,3.72,24.98,1.5,0,Safe
21.02,111.94,78.25,29.37,0.38,16.07,18.83,10.9,0,Safe
22.97,121.94,64.7,42.58,1.81,44.75,14.4,52.8,1,Watch
38.84,87.71,63.27,24.36,0.73,23.05,21.85,15.1,0,Safe
0.53,3.49,39.19,44.96,0.45,13.17,19.86,0.0,0,Safe
2.62,21.64,35.86,16.66,0.18,6.31,18.83,2.3,0,Safe
46.53,139.37,86.62,31.92,1.08,44.39,14.73,42.4,1,Watch
3.5,11.77,30.82,34.6,0.6,8.04,23.85,2.2,0,Safe
127.26,274.86,94.66,42.68,3.02,58.64,11.87,83.2,3,Critical
25.71,95.51,60.15,29.35,0.55,34.31,18.46,22.5,0,Safe
1.43,5.71,36.51,42.8,0.54,12.21,27.37,1.4,0,Safe
50.1,190.22,96.3,44.12,1.88,81.71,15.15,83.8,3,Critical
59.86,214.3,96.39,48.38,4.29,75.1,9.35,100.0,3,Critical
2.67,14.39,34.96,29.09,0.15,8.02,21.02,0.0,0,Safe
0.82,14.5,31.04,23.03,0.34,7.38,24.19,0.0,0,Safe
12.08,99.99,56.12,30.38,0.3,39.1,13.92,27.5,0,Safe
59.04,58.03,65.55,41.7,1.14,47.08,21.65,50.5,1,Watch
37.55,52.78,54.75,27.4,1.19,30.9,19.89,24.8,0,Safe
1.42,6.63,25.55,23.73,0.17,8.14,26.19,0.0,0,Safe
3.21,6.62,30.31,19.74,0.41,11.72,21.46,11.7,0,Safe
46.53,94.58,69.96,24.55,1.08,33.36,23.48,26.5,0,Safe
14.52,105.15,62.28,27.36,0.66,29.73,21.35,18.1,0,Safe
19.52,130.92,77.06,51.11,0.8,31.77,20.63,39.2,1,Watch
0.11,20.81,34.22,29.59,0.36,8.19,23.38,3.5,0,Safe
29.82,180.5,88.58,28.6,1.27,62.07,15.17,50.1,1,Watch
51.67,120.85,76.06,33.41,1.14,21.95,17.71,38.9,1,Watch
0.38,12.79,35.97,27.71,0.22,16.53,24.54,4.9,0,Safe
87.17,130.8,79.27,32.57,1.24,34.96,19.46,41.8,1,Watch
2.53,18.39,32.77,29.01,0.49,16.9,21.77,8.4,0,Safe
59.57,360.43,90.57,57.11,3.59,72.76,16.43,100.0,3,Critical
27.7,45.45,51.98,35.67,0.48,37.51,22.04,19.1,0,Safe
2.28,21.21,34.03,29.94,0.59,13.01,28.65,0.0,0,Safe
24.45,118.09,85.11,43.13,1.93,63.19,17.27,61.4,2,Warning
2.81,15.66,39.07,23.5,0.22,11.26,17.3,5.1,0,Safe
18.21,65.28,62.96,26.02,0.62,27.42,22.31,11.9,0,Safe
10.83,47.91,50.3,34.85,0.72,25.84,17.47,12.7,0,Safe
0.32,3.46,35.82,38.02,0.51,16.74,20.63,5.3,0,Safe
0.68,7.02,33.38,31.81,0.56,2.3,29.26,5.0,0,Safe
55.77,169.43,78.44,42.45,1.65,39.86,11.53,56.5,1,Watch
12.98,106.03,69.73,42.11,1.1,19.28,23.78,25.6,0,Safe
59.46,211.45,87.82,45.67,1.75,40.97,13.82,73.0,2,Warning
3.47,5.28,18.73,39.64,0.48,13.66,24.41,0.0,0,Safe
7.66,113.15,74.99,32.82,0.32,28.05,18.13,19.1,0,Safe
1.56,20.86,37.14,38.87,0.52,14.41,29.92,1.7,0,Safe
23.83,57.4,58.4,32.93,1.06,23.8,15.36,21.2,0,Safe
9.48,11.92,29.2,30.12,0.31,12.8,26.25,1.4,0,Safe
26.07,123.61,89.58,44.41,1.31,39.15,13.72,43.6,1,Watch
37.59,30.28,66.01,27.54,0.46,22.92,17.18,18.6,0,Safe
91.78,343.05,92.72,47.75,3.36,63.95,18.04,100.0,3,Critical
0.69,15.45,22.93,23.0,0.11,13.54,27.9,8.3,0,Safe
6.1,106.17,64.69,22.87,0.95,32.08,21.05,17.4,0,Safe
29.63,111.86,78.27,42.12,0.93,44.29,12.03,49.4,1,Watch
24.86,123.62,72.43,44.15,1.21,50.64,13.92,50.7,1,Watch
0.43,23.51,29.01,25.7,0.2,7.16,21.4,1.3,0,Safe
1.05,22.03,45.53,28.23,0.38,13.13,22.49,0.8,0,Safe
3.86,0.37,41.28,32.88,0.11,8.99,23.6,0.0,0,Safe
66.85,340.45,88.41,50.91,3.25,81.46,20.71,100.0,3,Critical
19.68,115.47,91.49,46.34,1.47,47.75,14.13,53.3,1,Watch
10.92,84.04,64.01,36.89,0.47,32.68,23.24,22.9,0,Safe
30.02,62.72,76.55,36.0,0.61,23.38,18.73,21.6,0,Safe
99.24,252.67,97.84,51.83,3.09,56.41,13.81,100.0,3,Critical
4.15,10.32,42.04,22.8,0.34,15.6,15.68,0.0,0,Safe
32.33,136.86,82.94,37.53,0.88,34.78,16.44,34.8,1,Watch
22.71,217.64,82.12,30.8,1.1,55.34,16.32,49.5,1,Watch
9.14,17.29,35.64,20.3,0.3,3.81,25.04,3.0,0,Safe
3.7,12.15,38.17,33.66,0.1,5.08,22.31,7.4,0,Safe
7.84,192.36,71.77,25.69,1.5,42.74,20.78,33.4,1,Watch
7.59,92.27,61.68,33.53,0.54,32.82,20.07,20.6,0,Safe
2.73,11.84,35.11,39.34,0.13,8.03,30.25,0.0,0,Safe
29.32,63.79,74.43,36.18,0.6,13.79,14.87,16.5,0,Safe
7.21,23.19,31.99,31.4,0.31,5.97,22.07,1.5,0,Safe
62.19,106.65,75.23,40.23,0.64,37.04,15.4,45.2,1,Watch
18.63,82.39,74.42,25.04,0.76,31.6,21.1,19.2,0,Safe
76.46,204.67,78.47,42.56,1.61,57.52,14.74,78.7,2,Warning
1.98,4.91,34.35,27.56,0.4,6.73,18.93,0.7,0,Safe
40.21,94.39,64.34,49.89,0.38,38.72,18.09,45.2,1,Watch
2.29,15.03,36.04,27.89,0.55,1.9,19.36,6.7,0,Safe
21.27,52.94,66.63,27.97,0.88,24.64,19.79,19.1,0,Safe
39.73,113.29,48.93,39.48,0.74,29.42,16.46,30.3,1,Watch
0.36,19.89,39.77,39.25,0.34,3.19,25.03,2.4,0,Safe
19.95,96.62,65.73,27.47,0.62,30.94,18.58,15.9,0,Safe
2.84,5.38,45.45,38.61,0.6,11.44,27.89,0.7,0,Safe
1.51,7.95,37.37,28.03,0.21,9.87,26.05,4.5,0,Safe
3.67,13.59,33.57,20.15,0.15,6.94,20.39,0.0,0,Safe
3.53,17.53,36.08,14.43,0.14,13.93,17.66,1.1,0,Safe
61.19,299.47,87.49,38.63,4.67,75.25,17.16,89.0,3,Critical
3.95,8.49,46.61,44.42,0.31,13.36,25.84,6.2,0,Safe
3.17,21.06,41.84,17.8,0.2,14.44,29.87,2.8,0,Safe
125.11,208.14,95.48,49.59,3.27,70.18,12.85,100.0,3,Critical
69.28,273.97,92.65,47.77,3.56,82.23,13.45,100.0,3,Critical
33.53,99.23,55.87,29.94,0.65,32.49,15.17,25.4,0,Safe
1.16,10.66,40.3,33.72,0.58,6.0,18.86,0.0,0,Safe
3.76,18.76,39.76,17.29,0.18,10.84,24.91,1.9,0,Safe
87.43,302.17,91.3,41.36,4.52,76.63,18.01,100.0,3,Critical
54.12,129.52,77.9,29.26,1.48,47.36,20.96,40.0,1,Watch
119.41,225.06,94.08,37.94,2.86,84.58,16.24,93.2,3,Critical
22.74,45.96,48.54,43.66,0.78,29.24,23.51,22.8,0,Safe
65.79,295.36,90.15,41.16,2.47,59.48,5.94,79.9,2,Warning
7.6,21.52,34.87,22.51,0.48,7.17,27.22,7.0,0,Safe
4.58,1.54,36.07,22.01,0.19,8.67,27.45,0.0,0,Safe
52.85,141.25,87.61,36.49,1.13,53.04,21.14,57.1,1,Watch
0.07,5.35,33.82,16.46,0.5,10.65,17.58,0.0,0,Safe
3.63,16.37,30.65,27.24,0.1,10.12,26.39,1.6,0,Safe
73.38,127.42,80.0,39.93,1.48,49.3,15.05,56.5,1,Watch
25.33,208.82,76.57,43.83,1.46,57.23,17.76,68.3,2,Warning
3.68,4.59,27.91,30.85,0.33,11.02,19.82,5.7,0,Safe
63.77,278.0,94.81,39.7,3.3,65.93,15.94,85.7,3,Critical
30.87,183.77,80.5,41.0,1.7,42.38,16.48,53.6,1,Watch
5.71,23.66,32.24,19.79,0.41,11.78,28.69,3.3,0,Safe
128.05,343.32,96.67,39.85,1.82,87.84,10.87,89.1,3,Critical
121.45,363.37,95.62,44.58,3.5,73.3,16.64,100.0,3,Critical
18.8,69.99,50.78,28.82,0.43,24.87,17.52,10.7,0,Safe
0.38,0.48,36.91,27.47,0.44,15.05,19.67,2.3,0,Safe
31.6,106.94,47.35,27.56,0.74,38.33,16.74,24.4,0,Safe
68.44,45.31,66.31,33.39,0.77,27.49,26.13,31.1,1,Watch
61.86,310.06,86.38,45.36,3.23,53.89,16.75,84.6,3,Critical
128.47,281.86,87.88,54.37,4.39,87.9,14.21,100.0,3,Critical
55.6,112.47,54.1,30.54,0.67,30.75,17.2,32.3,1,Watch
9.63,63.45,67.41,33.7,0.73,25.39,22.44,23.0,0,Safe
17.08,110.54,65.95,40.11,0.56,27.23,20.48,22.2,0,Safe
57.11,209.0,85.4,51.32,2.74,86.73,16.15,100.0,3,Critical
2.93,16.27,26.53,33.58,0.51,14.34,26.12,0.0,0,Safe
4.74,16.73,27.15,29.92,0.2,12.22,26.8,0.1,0,Safe
37.66,30.88,46.93,31.22,0.52,25.37,21.23,10.5,0,Safe
17.51,84.87,65.68,40.82,0.48,26.97,17.79,22.4,0,Safe
118.74,340.3,93.88,45.95,4.44,64.79,10.04,98.2,3,Critical
1.97,2.97,38.69,34.98,0.18,7.59,22.76,0.0,0,Safe
24.0,92.93,66.59,28.45,0.44,37.96,15.23,20.1,0,Safe
1.56,15.22,24.83,21.18,0.22,12.64,22.08,4.9,0,Safe
10.76,55.39,53.61,19.04,0.69,32.1,20.87,7.2,0,Safe
14.75,84.48,65.01,30.83,1.08,20.48,17.77,14.5,0,Safe
20.22,62.97,74.64,29.27,1.19,32.22,21.1,20.9,0,Safe
25.22,140.22,77.51,37.06,1.83,47.37,14.27,46.1,1,Watch
0.04,1.69,31.68,40.23,0.24,9.73,24.49,5.0,0,Safe
1.9,0.06,37.82,34.99,0.26,6.87,22.57,0.0,0,Safe
19.03,32.14,67.39,35.12,0.36,34.33,18.5,25.4,0,Safe
1.54,22.05,14.6,30.08,0.11,15.76,24.55,2.6,0,Safe
0.69,0.71,43.04,30.91,0.41,10.0,26.0,0.0,0,Safe
6.28,12.39,33.02,23.98,0.35,9.05,26.32,7.4,0,Safe
108.32,226.17,96.35,45.59,3.17,82.42,15.63,100.0,3,Critical
5.58,16.79,42.6,27.24,0.48,3.74,18.97,4.3,0,Safe
0.55,8.71,27.64,27.31,0.18,16.46,25.23,3.6,0,Safe
45.04,49.9,58.66,36.03,1.1,27.96,28.81,25.2,0,Safe
3.52,17.23,36.49,29.75,0.26,17.12,21.55,5.0,0,Safe
2.66,6.61,25.96,24.02,0.55,11.56,29.15,3.3,0,Safe
8.11,24.47,23.17,24.58,0.47,6.29,21.38,5.5,0,Safe
92.27,257.54,87.66,36.85,3.64,82.87,16.15,92.7,3,Critical
37.07,127.35,81.4,46.77,0.95,55.32,17.43,60.2,2,Warning
1.79,10.72,45.38,30.51,0.59,6.84,24.43,4.2,0,Safe
0.27,16.13,22.45,42.94,0.41,12.86,25.76,0.0,0,Safe
0.53,19.78,46.45,22.87,0.48,9.4,28.25,2.3,0,Safe
52.72,205.16,79.94,37.32,1.55,23.44,15.39,43.7,1,Watch
23.3,181.89,74.36,36.91,1.37,42.65,11.74,46.3,1,Watch
46.32,101.03,72.09,33.64,0.52,14.52,21.59,20.5,0,Safe
86.07,352.05,98.26,36.32,2.9,58.07,11.62,75.4,2,Warning
8.47,16.39,22.09,23.03,0.14,10.54,19.45,0.0,0,Safe
18.05,71.91,69.74,33.42,1.17,29.47,16.95,23.4,0,Safe
55.15,115.84,87.25,46.69,1.82,63.22,9.74,73.9,2,Warning
10.57,97.73,51.42,35.43,1.04,23.37,22.62,16.9,0,Safe
72.59,133.83,85.34,34.6,1.52,52.26,18.57,54.7,1,Watch
117.52,205.32,92.61,48.63,3.61,82.33,17.34,100.0,3,Critical
4.26,12.74,26.34,28.75,0.41,8.66,21.97,0.0,0,Safe
4.16,22.85,41.14,28.8,0.11,7.83,23.92,4.6,0,Safe
0.46,1.45,35.44,35.84,0.52,6.22,23.29,0.0,0,Safe
50.1,188.2,82.76,44.49,1.64,36.88,13.83,60.0,2,Warning
2.16,23.81,28.6,29.73,0.6,13.7,21.08,4.0,0,Safe
5.78,67.98,59.0,30.71,0.35,28.98,16.22,15.2,0,Safe
4.0,23.34,41.32,22.93,0.15,16.87,24.9,5.0,0,Safe
36.45,201.02,75.02,35.68,1.93,54.12,12.68,58.3,1,Watch
1.07,5.34,44.52,36.83,0.11,8.34,30.28,0.0,0,Safe
9.53,93.74,65.46,27.31,0.81,23.78,17.99,18.3,0,Safe
13.92,89.56,65.1,33.99,0.34,23.16,19.86,17.9,0,Safe
3.26,21.06,22.87,32.68,0.11,13.04,26.5,5.2,0,Safe
22.71,143.94,67.25,37.45,1.33,43.85,17.79,41.3,1,Watch
44.3,177.79,69.54,37.24,1.96,66.14,16.31,64.2,2,Warning
15.27,39.96,55.77,31.45,0.71,47.5,15.69,25.4,0,Safe
23.46,78.19,64.1,32.47,1.05,25.79,21.63,16.2,0,Safe
118.71,366.76,95.83,47.92,4.62,65.7,12.4,100.0,3,Critical
4.48,10.41,33.02,27.8,0.45,10.89,16.89,5.1,0,Safe
35.83,116.59,60.52,36.29,1.03,39.71,19.25,31.5,1,Watch
31.57,168.66,68.96,33.08,0.84,41.28,15.6,41.5,1,Watch
2.39,1.83,38.0,29.62,0.52,7.57,18.24,3.0,0,Safe
5.1,11.93,31.59,30.26,0.34,4.1,26.28,2.2,0,Safe
0.87,73.03,51.02,25.06,0.61,30.51,19.55,12.6,0,Safe
45.21,187.47,83.27,44.27,1.1,62.69,13.46,71.5,2,Warning
75.11,118.82,81.18,33.42,0.8,62.67,14.17,58.1,1,Watch
121.09,262.68,98.16,36.36,2.16,64.91,16.29,81.4,3,Critical
60.05,321.91,88.26,47.77,2.24,66.36,10.92,95.5,3,Critical
53.71,123.8,85.91,43.2,1.38,40.39,10.64,56.3,1,Watch
45.77,124.38,86.49,27.35,0.98,53.37,17.54,41.3,1,Watch
0.67,16.95,32.56,20.8,0.16,16.6,20.68,0.0,0,Safe
1.45,18.28,39.56,18.33,0.45,8.55,28.77,3.2,0,Safe
61.85,114.48,83.22,33.21,0.44,28.74,16.52,34.3,1,Watch
2.36,7.92,30.84,33.96,0.43,13.76,31.18,1.9,0,Safe
91.82,245.08,85.74,40.29,3.22,78.71,13.06,99.4,3,Critical
21.89,92.0,58.27,39.47,0.57,29.19,15.39,23.8,0,Safe
5.52,1.5,33.92,25.4,0.33,12.82,24.08,0.0,0,Safe
3.68,5.12,40.37,27.06,0.17,11.69,29.94,0.0,0,Safe
3.28,13.64,35.68,32.12,0.44,9.77,18.52,2.1,0,Safe
0.51,6.07,36.14,25.34,0.44,9.13,25.11,0.8,0,Safe
2.96,20.79,41.15,37.14,0.18,8.6,29.56,0.0,0,Safe
4.67,10.93,44.9,21.86,0.58,10.4,18.23,2.4,0,Safe
57.88,190.46,81.65,46.51,1.74,37.47,15.28,67.2,2,Warning
84.37,266.86,94.42,42.25,3.99,57.83,13.6,88.5,3,Critical
0.28,9.6,38.83,28.99,0.44,1.88,16.71,2.1,0,Safe
19.38,109.55,41.96,34.41,0.41,25.09,18.91,19.8,0,Safe
53.2,101.1,49.93,16.97,0.91,26.27,20.14,21.9,0,Safe
65.83,342.6,93.09,39.67,4.42,76.72,14.86,90.0,3,Critical
49.79,148.47,83.21,28.25,1.13,49.43,15.62,42.4,1,Watch
5.39,56.97,72.22,19.47,0.53,13.65,14.09,6.5,0,Safe
15.57,56.0,60.98,35.45,0.41,23.9,20.39,17.3,0,Safe
26.87,153.58,70.59,33.38,1.27,42.19,19.06,38.5,1,Watch
66.92,288.69,88.4,47.94,3.42,91.75,17.49,100.0,3,Critical
42.03,149.29,88.92,24.71,1.35,52.98,20.5,37.0,1,Watch
6.93,24.33,38.25,28.56,0.27,5.68,26.76,1.6,0,Safe
1.66,3.5,34.58,15.89,0.18,7.19,19.41,0.0,0,Safe
42.93,42.58,55.24,37.13,0.51,28.28,16.59,17.3,0,Safe
1.12,11.23,30.18,20.08,0.22,11.38,31.8,3.5,0,Safe
13.47,10.29,26.89,22.98,0.16,10.33,22.97,5.6,0,Safe
3.81,10.83,38.62,27.41,0.15,14.4,23.31,1.6,0,Safe
1.52,23.52,47.83,19.78,0.33,10.54,30.45,1.4,0,Safe
2.29,18.82,44.59,34.26,0.52,15.62,22.87,4.2,0,Safe
64.63,154.11,75.04,44.0,0.89,47.17,12.15,65.4,2,Warning
5.49,22.69,25.33,37.8,0.25,6.04,29.99,2.3,0,Safe
49.39,189.49,78.03,39.62,1.39,33.51,14.56,48.3,1,Watch
3.37,16.6,46.73,29.98,0.22,10.4,23.28,0.0,0,Safe
3.49,12.63,25.18,30.88,0.22,12.98,27.75,3.4,0,Safe
5.62,5.26,36.15,22.83,0.11,6.64,18.94,0.0,0,Safe
37.87,64.19,68.04,32.82,0.79,20.3,23.26,16.7,0,Safe
9.91,67.49,52.74,32.55,0.94,21.55,18.16,13.7,0,Safe
14.35,115.35,46.15,37.82,0.39,25.88,15.69,21.0,0,Safe
0.97,12.65,30.32,27.8,0.49,9.68,26.99,8.6,0,Safe
18.35,10.75,38.31,24.41,0.26,7.76,22.74,4.5,0,Safe
4.47,7.69,34.13,31.77,0.49,7.86,22.49,4.2,0,Safe
10.05,67.03,63.05,22.84,0.93,27.83,20.25,5.1,0,Safe
3.23,12.39,33.32,35.5,0.41,13.9,21.74,0.0,0,Safe
17.55,33.92,73.37,39.32,0.79,25.61,18.39,18.3,0,Safe
0.06,12.96,28.2,40.46,0.51,9.88,25.98,0.0,0,Safe
37.17,126.75,80.86,38.69,1.97,44.6,14.18,55.6,1,Watch
3.34,15.85,31.1,30.02,0.26,12.66,27.1,0.0,0,Safe
40.05,36.42,61.36,23.22,0.77,39.9,19.08,24.4,0,Safe
0.06,24.57,33.15,27.57,0.42,14.2,23.21,3.1,0,Safe
39.91,147.24,80.68,37.07,1.42,37.7,16.39,46.3,1,Watch
0.88,2.52,41.03,20.81,0.25,4.9,22.54,0.0,0,Safe
10.86,34.6,58.7,30.15,0.9,39.22,20.65,19.0,0,Safe
1.22,7.45,33.84,44.74,0.49,5.93,24.43,1.5,0,Safe
76.63,214.25,82.98,44.19,1.34,41.65,20.1,67.8,2,Warning
0.18,11.38,21.62,29.27,0.12,7.1,24.32,1.8,0,Safe
12.26,22.38,41.39,31.13,0.18,3.34,20.26,4.3,0,Safe
118.25,256.9,86.36,44.23,4.76,91.33,14.53,100.0,3,Critical
61.81,125.89,73.81,38.43,1.65,41.65,20.42,57.9,1,Watch
6.34,4.07,30.53,39.09,0.31,21.06,22.52,3.2,0,Safe
2.78,8.38,39.08,29.54,0.1,10.53,27.59,2.5,0,Safe
1.07,16.6,47.47,19.73,0.3,13.07,17.27,1.2,0,Safe
34.29,38.55,60.28,41.36,0.92,32.54,23.2,25.9,0,Safe
0.75,21.83,47.08,31.26,0.24,12.21,23.2,4.4,0,Safe
1.13,22.72,42.21,40.19,0.29,9.98,23.92,5.3,0,Safe
2.18,5.4,19.96,28.02,0.57,8.17,23.98,0.0,0,Safe
0.39,9.79,34.34,24.8,0.37,11.87,26.75,3.5,0,Safe
24.73,90.24,53.51,35.5,0.51,28.76,23.21,23.7,0,Safe
15.31,44.2,73.07,35.17,0.7,21.08,18.19,18.8,0,Safe
56.19,189.59,77.85,36.44,0.88,45.45,18.71,55.9,1,Watch
36.31,101.8,61.81,22.53,0.68,40.63,22.38,19.0,0,Safe
59.79,131.36,80.12,27.94,1.17,51.54,16.87,37.9,1,Watch
32.24,153.18,71.95,36.7,1.89,48.87,18.48,42.1,1,Watch
8.18,112.04,57.82,39.94,0.6,25.33,16.13,20.4,0,Safe
7.89,43.72,77.45,29.8,0.54,16.2,22.13,9.9,0,Safe
39.29,144.58,83.27,38.32,1.87,52.38,17.95,61.2,2,Warning
26.44,136.0,78.53,38.52,1.58,29.01,14.15,37.6,1,Watch
0.21,9.91,32.54,28.81,0.39,6.34,22.38,0.0,0,Safe
3.34,15.02,45.18,31.94,0.35,11.57,24.01,3.3,0,Safe
0.46,13.34,29.63,17.17,0.44,6.07,23.01,0.0,0,Safe
2.56,19.76,35.15,42.82,0.17,13.92,21.14,3.9,0,Safe
31.38,148.01,72.92,31.92,1.76,36.82,18.29,42.2,1,Watch
50.66,92.43,62.0,34.15,0.7,31.95,17.85,29.5,0,Safe
0.19,13.6,33.78,32.6,0.45,5.11,32.25,4.5,0,Safe
7.02,49.64,57.06,33.66,0.53,25.09,18.62,9.3,0,Safe
1.38,1.88,29.82,26.31,0.2,13.05,28.39,0.0,0,Safe
0.84,12.35,23.94,33.78,0.3,17.9,27.52,0.0,0,Safe
11.05,102.94,65.68,36.26,0.79,26.26,15.82,22.1,0,Safe
109.76,209.18,93.26,48.8,2.66,82.3,13.94,100.0,3,Critical
31.81,40.92,76.15,32.51,0.33,28.28,17.53,19.9,0,Safe
20.31,82.27,54.22,38.76,1.15,21.37,16.21,25.2,0,Safe
9.42,32.52,82.38,24.47,0.67,28.34,21.05,7.0,0,Safe
62.38,192.04,80.1,38.08,1.85,50.64,12.38,71.8,2,Warning
10.1,108.51,58.27,28.08,0.68,33.05,19.74,18.8,0,Safe
4.66,5.31,33.89,33.4,0.13,10.56,22.08,1.5,0,Safe
0.43,3.29,49.78,34.98,0.11,1.65,22.21,0.0,0,Safe
89.84,196.43,91.92,57.81,2.66,53.99,10.13,100.0,3,Critical
32.49,217.21,83.37,41.54,1.31,35.52,12.22,42.3,1,Watch
5.7,24.97,33.55,29.89,0.16,9.62,20.79,5.3,0,Safe
1.22,7.63,47.3,34.26,0.19,6.99,28.11,2.2,0,Safe
3.96,4.26,29.83,39.58,0.37,6.76,23.42,0.0,0,Safe
98.11,252.41,87.26,53.25,2.53,89.63,12.61,100.0,3,Critical
9.77,88.77,64.3,36.24,1.03,23.27,21.65,19.9,0,Safe
2.74,20.22,39.16,27.23,0.21,13.4,26.64,2.3,0,Safe
0.18,0.62,41.99,22.35,0.52,1.8,21.86,1.3,0,Safe
0.82,1.96,27.77,21.05,0.52,10.86,22.94,3.2,0,Safe
9.29,40.45,63.31,27.84,1.14,28.47,18.48,17.7,0,Safe
0.99,9.87,45.64,21.13,0.24,9.39,30.03,1.3,0,Safe
69.51,176.93,78.27,44.53,1.38,39.71,13.39,59.9,1,Watch
76.99,357.23,85.92,54.08,4.04,67.03,12.28,100.0,3,Critical
3.2,21.08,22.81,30.06,0.43,12.98,19.52,6.4,0,Safe
60.72,154.39,77.1,34.18,1.91,46.46,17.79,56.5,1,Watch
0.18,8.0,28.28,33.53,0.22,12.56,34.14,1.9,0,Safe
28.11,72.08,54.43,29.03,0.35,31.69,20.05,24.3,0,Safe
15.33,111.63,58.35,37.35,0.62,29.24,16.42,27.4,0,Safe
28.1,189.67,79.71,37.98,1.09,53.3,17.21,52.1,1,Watch
0.22,12.53,28.08,25.29,0.38,8.41,14.65,2.8,0,Safe
98.07,201.71,94.11,47.51,3.74,57.5,14.76,98.8,3,Critical
24.58,160.62,65.22,39.76,1.43,30.26,13.24,39.6,1,Watch
3.48,2.92,31.89,25.31,0.55,5.34,22.63,0.0,0,Safe
0.97,21.96,33.28,24.15,0.36,6.92,25.39,3.6,0,Safe
93.5,233.83,97.11,55.26,3.05,68.47,15.15,100.0,3,Critical
55.71,156.96,85.46,42.81,0.9,43.71,10.07,53.8,1,Watch
5.07,17.35,41.82,34.39,0.12,6.29,22.53,0.0,0,Safe
21.6,89.15,42.01,35.94,0.82,23.17,23.02,17.4,0,Safe
3.28,10.95,22.05,28.29,0.5,8.66,26.34,3.9,0,Safe
36.29,207.55,88.66,39.94,1.79,35.59,11.35,54.9,1,Watch
0.13,8.56,28.33,21.43,0.26,13.06,29.79,0.9,0,Safe
0.16,15.79,29.65,35.61,0.42,10.62,25.85,5.2,0,Safe
75.46,235.96,90.28,43.05,2.43,68.06,12.82,90.6,3,Critical
0.3,18.34,35.06,34.97,0.16,5.73,16.93,1.1,0,Safe
47.72,51.6,78.64,38.96,1.02,18.06,15.69,27.3,0,Safe
23.37,73.89,56.81,39.28,0.51,28.39,19.49,27.2,0,Safe
2.39,3.01,24.72,28.98,0.48,14.22,26.03,0.0,0,Safe
122.55,351.47,96.43,51.72,2.82,74.85,13.95,100.0,3,Critical
28.34,47.42,75.68,37.98,0.81,32.92,17.05,23.2,0,Safe
57.53,117.8,76.99,42.06,0.89,35.04,16.23,48.6,1,Watch
5.05,104.33,50.02,38.28,0.71,24.75,22.37,17.8,0,Safe
0.02,6.63,45.77,34.29,0.44,5.66,31.73,0.0,0,Safe
3.28,20.66,24.77,30.89,0.14,4.3,19.47,4.7,0,Safe
74.72,63.35,63.16,23.53,0.45,29.03,21.53,20.7,0,Safe
0.05,19.99,42.26,27.08,0.47,1.65,21.71,0.2,0,Safe
2.25,3.03,45.03,13.0,0.43,12.54,25.54,3.6,0,Safe
4.01,14.02,52.08,29.72,0.27,12.18,22.02,1.2,0,Safe
27.14,53.38,54.31,26.21,0.68,36.6,20.32,21.9,0,Safe
46.38,112.35,80.83,44.87,0.94,46.68,18.56,51.9,1,Watch
110.36,180.11,71.71,37.32,1.43,46.78,19.03,57.4,1,Watch
19.61,98.45,55.79,35.97,0.88,30.22,18.05,24.3,0,Safe
127.65,231.86,92.46,56.21,4.54,84.75,15.65,100.0,3,Critical
53.51,124.23,72.03,43.7,1.55,52.27,13.2,57.0,1,Watch
32.39,85.07,56.81,34.45,0.43,21.06,18.94,16.3,0,Safe
0.22,0.71,46.56,38.64,0.5,7.25,24.32,1.9,0,Safe
89.6,209.22,70.2,38.44,1.36,45.88,16.14,60.7,2,Warning
0.77,2.65,26.79,25.52,0.59,17.73,21.75,0.0,0,Safe
11.28,65.22,56.34,43.17,0.53,30.37,15.15,21.0,0,Safe
25.44,57.17,62.44,40.24,0.8,34.65,16.83,23.7,0,Safe
49.17,100.64,54.06,25.49,0.56,27.06,21.52,25.6,0,Safe
57.79,233.98,88.29,52.59,3.98,54.36,15.24,98.8,3,Critical
8.28,48.93,63.14,30.7,0.55,27.66,19.83,12.5,0,Safe
89.22,312.69,90.37,45.76,2.76,69.37,17.39,98.8,3,Critical
109.17,228.61,96.07,52.13,3.03,62.67,16.93,100.0,3,Critical
121.15,349.99,94.95,46.34,2.88,70.04,16.87,100.0,3,Critical
36.55,123.09,91.73,38.24,1.93,45.75,13.42,52.0,1,Watch
0.22,10.41,43.69,16.8,0.51,9.05,25.82,2.0,0,Safe
4.06,3.59,27.07,30.74,0.3,13.19,25.33,4.7,0,Safe
1.04,10.35,42.4,21.41,0.32,2.46,26.55,3.7,0,Safe
70.67,369.38,87.98,45.1,3.17,57.28,18.2,89.1,3,Critical
0.29,2.28,34.67,23.87,0.19,8.14,31.67,1.0,0,Safe
37.68,124.65,72.47,31.64,1.15,45.52,15.05,34.7,1,Watch
0.52,24.73,31.95,19.4,0.17,10.37,25.77,2.2,0,Safe
15.88,58.99,82.13,34.76,1.16,36.94,18.96,30.7,1,Watch
5.96,21.94,32.48,39.15,0.24,2.25,19.55,2.5,0,Safe
14.21,91.05,67.0,39.94,0.7,26.34,21.25,25.7,0,Safe
95.06,201.53,76.58,42.0,1.1,51.75,20.42,73.4,2,Warning
32.18,49.09,62.94,29.44,0.85,15.1,19.23,15.9,0,Safe
16.21,68.55,52.89,30.28,0.37,8.68,21.68,10.4,0,Safe
0.42,24.06,35.42,26.84,0.17,10.25,22.29,3.3,0,Safe
0.24,9.58,40.34,32.87,0.24,0.71,27.32,5.2,0,Safe
25.94,99.1,46.82,34.87,0.86,28.04,23.68,25.5,0,Safe
62.77,148.86,87.83,52.65,1.57,50.83,26.48,80.5,3,Critical
4.15,4.99,31.7,35.15,0.41,12.78,22.26,1.0,0,Safe
1.35,19.46,42.73,32.73,0.21,4.14,27.39,0.0,0,Safe
4.32,21.18,34.22,18.76,0.57,7.98,14.26,7.8,0,Safe
20.09,109.58,59.4,42.77,0.49,29.53,19.43,33.4,1,Watch
21.4,200.91,83.79,38.48,1.68,51.59,17.89,56.7,1,Watch
19.7,83.65,78.5,36.65,0.79,29.06,22.88,31.7,1,Watch
47.29,119.34,74.67,35.98,0.83,43.45,22.96,38.7,1,Watch
1.59,15.12,44.44,38.51,0.25,12.67,21.93,2.9,0,Safe
40.07,168.64,77.2,43.1,1.19,50.5,13.05,60.1,2,Warning
1.22,18.01,36.93,22.4,0.43,3.08,18.72,1.5,0,Safe
20.41,75.15,56.39,27.65,1.18,30.89,24.64,18.5,0,Safe
61.14,132.82,76.66,31.56,1.03,46.23,18.4,40.8,1,Watch
68.27,114.58,75.36,31.01,1.47,32.05,16.49,43.8,1,Watch
38.71,92.26,53.74,30.62,1.15,17.79,20.3,20.0,0,Safe
4.29,1.63,37.44,39.07,0.15,10.58,19.7,1.9,0,Safe
1.83,16.76,29.59,25.9,0.39,15.07,27.74,0.0,0,Safe
1.39,20.25,26.67,22.03,0.45,7.89,25.55,2.8,0,Safe
32.82,171.11,73.68,45.69,1.82,39.69,11.48,56.6,1,Watch
48.27,196.89,75.53,29.6,1.39,48.68,13.9,43.4,1,Watch
59.11,301.58,97.9,51.34,2.31,83.87,15.86,100.0,3,Critical
9.62,112.35,60.78,39.8,0.43,30.75,14.84,24.8,0,Safe
61.99,210.42,81.14,34.85,0.86,39.35,10.55,52.2,1,Watch
0.64,6.3,44.25,24.23,0.26,13.99,18.37,3.8,0,Safe
92.27,375.53,95.46,45.72,3.04,82.43,14.12,100.0,3,Critical
42.51,179.81,77.3,39.62,0.92,33.86,13.32,45.0,1,Watch
7.27,79.38,78.5,37.82,0.66,35.67,21.2,23.3,0,Safe
24.93,116.0,70.06,42.9,0.9,26.91,23.99,29.4,0,Safe
4.65,2.19,39.62,32.57,0.55,10.47,22.32,2.4,0,Safe
8.51,11.31,30.44,37.89,0.56,5.54,26.67,2.1,0,Safe
0.2,14.77,43.58,25.7,0.56,8.54,26.83,3.4,0,Safe
128.91,233.88,95.15,40.55,2.82,58.63,9.85,81.4,3,Critical
6.0,11.09,31.02,19.41,0.56,15.62,23.98,0.0,0,Safe
17.73,53.04,61.65,26.25,0.55,29.2,18.0,9.7,0,Safe
51.08,96.56,55.56,37.48,0.7,30.42,16.84,32.0,1,Watch
31.12,124.05,83.03,44.57,1.36,30.45,11.64,45.1,1,Watch
51.18,93.33,57.07,38.0,0.47,20.71,20.51,24.9,0,Safe
51.09,139.44,85.05,31.29,1.47,30.7,17.63,34.4,1,Watch
62.41,52.46,65.77,38.84,0.95,19.21,19.35,28.6,0,Safe
2.2,19.71,36.36,11.3,0.35,4.92,21.95,0.0,0,Safe
28.97,62.76,58.2,36.42,1.17,29.75,21.77,24.6,0,Safe
23.76,109.41,72.31,32.6,0.96,33.0,23.1,31.9,1,Watch
9.86,35.95,49.71,33.04,0.95,26.89,24.15,9.9,0,Safe
28.76,83.34,56.48,21.28,1.14,19.3,19.85,13.1,0,Safe
2.15,13.85,28.76,35.88,0.15,11.2,19.96,0.0,0,Safe
32.96,86.19,64.13,32.36,0.62,18.66,22.33,17.2,0,Safe
42.05,99.15,77.35,30.16,0.4,37.75,19.31,28.8,0,Safe
14.89,56.57,48.31,28.25,1.11,19.99,19.89,11.5,0,Safe
24.68,59.07,69.44,31.95,0.51,30.31,20.74,18.2,0,Safe
24.48,124.95,76.28,32.84,1.19,42.91,18.03,36.3,1,Watch
0.65,12.44,34.63,40.06,0.6,5.55,27.68,0.0,0,Safe
24.5,36.36,63.81,20.94,1.06,35.18,14.41,18.1,0,Safe
4.05,5.5,30.29,40.56,0.55,7.8,22.65,3.0,0,Safe
1.39,19.67,41.03,29.9,0.56,13.26,21.42,7.5,0,Safe
40.4,44.05,55.16,20.3,0.73,34.8,20.3,13.2,0,Safe
12.6,48.34,65.31,27.52,0.69,24.67,21.12,14.6,0,Safe
94.42,270.92,91.24,44.63,1.84,70.2,21.17,95.4,3,Critical
0.46,3.96,19.84,27.09,0.18,13.41,24.46,0.0,0,Safe
0.75,23.04,34.35,37.92,0.27,8.51,15.92,0.0,0,Safe
71.08,211.44,88.04,38.03,3.33,87.03,11.5,90.9,3,Critical
82.2,239.84,88.77,40.31,2.88,52.0,14.69,81.1,3,Critical
20.64,49.42,58.92,32.39,1.01,31.29,20.85,18.7,0,Safe
74.34,198.71,77.64,27.22,1.36,36.92,13.52,45.0,1,Watch
0.7,13.33,24.68,19.54,0.55,3.88,23.75,2.9,0,Safe
6.9,54.91,59.55,30.98,0.95,30.49,24.04,14.3,0,Safe
55.39,241.09,97.48,54.78,2.55,90.28,15.82,100.0,3,Critical
1.31,9.98,26.04,31.57,0.49,11.7,15.26,6.7,0,Safe
57.68,374.78,98.42,49.88,3.76,67.59,14.56,100.0,3,Critical
44.6,104.3,65.81,33.83,1.19,15.02,17.77,26.0,0,Safe
125.49,335.97,85.72,40.4,3.35,57.51,16.3,83.4,3,Critical
20.95,48.16,72.94,36.83,0.51,20.9,17.32,18.6,0,Safe
3.15,24.96,29.93,25.53,0.5,13.25,24.69,1.5,0,Safe
17.63,37.42,53.93,27.97,0.85,33.76,16.99,17.9,0,Safe
87.71,226.6,85.12,54.34,4.77,64.87,13.87,100.0,3,Critical
0.59,24.67,56.18,24.02,0.5,8.22,24.19,2.2,0,Safe
10.69,32.74,68.14,27.07,0.91,22.0,22.06,8.1,0,Safe
2.43,12.67,32.87,24.47,0.51,14.14,22.32,2.5,0,Safe
3.61,15.38,28.81,33.8,0.41,7.83,25.14,5.8,0,Safe
0.34,12.86,39.49,27.68,0.37,3.2,20.27,0.0,0,Safe
0.14,9.28,31.1,20.35,0.56,8.26,20.96,0.0,0,Safe
1.98,20.89,40.44,38.76,0.44,4.75,25.54,2.5,0,Safe
101.31,170.35,83.8,39.9,1.56,49.95,15.88,66.2,2,Warning
101.35,192.8,93.22,43.22,2.71,85.61,14.18,97.3,3,Critical
3.62,7.27,37.16,19.76,0.26,10.44,23.71,6.5,0,Safe
24.07,98.33,63.36,40.48,0.67,29.04,20.93,29.5,0,Safe
7.1,11.39,35.91,41.73,0.2,14.48,28.01,7.2,0,Safe
32.98,163.59,83.69,38.22,1.29,42.54,19.14,46.9,1,Watch
2.76,0.01,38.75,30.1,0.12,6.73,23.36,4.5,0,Safe
43.15,69.23,49.65,42.06,0.72,30.56,13.35,34.0,1,Watch
50.4,149.8,84.66,39.65,1.47,43.41,20.33,56.7,1,Watch
40.08,203.0,78.87,27.58,1.23,20.47,16.62,32.2,1,Watch
10.69,42.91,63.21,39.5,0.55,33.71,18.58,26.6,0,Safe
105.07,199.71,71.08,40.21,1.73,39.3,15.55,61.1,2,Warning
6.37,12.32,40.82,26.18,0.11,11.45,24.48,2.7,0,Safe
0.78,2.14,31.49,29.01,0.5,5.8,20.81,0.0,0,Safe
1.94,12.13,31.34,27.15,0.3,12.16,18.04,5.3,0,Safe
38.84,129.8,75.3,37.4,1.99,47.41,20.7,51.8,1,Watch
10.7,23.52,27.6,20.06,0.56,10.08,17.02,3.7,0,Safe
0.69,7.54,16.67,28.76,0.3,11.05,23.84,1.6,0,Safe
15.4,208.02,79.64,32.91,1.23,32.33,17.41,34.4,1,Watch
40.21,114.98,67.92,26.86,0.4,36.48,19.64,24.7,0,Safe
112.2,379.44,89.49,39.95,4.35,74.52,10.39,95.9,3,Critical
66.0,304.9,89.89,45.66,3.51,76.44,11.49,100.0,3,Critical
1.61,16.04,46.06,25.94,0.54,8.28,19.59,3.1,0,Safe
3.57,9.41,47.47,37.52,0.13,7.99,28.49,1.8,0,Safe
4.45,9.94,31.08,21.04,0.37,10.49,17.74,0.0,0,Safe
2.24,9.34,27.93,27.8,0.46,7.43,26.97,0.7,0,Safe
91.02,170.72,78.66,31.57,1.89,45.08,16.08,52.7,1,Watch
32.48,57.45,44.16,40.29,0.59,28.79,19.29,23.9,0,Safe
101.42,326.68,95.39,56.19,2.93,52.74,11.27,100.0,3,Critical
6.59,54.14,70.09,35.22,1.03,22.38,20.18,16.0,0,Safe
56.26,99.25,66.99,29.06,0.72,25.71,15.63,23.8,0,Safe
9.66,5.77,26.43,28.48,0.48,7.27,19.0,4.3,0,Safe
56.42,301.79,95.52,46.53,3.62,83.55,16.08,100.0,3,Critical
10.18,63.8,54.2,27.16,0.86,18.53,20.15,9.3,0,Safe
30.97,115.05,78.62,20.97,0.36,30.74,22.19,15.1,0,Safe
5.36,52.47,73.53,34.82,0.73,30.71,23.5,24.3,0,Safe
26.81,80.51,57.55,32.26,0.49,21.13,14.81,18.7,0,Safe
77.09,366.88,91.16,46.76,4.05,81.72,18.93,100.0,3,Critical
10.32,66.33,52.81,34.48,0.97,39.69,18.01,26.3,0,Safe
1.84,22.68,37.01,14.96,0.21,10.5,21.78,0.0,0,Safe
57.24,158.5,76.24,41.16,1.63,51.66,13.47,62.3,2,Warning
0.38,17.89,34.13,34.14,0.36,6.01,24.28,2.8,0,Safe
4.61,4.67,30.67,28.43,0.38,10.22,26.65,0.9,0,Safe
8.56,116.22,55.71,42.68,0.32,28.33,15.75,29.1,0,Safe
19.54,101.73,67.7,25.44,0.82,22.03,16.05,14.8,0,Safe
56.61,295.65,88.83,47.77,3.21,83.35,11.65,100.0,3,Critical
18.09,36.57,59.07,35.06,0.71,32.15,16.76,23.6,0,Safe
1.41,0.58,42.27,19.6,0.35,10.98,29.02,0.0,0,Safe
54.75,224.06,87.31,55.67,4.15,83.04,18.14,100.0,3,Critical
56.07,218.17,71.54,40.88,1.39,46.51,13.49,59.3,1,Watch
0.14,16.59,24.31,26.89,0.29,9.91,22.68,0.0,0,Safe
81.36,255.83,91.79,51.97,1.94,77.67,17.74,100.0,3,Critical
32.53,110.32,68.42,34.0,0.67,33.79,19.02,29.9,0,Safe
31.21,64.82,68.21,31.38,0.55,23.58,16.24,16.6,0,Safe
94.94,186.87,70.8,44.56,1.69,43.17,16.56,72.4,2,Warning
40.6,30.74,66.12,23.95,0.83,38.41,17.52,24.1,0,Safe
46.13,138.84,80.49,36.59,1.05,57.47,19.92,54.5,1,Watch
23.02,102.58,52.3,42.78,1.16,33.63,14.46,27.3,0,Safe
5.68,20.19,22.14,20.43,0.35,10.01,21.44,0.0,0,Safe
2.96,4.26,32.65,28.26,0.15,15.81,25.25,0.0,0,Safe
0.71,8.3,28.98,23.72,0.24,12.67,19.18,0.8,0,Safe
1.61,7.41,50.5,39.14,0.34,10.86,27.72,1.8,0,Safe
0.71,9.85,39.13,37.62,0.36,6.26,30.28,0.9,0,Safe
23.84,195.54,72.66,40.09,1.69,48.31,14.8,58.0,1,Watch
51.76,85.35,65.78,31.86,0.44,39.02,24.34,30.1,1,Watch
8.22,43.56,61.36,21.18,1.05,24.92,14.25,8.7,0,Safe
59.48,141.66,65.56,32.15,1.86,34.54,12.56,42.0,1,Watch
66.98,214.84,82.28,30.12,1.52,53.04,17.53,54.6,1,Watch
9.31,91.07,65.35,27.7,0.71,18.18,22.51,14.7,0,Safe
17.3,119.41,54.25,20.61,0.57,23.4,18.99,14.7,0,Safe
23.48,81.03,76.7,31.4,0.56,34.26,19.1,26.8,0,Safe
60.96,240.14,86.21,42.7,2.86,52.47,12.62,76.5,2,Warning
19.27,91.37,58.92,32.49,1.14,33.61,21.97,21.9,0,Safe
20.16,109.32,68.28,35.15,0.46,28.98,22.21,25.0,0,Safe
23.49,92.31,64.98,33.15,1.12,33.53,19.68,23.5,0,Safe
23.62,66.63,61.25,26.26,0.86,33.65,22.11,18.4,0,Safe
0.41,7.01,40.36,37.04,0.26,5.85,17.16,0.0,0,Safe
8.42,69.73,50.36,22.05,1.08,28.83,23.02,12.2,0,Safe
7.93,3.26,29.55,32.97,0.29,13.07,23.53,2.9,0,Safe
36.04,137.45,71.78,31.46,1.05,49.58,17.16,40.3,1,Watch
52.25,145.7,76.33,34.6,1.7,37.92,16.17,46.8,1,Watch
52.71,198.03,75.95,44.73,1.61,39.26,13.62,58.2,1,Watch
4.3,9.11,31.21,18.65,0.37,11.28,20.78,0.3,0,Safe
16.37,44.52,62.01,33.97,0.8,33.33,17.69,20.0,0,Safe
0.21,22.78,31.63,28.37,0.33,8.05,21.38,0.0,0,Safe
9.17,18.86,36.08,10.18,0.25,11.58,16.44,7.8,0,Safe
28.82,59.1,63.88,31.31,0.5,33.43,17.23,23.2,0,Safe
37.0,112.24,72.5,36.92,0.95,41.64,15.51,39.0,1,Watch
2.34,22.89,37.9,30.0,0.49,3.77,18.59,5.9,0,Safe
82.77,122.18,75.08,47.36,1.42,50.22,19.72,72.1,2,Warning
0.56,8.02,28.45,35.83,0.3,14.97,22.09,0.0,0,Safe
1.7,5.53,30.42,45.93,0.46,8.82,31.24,0.0,0,Safe
0.32,18.01,33.88,40.29,0.28,4.17,23.71,0.8,0,Safe
0.34,21.54,37.13,25.37,0.53,9.0,27.43,1.0,0,Safe
2.35,22.1,38.56,28.39,0.27,13.25,19.71,4.5,0,Safe
42.11,57.25,64.74,37.28,0.4,26.35,18.75,27.0,0,Safe
3.04,23.33,41.39,17.69,0.48,6.95,31.57,7.4,0,Safe
15.19,117.34,53.16,32.37,1.03,17.29,22.35,16.9,0,Safe
2.35,20.86,25.27,33.09,0.13,14.48,25.64,1.2,0,Safe
0.91,0.17,54.41,33.1,0.31,9.63,22.19,7.1,0,Safe
9.43,78.76,70.21,38.31,0.94,33.5,20.46,22.2,0,Safe
40.66,89.97,65.53,39.01,1.09,39.68,23.06,33.8,1,Watch
5.34,19.95,23.53,21.65,0.52,4.8,21.64,9.1,0,Safe
2.47,7.01,25.72,22.27,0.37,4.25,29.67,0.4,0,Safe
2.71,18.88,30.51,34.97,0.15,7.49,18.82,1.4,0,Safe
2.49,21.92,38.53,28.11,0.56,14.26,24.38,0.0,0,Safe
84.73,346.95,89.15,48.02,2.22,73.7,13.73,100.0,3,Critical
43.64,44.2,60.97,24.93,1.19,28.51,21.81,20.8,0,Safe
5.37,17.0,30.3,16.33,0.58,13.76,18.53,4.4,0,Safe
33.98,163.95,74.78,34.7,1.2,42.23,14.36,44.3,1,Watch
3.18,21.54,41.46,32.35,0.5,13.57,19.36,0.6,0,Safe
2.34,60.5,80.63,27.54,0.98,21.55,12.42,14.0,0,Safe
69.62,164.06,83.1,35.87,1.79,41.35,15.2,60.2,2,Warning
26.83,144.65,70.66,29.93,1.34,45.83,16.57,36.0,1,Watch
29.32,109.9,45.65,33.38,0.5,10.68,22.93,13.2,0,Safe
12.55,75.94,63.43,31.11,1.17,36.27,22.61,23.2,0,Safe
2.59,58.46,61.06,38.76,0.8,32.3,12.97,21.0,0,Safe
22.14,45.61,66.03,36.53,1.14,24.33,15.36,19.1,0,Safe
27.21,39.97,68.06,38.64,1.01,29.33,19.01,27.2,0,Safe
33.11,37.93,80.05,37.99,1.06,25.27,18.28,23.8,0,Safe
113.44,266.77,97.82,39.08,3.81,89.6,14.0,100.0,3,Critical
43.36,31.82,57.23,35.48,1.15,26.09,21.08,22.6,0,Safe
37.89,115.13,77.85,39.81,1.4,43.91,15.96,40.2,1,Watch
50.19,40.34,62.96,24.12,0.9,31.72,17.58,21.6,0,Safe
0.78,18.71,38.22,22.73,0.52,9.21,23.93,0.4,0,Safe
20.99,110.67,54.84,25.18,1.11,40.66,20.2,21.2,0,Safe
0.3,4.54,32.95,37.92,0.39,7.22,22.67,3.1,0,Safe
44.44,128.1,81.19,46.85,1.87,35.13,17.8,57.4,1,Watch
38.31,42.79,66.03,36.03,1.01,39.12,18.83,36.3,1,Watch
0.31,6.63,39.71,21.8,0.35,22.53,25.57,0.0,0,Safe
34.71,169.96,69.88,44.57,1.7,38.6,11.83,51.3,1,Watch
4.22,1.89,36.31,34.25,0.23,11.29,24.7,0.9,0,Safe
2.08,16.37,30.16,15.91,0.59,12.7,23.03,3.9,0,Safe
6.34,6.06,46.67,40.36,0.53,8.1,20.95,2.9,0,Safe
3.67,65.51,68.99,27.92,0.7,17.94,22.68,9.8,0,Safe
22.75,55.54,57.5,36.82,0.42,29.28,20.35,20.6,0,Safe
6.24,20.35,35.22,16.91,0.3,12.99,21.26,0.0,0,Safe
47.98,60.57,74.06,31.08,0.36,29.22,15.58,23.2,0,Safe
79.55,139.56,81.52,26.84,1.63,61.52,18.87,47.5,1,Watch
17.85,86.29,55.06,29.9,0.43,22.18,15.55,16.5,0,Safe
33.97,77.82,70.74,30.31,1.1,28.7,16.81,24.2,0,Safe
2.85,15.94,35.25,24.32,0.22,11.48,21.44,0.0,0,Safe
25.71,58.03,57.56,36.27,0.72,37.35,17.55,22.8,0,Safe
1.85,21.69,26.66,34.33,0.41,10.97,23.51,0.4,0,Safe
32.36,200.04,73.63,32.19,0.82,50.26,14.01,49.3,1,Watch
0.29,2.82,18.51,29.02,0.33,10.58,21.43,0.0,0,Safe
9.51,101.47,58.59,31.02,0.32,21.23,18.19,12.7,0,Safe
41.18,177.31,83.1,44.0,1.7,44.95,19.68,59.7,1,Watch
41.79,113.37,68.03,34.69,0.99,34.36,18.67,35.2,1,Watch
4.79,2.15,38.57,30.9,0.43,13.06,18.42,1.1,0,Safe
28.47,34.8,52.69,30.58,1.14,30.06,17.4,21.2,0,Safe
22.11,106.53,75.32,36.0,1.15,34.51,18.64,33.7,1,Watch
0.04,12.94,35.91,30.34,0.18,11.75,31.15,2.1,0,Safe
43.76,58.42,70.1,40.06,1.0,28.23,25.35,32.2,1,Watch
34.05,80.15,42.05,32.74,0.91,26.59,23.01,20.4,0,Safe
80.54,315.84,88.79,38.01,2.76,59.19,11.83,80.9,3,Critical
0.33,23.44,28.9,25.78,0.3,2.01,27.13,1.5,0,Safe
1.28,22.63,38.33,37.64,0.24,7.05,27.21,3.7,0,Safe
0.06,6.59,33.41,30.53,0.42,18.26,24.51,0.0,0,Safe
23.84,37.46,71.0,23.69,0.47,22.4,19.77,13.4,0,Safe
4.44,2.23,26.75,39.82,0.25,11.79,29.76,0.0,0,Safe
127.2,366.21,97.12,49.53,4.56,78.4,15.22,100.0,3,Critical
35.13,120.17,81.15,40.94,1.04,43.53,17.6,45.2,1,Watch
1.96,21.75,39.43,36.69,0.5,0.0,15.97,0.0,0,Safe
3.62,7.68,43.76,25.89,0.56,12.65,19.77,5.3,0,Safe
38.22,68.7,69.14,34.48,0.34,20.47,22.61,17.3,0,Safe
17.62,59.14,65.27,38.52,0.45,34.2,18.65,25.1,0,Safe
58.86,299.62,93.87,42.38,4.66,68.82,9.99,95.0,3,Critical
0.99,15.67,29.02,27.58,0.31,13.06,31.16,0.0,0,Safe
4.91,14.9,34.35,37.81,0.23,6.57,21.37,4.4,0,Safe
22.2,158.68,80.33,45.63,1.25,17.89,17.76,36.5,1,Watch
109.08,375.26,88.08,45.61,2.9,69.29,8.72,98.0,3,Critical
24.31,76.04,53.95,34.54,0.38,15.47,18.69,14.6,0,Safe
19.29,78.13,74.72,43.02,0.48,31.32,23.91,32.7,1,Watch
1.25,11.99,23.51,18.34,0.58,14.08,29.38,1.8,0,Safe
4.32,23.67,31.9,27.07,0.55,7.94,27.48,5.9,0,Safe
7.51,97.54,56.26,30.79,0.69,27.89,22.92,17.9,0,Safe
80.04,209.53,78.02,43.53,1.9,49.76,12.83,79.3,2,Warning
0.76,18.01,20.5,36.63,0.17,5.14,23.23,0.0,0,Safe
40.52,186.05,77.78,35.69,1.41,45.38,16.77,55.0,1,Watch
29.59,203.11,87.78,55.36,1.64,36.3,15.58,68.7,2,Warning
12.2,94.85,81.68,27.85,0.81,22.41,12.8,15.7,0,Safe
0.96,1.49,28.14,24.03,0.14,8.89,25.14,1.1,0,Safe
3.32,11.49,43.2,28.5,0.22,9.01,23.54,0.0,0,Safe
58.78,276.47,90.07,46.18,2.5,67.43,14.47,85.6,3,Critical
116.2,222.45,92.37,42.9,3.73,61.15,9.95,92.4,3,Critical
13.59,35.29,45.52,40.0,1.01,31.95,24.82,22.8,0,Safe
3.97,24.59,34.74,32.41,0.27,9.31,23.41,0.1,0,Safe
94.65,285.74,96.3,43.72,4.28,72.96,12.64,100.0,3,Critical
65.96,342.37,89.88,53.4,2.22,72.89,12.14,100.0,3,Critical
1.35,18.06,37.79,27.05,0.21,8.36,29.39,1.7,0,Safe
107.15,218.57,93.45,45.49,1.83,69.29,10.84,98.0,3,Critical
38.02,88.4,52.0,42.14,0.36,36.3,13.34,31.5,1,Watch
0.07,2.3,31.11,27.89,0.19,9.17,22.37,2.9,0,Safe
74.61,277.48,98.38,53.25,2.22,82.8,18.43,100.0,3,Critical
7.9,22.53,35.55,25.54,0.54,4.95,25.6,3.3,0,Safe
50.5,90.5,47.59,38.65,0.71,24.91,18.57,26.9,0,Safe
4.66,112.41,82.13,39.87,1.32,36.53,19.93,32.1,1,Watch
106.36,194.04,97.53,38.97,2.67,87.73,13.53,94.7,3,Critical
10.89,116.75,77.83,32.64,0.76,29.77,20.03,26.2,0,Safe
2.05,5.18,40.74,27.21,0.27,14.95,22.43,0.4,0,Safe
43.21,118.59,77.95,39.24,1.45,40.5,12.97,41.8,1,Watch
61.7,185.11,71.37,38.58,1.61,42.97,15.02,58.4,1,Watch
22.01,87.74,62.88,33.88,0.85,26.57,22.58,24.7,0,Safe
6.48,21.64,44.27,17.27,0.27,13.09,20.77,2.9,0,Safe
6.1,0.45,33.3,38.86,0.24,11.83,25.81,1.3,0,Safe
113.34,176.01,89.36,46.81,1.45,46.66,11.55,77.2,2,Warning
21.71,35.07,60.28,40.5,0.48,19.23,21.05,17.5,0,Safe
35.69,45.31,47.99,27.9,0.82,27.06,19.68,21.8,0,Safe
24.2,51.37,59.79,38.33,1.12,19.59,19.86,23.9,0,Safe
7.32,3.35,31.69,20.63,0.2,6.17,30.97,0.2,0,Safe
3.08,6.33,34.68,33.43,0.14,9.06,22.37,0.0,0,Safe
20.73,59.84,54.97,30.5,0.89,18.71,26.0,13.2,0,Safe
6.58,9.58,40.89,40.06,0.38,7.03,30.93,2.0,0,Safe
4.3,24.66,41.73,30.48,0.11,11.41,19.89,0.0,0,Safe
2.03,13.75,42.94,23.42,0.39,11.97,27.83,0.0,0,Safe
7.0,69.16,60.13,34.15,0.62,23.33,19.24,13.7,0,Safe
7.28,10.22,28.86,19.71,0.32,13.0,24.51,1.1,0,Safe
60.08,201.64,69.68,38.43,1.79,32.36,14.48,50.5,1,Watch
3.81,4.56,26.32,23.32,0.54,4.84,25.19,0.0,0,Safe
30.38,75.18,60.68,28.04,0.78,19.84,16.78,19.7,0,Safe
1.24,9.86,42.92,16.77,0.33,16.33,24.25,0.0,0,Safe
11.52,167.33,81.57,28.95,1.37,61.92,12.59,43.4,1,Watch
1.38,15.39,42.68,39.44,0.31,10.22,21.39,2.2,0,Safe
0.59,8.47,39.35,34.37,0.11,8.75,21.19,2.3,0,Safe
60.94,123.59,77.79,41.52,1.21,46.19,15.43,58.4,1,Watch
21.42,95.57,54.19,34.51,0.83,33.72,23.51,25.4,0,Safe
27.64,104.27,60.62,23.34,0.44,33.94,22.9,12.8,0,Safe
119.07,270.76,85.39,45.7,3.06,64.35,10.84,100.0,3,Critical
0.83,15.07,42.01,39.15,0.58,2.17,26.86,1.3,0,Safe
15.42,67.6,63.84,25.44,1.02,45.49,17.76,26.4,0,Safe
47.6,67.07,72.3,31.19,0.74,27.97,21.44,27.1,0,Safe
11.79,95.07,69.14,24.45,0.59,22.17,17.97,8.2,0,Safe
6.7,11.62,24.51,20.34,0.54,8.95,19.48,0.0,0,Safe
0.23,24.16,37.09,14.41,0.23,6.76,24.47,4.0,0,Safe
24.74,209.42,74.99,34.58,0.93,49.32,15.86,44.1,1,Watch
1.65,22.29,21.07,31.64,0.42,11.42,17.27,2.0,0,Safe
45.79,212.05,81.02,31.87,1.9,32.96,14.68,49.3,1,Watch
0.35,15.17,36.53,32.46,0.12,10.72,30.28,0.8,0,Safe
16.62,79.04,64.31,33.33,0.88,32.55,16.82,18.5,0,Safe
3.8,12.62,36.39,26.44,0.38,10.37,26.0,4.9,0,Safe
0.76,17.96,44.18,29.04,0.55,2.64,16.41,6.7,0,Safe
92.2,251.27,87.35,41.38,2.66,85.03,19.0,95.9,3,Critical
32.84,71.72,53.93,39.51,0.7,13.9,18.54,19.2,0,Safe
110.98,235.12,85.85,37.36,4.59,77.68,12.14,91.4,3,Critical
13.59,81.56,76.32,36.56,0.37,29.78,25.77,28.2,0,Safe
110.95,192.99,97.04,40.21,3.01,82.32,13.75,99.4,3,Critical
7.45,19.96,42.22,14.43,0.21,16.31,21.2,3.1,0,Safe
0.44,18.61,26.02,22.31,0.25,7.09,23.85,0.0,0,Safe
17.28,75.66,63.36,28.27,0.44,30.32,17.19,12.4,0,Safe
41.02,142.17,67.98,40.26,1.83,55.63,12.39,58.9,1,Watch
28.78,71.71,71.65,24.3,0.83,27.38,20.4,18.9,0,Safe
0.99,20.33,38.22,28.41,0.27,9.0,27.7,0.0,0,Safe
21.32,160.6,80.99,36.55,0.87,29.18,17.18,34.4,1,Watch
53.78,158.46,78.65,39.44,1.69,49.67,13.83,61.5,2,Warning
3.23,13.61,29.71,19.89,0.47,9.97,27.06,2.9,0,Safe
55.18,271.7,85.02,55.51,4.46,56.48,15.92,98.0,3,Critical
40.09,100.76,69.05,35.51,0.57,31.89,21.96,28.4,0,Safe
75.18,274.24,85.64,49.84,4.12,62.03,19.17,100.0,3,Critical
7.99,53.26,55.31,39.08,0.53,18.17,19.13,10.8,0,Safe
0.04,5.93,27.4,15.53,0.26,10.01,10.99,3.9,0,Safe
2.42,17.39,38.2,35.06,0.15,11.61,25.71,5.8,0,Safe
42.09,80.89,71.41,30.63,0.94,33.83,15.15,26.1,0,Safe
72.95,137.04,75.18,34.87,1.22,46.68,17.78,56.1,1,Watch
12.54,63.2,56.85,35.26,0.8,26.93,17.32,17.1,0,Safe
1.31,23.59,49.9,35.43,0.19,9.87,18.62,0.5,0,Safe
56.47,293.84,93.88,50.63,2.12,76.94,18.32,100.0,3,Critical
99.13,283.19,95.37,46.51,2.26,53.72,16.28,93.8,3,Critical
0.8,2.5,41.03,37.35,0.17,11.54,25.22,3.2,0,Safe
3.58,17.38,38.67,12.93,0.51,18.12,26.97,2.4,0,Safe
0.56,1.26,33.54,31.1,0.33,9.99,28.94,3.1,0,Safe
7.4,80.57,58.32,32.44,0.53,37.58,17.77,26.6,0,Safe
48.24,178.64,84.79,44.48,1.16,42.57,19.89,61.6,2,Warning
83.98,237.99,90.79,38.66,2.97,56.31,10.51,83.6,3,Critical
69.98,357.57,97.57,36.8,2.8,84.28,13.04,90.6,3,Critical
8.06,60.84,54.81,25.56,1.17,28.9,20.91,13.8,0,Safe
107.9,234.03,89.7,38.96,2.27,67.95,15.0,85.1,3,Critical
1.49,4.43,33.4,19.2,0.24,13.09,25.74,5.0,0,Safe
45.49,169.46,78.43,39.75,1.89,37.29,12.52,53.0,1,Watch
47.0,194.32,77.25,40.26,1.55,57.62,14.28,64.9,2,Warning
60.76,114.71,87.77,35.99,1.01,31.15,11.37,37.2,1,Watch
69.09,179.15,86.4,41.47,1.9,49.29,21.47,71.8,2,Warning
13.55,1.62,46.25,27.48,0.58,6.64,15.39,2.8,0,Safe
105.89,324.46,85.57,37.31,2.31,58.41,18.46,71.8,2,Warning
5.4,0.14,28.69,42.02,0.41,12.54,22.33,3.1,0,Safe
4.94,19.76,27.06,35.79,0.48,13.08,27.93,0.0,0,Safe
11.23,87.1,58.75,34.09,0.53,37.63,16.09,21.5,0,Safe
43.34,119.41,74.96,51.56,1.2,14.76,14.49,41.5,1,Watch
64.21,288.42,85.85,48.27,4.69,59.17,18.99,93.6,3,Critical
0.95,15.11,18.89,27.83,0.6,12.74,18.75,3.3,0,Safe
1.03,1.94,22.41,35.58,0.37,12.05,17.22,0.7,0,Safe
127.38,206.94,89.48,49.83,2.01,87.9,14.33,100.0,3,Critical
0.32,0.39,26.34,22.29,0.45,10.26,23.85,0.0,0,Safe
2.51,17.45,53.79,21.43,0.56,5.72,21.41,2.6,0,Safe
1.27,24.14,39.57,25.16,0.46,11.88,29.17,3.6,0,Safe
23.51,51.13,62.88,47.54,0.5,34.9,23.4,29.8,0,Safe
42.15,111.62,80.99,34.56,1.98,51.52,19.19,51.8,1,Watch
2.36,2.98,39.3,20.52,0.16,16.57,28.06,0.0,0,Safe
2.96,3.69,41.82,27.8,0.31,12.61,20.28,0.0,0,Safe
2.89,2.12,38.14,24.45,0.3,14.56,23.81,0.0,0,Safe
53.59,152.84,69.46,36.55,1.71,48.54,17.44,52.2,1,Watch
25.33,96.03,45.95,34.81,1.04,42.24,19.28,29.4,0,Safe
68.74,36.5,56.72,37.54,0.59,34.3,20.12,35.6,1,Watch
0.94,10.57,28.82,32.28,0.29,16.31,21.01,0.0,0,Safe
18.16,76.38,48.13,37.94,0.88,37.16,23.76,24.9,0,Safe
31.69,42.33,72.3,35.13,0.76,28.12,16.07,24.7,0,Safe
34.5,98.39,65.03,35.05,0.92,23.76,15.52,25.5,0,Safe
53.42,203.6,66.83,36.01,1.66,55.23,17.09,62.3,2,Warning
21.05,35.72,53.66,29.16,1.11,34.88,17.15,16.9,0,Safe
25.31,46.96,58.63,44.93,0.36,31.37,21.42,22.5,0,Safe
93.9,329.16,94.61,42.61,2.34,66.66,13.98,92.1,3,Critical
17.23,34.78,61.26,36.81,0.93,29.92,15.94,22.6,0,Safe
8.27,13.87,32.07,30.21,0.33,12.63,28.12,0.0,0,Safe
96.83,321.82,86.9,39.72,2.72,78.44,8.6,89.9,3,Critical
0.29,1.34,28.95,33.29,0.12,5.43,19.26,0.0,0,Safe
1.24,11.28,23.81,25.29,0.47,10.02,20.93,2.0,0,Safe
4.2,7.75,44.67,31.85,0.36,10.83,21.06,3.0,0,Safe
103.98,121.29,62.71,49.08,1.72,37.41,9.61,62.3,2,Warning
57.31,139.98,67.98,35.8,1.64,26.73,16.39,40.0,1,Watch
34.89,219.5,73.93,44.73,1.82,48.84,16.41,65.6,2,Warning
108.42,331.39,93.24,43.05,4.71,57.52,12.22,86.9,3,Critical
21.42,57.71,60.7,36.94,0.77,23.45,17.29,15.6,0,Safe
0.34,21.23,48.42,28.3,0.52,4.85,25.76,6.7,0,Safe
40.79,109.67,70.48,40.89,0.87,23.75,20.73,32.4,1,Watch
0.03,4.94,22.96,22.96,0.31,8.13,23.31,0.0,0,Safe
0.5,20.7,35.49,13.92,0.58,14.04,21.6,4.5,0,Safe
14.27,78.4,63.81,21.29,0.56,26.67,16.68,8.4,0,Safe
2.7,5.58,34.62,28.61,0.27,11.19,22.19,0.0,0,Safe
1.1,0.14,18.85,37.02,0.59,10.58,24.86,0.0,0,Safe
16.11,50.74,71.94,44.75,0.3,25.76,16.12,20.3,0,Safe
6.34,4.96,58.76,31.33,0.21,11.43,27.06,5.5,0,Safe
40.9,41.76,62.53,24.39,0.81,25.54,19.17,16.9,0,Safe
35.92,85.69,49.82,29.08,0.35,29.17,20.78,21.4,0,Safe
9.31,1.7,22.42,31.51,0.57,15.71,26.45,4.1,0,Safe
0.33,23.84,35.32,27.69,0.27,15.52,24.98,4.5,0,Safe
25.53,43.49,57.99,31.32,0.38,14.0,16.55,9.4,0,Safe
17.7,70.91,52.02,41.77,0.74,24.33,25.0,19.3,0,Safe
15.87,56.76,63.32,25.71,0.9,29.05,15.03,17.6,0,Safe
11.8,59.28,57.88,25.17,1.04,27.22,25.75,12.5,0,Safe
63.44,330.73,91.68,50.35,2.68,87.94,13.91,100.0,3,Critical
40.09,109.92,70.68,32.41,0.87,24.87,16.93,27.5,0,Safe
35.62,53.76,77.98,38.58,1.04,35.62,13.47,29.7,0,Safe
109.22,334.91,97.77,52.96,3.73,66.84,17.04,100.0,3,Critical
85.14,147.94,78.32,38.8,1.25,40.94,17.09,58.1,1,Watch
27.74,199.97,77.03,35.57,1.88,29.89,12.18,44.5,1,Watch
2.62,3.04,36.92,32.84,0.44,10.48,25.09,0.0,0,Safe
60.86,162.61,69.41,34.98,0.81,35.99,18.79,44.5,1,Watch
32.06,94.68,50.8,36.65,1.16,24.07,19.62,25.4,0,Safe
3.09,4.8,30.24,19.19,0.34,10.66,19.23,0.0,0,Safe
14.79,113.84,63.93,30.24,1.01,30.72,16.15,19.0,0,Safe
4.51,20.2,37.95,35.55,0.55,13.45,20.47,8.0,0,Safe
68.2,353.36,98.02,41.78,4.2,65.21,13.43,90.9,3,Critical
63.3,206.61,81.74,41.61,1.86,50.34,16.7,73.4,2,Warning
56.25,366.29,87.89,44.67,2.23,84.6,13.78,92.3,3,Critical
26.61,91.34,66.09,36.88,0.4,25.93,17.45,21.2,0,Safe
2.18,12.16,33.33,20.37,0.5,14.26,20.67,0.0,0,Safe
122.43,289.45,88.6,50.98,4.5,55.3,12.83,99.3,3,Critical
0.06,18.27,35.81,19.14,0.11,4.74,22.87,0.3,0,Safe
2.09,14.77,24.5,23.83,0.5,5.08,22.54,1.3,0,Safe
29.87,135.8,84.02,36.8,1.66,44.86,14.86,48.3,1,Watch
50.85,143.06,80.59,48.75,1.22,45.79,14.48,62.8,2,Warning
14.93,81.08,60.74,27.22,1.05,31.82,16.83,19.7,0,Safe
3.66,21.95,23.39,35.17,0.21,10.37,19.42,5.9,0,Safe
6.15,0.18,43.36,28.45,0.17,9.46,22.76,2.8,0,Safe
44.9,117.84,66.06,37.57,1.09,30.8,20.98,36.7,1,Watch
20.3,91.05,61.46,35.62,0.44,23.86,24.53,20.0,0,Safe
7.38,14.69,48.49,28.95,0.13,9.78,29.44,4.0,0,Safe
30.14,54.14,63.15,34.11,0.65,29.13,16.58,20.1,0,Safe
30.48,61.88,61.82,29.06,1.19,22.83,16.62,16.0,0,Safe
0.82,17.8,32.45,29.05,0.53,15.07,27.97,0.0,0,Safe
35.42,115.22,54.71,43.8,0.49,34.39,20.12,35.0,1,Watch
8.49,4.12,36.69,26.36,0.28,8.38,24.94,3.2,0,Safe
25.07,58.86,51.5,24.49,0.9,35.51,21.05,20.7,0,Safe
19.15,111.08,76.94,34.41,0.55,38.73,20.58,25.4,0,Safe
0.46,15.85,47.74,32.58,0.28,16.32,15.98,3.4,0,Safe
69.98,160.95,78.47,36.73,1.2,48.38,15.68,53.6,1,Watch
26.61,36.92,55.69,33.73,0.34,25.07,20.13,16.3,0,Safe
45.72,179.78,70.66,42.93,1.13,69.15,16.41,71.9,2,Warning
1.92,1.28,28.5,27.21,0.48,18.55,25.63,0.0,0,Safe
0.1,8.12,35.35,24.64,0.21,12.44,20.11,4.6,0,Safe
22.05,63.45,57.85,32.04,0.99,32.46,18.17,23.2,0,Safe
0.38,17.8,24.75,17.05,0.29,6.96,15.69,0.1,0,Safe
3.66,16.93,36.32,28.08,0.32,5.55,28.76,1.6,0,Safe
35.94,155.16,84.27,42.67,0.81,44.36,13.11,46.2,1,Watch
1.77,11.46,19.88,19.35,0.21,13.59,23.59,2.5,0,Safe
38.26,206.58,72.47,45.52,1.57,41.84,16.8,57.0,1,Watch
6.34,23.41,28.58,15.93,0.49,11.5,32.53,2.7,0,Safe
27.23,98.88,48.85,29.22,1.17,26.02,19.75,23.6,0,Safe
6.6,19.61,31.76,27.41,0.27,12.9,25.34,5.7,0,Safe
15.49,141.24,64.53,27.68,1.32,44.43,18.01,29.2,0,Safe
23.62,63.13,38.46,26.96,1.12,40.07,19.59,20.8,0,Safe
2.97,0.23,30.82,30.1,0.27,9.17,25.5,0.0,0,Safe
20.09,95.2,67.76,34.7,0.8,29.58,25.56,25.1,0,Safe
33.54,164.44,75.68,44.06,1.98,33.18,18.49,47.3,1,Watch
9.46,17.32,46.57,20.03,0.25,4.08,28.13,0.9,0,Safe
19.96,86.89,70.48,32.12,0.8,42.25,19.53,33.1,1,Watch
117.4,216.31,90.0,38.79,4.54,67.97,17.64,90.8,3,Critical
48.91,140.05,77.97,42.17,0.84,40.12,19.25,51.9,1,Watch
2.44,1.45,37.09,38.45,0.58,12.24,21.12,1.3,0,Safe
9.93,7.72,33.75,26.17,0.42,12.9,23.47,7.0,0,Safe
8.38,10.94,30.89,23.9,0.51,6.62,25.43,0.4,0,Safe
21.86,68.36,60.38,37.66,0.8,22.33,15.55,19.1,0,Safe
2.13,7.02,28.35,25.48,0.18,3.55,25.24,2.8,0,Safe
0.15,22.0,37.3,33.34,0.37,15.1,20.25,5.4,0,Safe
10.92,3.5,40.91,34.01,0.58,13.86,26.71,8.0,0,Safe
39.58,106.34,71.48,38.76,0.62,33.61,13.26,35.9,1,Watch
64.82,379.06,98.17,46.7,3.07,72.45,14.01,100.0,3,Critical
6.68,6.95,37.01,38.99,0.47,9.63,18.96,3.1,0,Safe
56.62,239.46,93.25,44.34,3.91,72.93,13.71,98.1,3,Critical
29.65,69.03,69.11,40.05,0.52,27.15,18.42,27.0,0,Safe
104.16,208.14,87.84,49.48,3.84,84.26,12.98,100.0,3,Critical
2.09,5.89,28.07,40.19,0.27,10.58,22.83,3.9,0,Safe
0.35,9.33,36.62,38.7,0.51,11.63,25.88,0.0,0,Safe
70.4,303.7,93.54,44.6,2.44,57.93,17.11,86.6,3,Critical
100.56,353.29,85.7,54.41,3.59,81.28,12.4,100.0,3,Critical
6.36,115.46,59.7,21.82,1.16,34.04,20.98,10.7,0,Safe
37.2,146.31,81.07,46.13,1.71,43.52,20.05,55.6,1,Watch
81.15,255.41,94.56,38.43,2.03,65.35,14.66,88.3,3,Critical
2.74,24.94,25.27,41.86,0.57,12.88,28.22,8.7,0,Safe
7.87,16.44,36.09,20.82,0.33,10.57,21.0,1.5,0,Safe
0.63,2.1,32.98,29.21,0.57,12.63,19.17,0.0,0,Safe
24.72,137.01,75.64,35.07,1.27,36.84,20.08,39.2,1,Watch
2.27,6.74,34.23,23.54,0.35,18.05,22.47,4.5,0,Safe
2.27,15.85,34.04,33.49,0.23,2.08,26.27,2.4,0,Safe
1.05,4.28,24.35,21.38,0.45,18.63,19.95,0.3,0,Safe
54.39,181.83,71.13,34.86,1.51,51.19,18.72,54.9,1,Watch
27.43,129.28,76.11,40.93,1.83,57.5,11.55,54.4,1,Watch
18.81,103.37,61.15,25.92,0.83,27.62,18.56,17.5,0,Safe
10.93,53.64,66.41,35.18,0.46,27.75,16.91,20.8,0,Safe
9.44,80.59,65.6,35.84,0.41,19.96,12.74,14.5,0,Safe
0.94,9.35,41.94,16.88,0.39,10.0,20.98,0.0,0,Safe
0.95,18.35,21.54,24.12,0.53,5.79,29.54,0.0,0,Safe
0.22,1.14,45.68,18.64,0.36,2.66,27.25,1.8,0,Safe
0.46,13.56,42.38,33.01,0.56,3.6,21.22,5.7,0,Safe
0.64,24.46,41.96,16.36,0.15,14.38,23.65,0.3,0,Safe
4.95,13.35,26.1,17.58,0.11,13.23,27.67,0.3,0,Safe
8.09,12.4,43.04,25.47,0.39,11.57,29.49,0.3,0,Safe
2.06,18.41,33.64,24.73,0.3,14.22,31.31,0.0,0,Safe
0.56,3.83,46.08,37.78,0.38,2.3,24.8,4.4,0,Safe
2.74,19.37,36.76,23.61,0.51,4.65,20.26,0.0,0,Safe
36.45,176.53,80.28,34.79,1.43,41.79,19.73,46.7,1,Watch
5.53,37.44,72.83,41.14,0.41,37.94,15.47,19.7,0,Safe
34.12,191.41,73.25,35.66,2.0,35.22,15.51,48.3,1,Watch
36.81,36.12,71.25,27.61,0.42,30.13,19.5,19.6,0,Safe
43.13,154.28,71.12,37.11,0.92,42.45,12.4,40.1,1,Watch
0.56,24.04,23.64,27.98,0.47,4.17,21.63,3.2,0,Safe
7.8,117.53,54.34,41.17,1.05,22.25,22.92,26.6,0,Safe
9.21,71.54,56.99,21.62,1.13,41.61,13.12,22.1,0,Safe
7.52,21.41,35.92,26.47,0.17,9.41,23.81,9.0,0,Safe
130.51,162.48,62.9,41.78,1.51,33.82,17.46,61.4,2,Warning
1.73,40.3,67.03,46.47,0.83,27.54,17.37,24.3,0,Safe
2.94,4.12,34.33,29.68,0.32,8.19,24.8,0.0,0,Safe
9.67,71.38,47.6,36.77,0.45,29.11,22.42,25.1,0,Safe
6.31,20.28,38.13,25.48,0.46,8.54,22.51,3.1,0,Safe
2.06,7.0,27.47,23.38,0.38,9.6,24.36,2.4,0,Safe
0.79,11.08,27.02,32.26,0.4,5.91,32.66,1.8,0,Safe
32.93,51.43,63.04,31.25,0.36,29.27,20.2,19.5,0,Safe
28.72,110.46,69.95,36.9,0.99,29.51,25.01,32.0,1,Watch
1.0,22.89,32.51,31.67,0.47,7.45,27.4,3.5,0,Safe
60.82,156.45,82.79,43.28,1.43,40.62,16.8,57.0,1,Watch
54.52,31.8,72.43,35.54,0.5,37.98,20.14,31.9,1,Watch
12.35,65.97,62.96,31.25,0.65,19.63,18.18,13.9,0,Safe
32.52,119.37,60.13,29.17,0.61,26.38,23.94,18.8,0,Safe
44.04,153.92,91.52,34.56,1.37,46.72,15.19,45.2,1,Watch
27.3,159.09,79.6,32.22,0.89,57.46,19.06,48.0,1,Watch
81.17,310.22,86.11,38.11,3.94,58.43,14.2,87.1,3,Critical
1.56,5.35,42.77,20.41,0.29,9.16,22.07,3.0,0,Safe
49.0,89.3,60.84,28.2,0.42,30.5,18.92,25.2,0,Safe
24.2,190.86,80.76,40.71,0.83,42.23,10.89,51.5,1,Watch
25.27,202.44,75.29,39.69,1.68,51.94,7.03,52.0,1,Watch
2.71,21.84,38.85,21.28,0.22,7.53,23.39,0.0,0,Safe
0.55,4.81,31.79,19.26,0.11,6.77,19.18,0.0,0,Safe
0.13,12.8,39.04,23.33,0.39,7.19,23.07,0.0,0,Safe
25.0,206.34,80.52,35.03,1.19,46.37,17.43,44.9,1,Watch
0.16,19.71,35.19,40.36,0.38,5.51,28.04,0.0,0,Safe
27.36,75.88,71.05,31.14,0.68,27.34,15.85,22.6,0,Safe
0.68,0.86,22.52,26.99,0.15,13.04,22.23,0.0,0,Safe
9.58,15.16,43.54,27.51,0.58,14.82,24.07,1.0,0,Safe
126.95,218.08,86.23,49.78,2.74,80.15,7.51,100.0,3,Critical
0.39,22.66,41.81,24.67,0.52,2.85,16.78,5.2,0,Safe
10.53,52.21,70.01,37.56,0.62,40.45,13.85,30.6,1,Watch
8.53,20.44,41.45,26.63,0.36,9.53,27.58,3.5,0,Safe
2.67,7.67,32.75,36.32,0.32,6.4,21.46,0.0,0,Safe
22.5,137.89,81.13,41.71,0.91,39.72,16.73,43.8,1,Watch
8.23,2.25,38.62,26.07,0.11,7.6,26.1,2.1,0,Safe
0.51,16.37,39.31,19.41,0.38,12.5,22.02,0.0,0,Safe
2.12,9.34,26.0,32.47,0.23,10.05,22.89,4.8,0,Safe
39.1,104.65,53.79,31.36,1.16,20.09,18.6,26.9,0,Safe
7.8,24.65,30.01,21.13,0.26,9.86,20.99,2.8,0,Safe
40.36,128.98,78.27,38.56,1.17,46.6,18.96,44.0,1,Watch
9.32,38.0,61.08,35.38,0.82,32.6,22.0,23.5,0,Safe
25.93,117.16,56.37,28.36,0.38,33.88,15.48,23.1,0,Safe
1.67,7.79,33.54,39.74,0.42,14.21,22.92,0.0,0,Safe
3.47,23.29,27.28,25.77,0.46,12.77,17.93,1.5,0,Safe
55.79,141.39,78.37,34.03,1.57,41.49,15.65,47.4,1,Watch
24.43,86.43,44.33,33.5,0.66,33.42,15.05,25.0,0,Safe
28.97,31.74,52.4,30.78,0.88,30.21,17.18,14.4,0,Safe
1.41,194.44,79.1,33.84,0.97,42.26,13.84,37.5,1,Watch
1.49,15.87,30.09,40.63,0.25,10.05,19.75,4.6,0,Safe
28.87,59.91,52.93,39.77,1.02,27.53,23.54,21.6,0,Safe
1.16,1.23,24.57,28.03,0.13,7.67,22.16,0.0,0,Safe
48.04,159.54,72.76,37.1,1.87,45.98,18.68,52.0,1,Watch
0.16,18.8,29.04,31.92,0.44,5.35,27.17,0.0,0,Safe
22.16,33.95,56.03,37.56,0.32,34.88,19.51,18.2,0,Safe
21.53,39.32,66.6,22.6,0.91,37.64,22.53,15.4,0,Safe
15.6,174.27,77.61,42.2,0.86,53.89,15.64,54.9,1,Watch
58.5,80.32,65.04,25.63,0.47,31.2,19.3,21.5,0,Safe
1.18,4.53,41.33,21.89,0.43,8.04,27.73,0.0,0,Safe
63.21,116.51,71.99,36.74,0.85,33.35,16.88,39.8,1,Watch
40.89,35.82,73.2,39.17,0.98,23.9,15.21,28.8,0,Safe
19.5,70.57,78.58,38.63,1.07,41.75,20.53,39.3,1,Watch
21.88,214.51,91.13,58.35,1.83,49.86,19.79,81.3,3,Critical
1.11,1.12,34.38,21.85,0.24,12.1,29.43,0.0,0,Safe
90.85,272.69,89.75,37.53,2.6,64.13,17.95,78.2,2,Warning
36.64,33.13,72.96,38.88,0.81,31.17,23.0,29.0,0,Safe
2.46,5.42,23.59,13.13,0.22,6.21,23.6,3.4,0,Safe
49.39,45.72,67.36,36.9,0.73,37.68,20.46,32.2,1,Watch
4.47,20.87,23.1,31.71,0.17,10.12,23.65,5.8,0,Safe
22.07,108.23,76.73,28.64,0.86,37.88,20.4,25.9,0,Safe
12.83,68.58,52.23,39.97,0.98,36.25,19.75,23.2,0,Safe
52.07,341.15,95.08,36.55,2.4,90.46,13.06,82.7,3,Critical
2.65,74.99,79.17,37.73,0.45,22.35,18.18,22.3,0,Safe
40.0,187.86,69.43,37.07,1.48,44.4,12.04,47.9,1,Watch
29.72,117.53,68.01,31.08,1.14,32.53,19.84,26.8,0,Safe
3.95,23.91,52.42,27.34,0.25,8.55,27.8,5.2,0,Safe
19.24,119.16,63.07,35.6,1.15,32.88,19.1,29.2,0,Safe
32.53,54.65,50.43,22.36,0.73,38.94,19.86,20.4,0,Safe
51.14,159.61,84.58,47.27,1.42,43.52,11.33,63.3,2,Warning
55.09,264.84,86.19,48.18,3.6,81.59,8.84,100.0,3,Critical
100.08,328.25,88.92,44.26,2.85,80.19,15.68,100.0,3,Critical
95.08,125.53,72.93,38.2,0.88,40.7,19.33,51.7,1,Watch
73.63,221.28,94.0,49.16,2.25,52.27,15.36,88.1,3,Critical
100.83,319.15,90.29,56.76,2.46,61.75,14.89,100.0,3,Critical
1.95,17.59,45.37,30.3,0.47,9.71,20.84,0.0,0,Safe
58.87,259.1,86.75,51.29,4.03,90.86,13.97,100.0,3,Critical
80.23,144.27,78.58,41.72,1.61,42.63,16.61,68.9,2,Warning
6.96,7.08,51.36,17.34,0.4,7.69,27.64,2.3,0,Safe
75.04,285.93,89.86,50.86,4.31,52.19,14.09,100.0,3,Critical
78.2,136.94,92.78,30.22,1.49,39.03,11.89,44.6,1,Watch
99.05,172.28,79.29,35.4,1.84,47.63,18.98,62.9,2,Warning
2.43,12.91,29.73,33.93,0.1,6.5,20.15,0.0,0,Safe
29.55,68.58,58.16,42.1,0.58,17.87,21.79,16.1,0,Safe
95.22,204.03,87.93,55.37,4.6,61.81,15.83,100.0,3,Critical
9.07,2.21,43.22,35.89,0.51,10.3,20.97,3.0,0,Safe
2.97,1.34,38.16,40.53,0.42,10.12,24.0,0.6,0,Safe
8.71,0.5,23.09,34.41,0.55,12.43,28.19,8.4,0,Safe
2.75,10.18,38.54,20.09,0.15,18.46,22.14,6.8,0,Safe
9.17,58.69,56.34,34.22,0.92,34.14,18.48,20.3,0,Safe
32.01,69.08,57.85,34.37,0.84,21.6,19.64,21.3,0,Safe
21.51,102.61,49.99,32.51,0.94,31.34,22.68,29.2,0,Safe
1.54,22.04,39.03,23.29,0.52,7.82,29.23,2.6,0,Safe
10.43,39.03,60.0,32.25,0.65,39.97,11.88,19.9,0,Safe
55.14,126.52,67.45,36.21,1.84,60.33,21.78,59.0,1,Watch
0.98,23.41,45.22,25.97,0.31,6.07,18.76,0.0,0,Safe
97.72,328.41,94.12,57.96,3.66,73.11,12.26,100.0,3,Critical
0.43,19.04,35.2,25.88,0.15,13.08,24.8,1.7,0,Safe
63.07,180.97,71.19,38.18,1.69,41.27,18.71,56.1,1,Watch
16.49,64.31,59.65,41.79,0.48,34.66,19.87,19.1,0,Safe
42.73,206.28,68.28,44.85,1.46,50.74,22.26,67.0,2,Warning
3.22,9.7,37.8,23.0,0.43,3.69,22.14,4.7,0,Safe
2.42,23.88,41.81,33.35,0.51,9.64,16.45,5.5,0,Safe
2.71,21.91,30.6,34.46,0.1,9.91,19.65,2.1,0,Safe
27.23,82.63,41.5,39.63,0.97,30.12,20.35,21.2,0,Safe
56.13,305.53,96.98,37.68,4.08,69.53,12.89,88.3,3,Critical
67.05,161.98,73.11,40.73,1.38,47.7,20.88,57.1,1,Watch
6.75,21.14,47.71,24.87,0.2,5.21,30.17,3.0,0,Safe
44.81,179.4,78.06,25.22,1.45,51.79,21.7,39.5,1,Watch
0.23,19.13,41.52,42.55,0.27,12.03,29.37,0.0,0,Safe
12.12,8.94,38.52,22.74,0.54,11.44,24.18,0.9,0,Safe
12.96,55.26,74.61,36.49,0.38,36.8,14.94,24.9,0,Safe
2.06,19.23,23.63,25.24,0.42,8.55,26.7,3.2,0,Safe
80.96,230.57,95.99,44.02,2.17,84.11,10.15,100.0,3,Critical
3.08,19.25,28.15,24.25,0.13,4.55,21.47,1.1,0,Safe
3.58,23.0,31.31,31.65,0.51,16.35,13.38,2.9,0,Safe
4.36,18.05,41.03,30.55,0.57,8.02,25.9,0.0,0,Safe
76.82,31.94,43.79,39.35,0.39,16.05,26.06,21.4,0,Safe
22.83,72.96,72.51,30.15,1.12,27.59,26.13,24.1,0,Safe
104.07,239.3,90.07,43.29,3.92,61.95,9.13,95.9,3,Critical
90.61,345.63,96.19,53.32,4.51,70.3,17.16,100.0,3,Critical
0.23,24.42,47.31,21.36,0.15,2.45,27.62,1.2,0,Safe
54.86,150.18,77.43,33.93,1.19,37.49,19.72,44.9,1,Watch
62.58,198.79,93.27,47.1,2.87,60.6,16.44,89.8,3,Critical
0.64,23.29,43.34,33.95,0.18,3.42,20.88,0.6,0,Safe
18.95,88.78,58.99,39.59,0.43,27.06,18.05,22.1,0,Safe
2.81,13.94,45.99,32.71,0.53,1.76,19.07,9.0,0,Safe
55.23,359.97,96.79,37.74,3.46,80.28,21.62,91.9,3,Critical
108.59,260.25,87.17,39.2,4.41,83.53,13.85,96.2,3,Critical
97.65,321.24,96.9,46.29,4.2,64.93,11.4,100.0,3,Critical
1.48,8.45,23.95,29.69,0.49,11.84,21.13,0.0,0,Safe
1.26,9.22,23.44,22.45,0.29,18.23,24.58,0.0,0,Safe
40.24,141.36,87.29,33.36,1.98,47.09,15.25,49.2,1,Watch
30.95,31.25,48.95,21.23,0.64,17.78,18.07,7.1,0,Safe
6.87,63.64,59.13,35.93,0.33,36.89,19.81,18.9,0,Safe
25.64,66.55,48.94,30.97,0.86,29.71,13.55,15.4,0,Safe
37.49,54.14,72.12,35.08,0.67,36.38,15.72,28.0,0,Safe
0.25,23.12,35.31,22.58,0.56,8.75,25.19,4.5,0,Safe
34.78,62.31,62.7,37.99,0.81,27.15,12.3,24.1,0,Safe
13.88,38.02,51.81,31.8,0.44,22.11,15.85,9.7,0,Safe
3.15,4.82,39.13,26.03,0.18,10.3,26.27,0.0,0,Safe
4.21,9.22,31.21,33.95,0.47,3.56,17.25,3.7,0,Safe
1.51,19.49,50.88,28.79,0.6,9.2,22.26,9.3,0,Safe
0.46,19.12,31.8,36.72,0.25,7.14,24.39,3.1,0,Safe
0.42,3.93,41.25,27.69,0.41,17.11,28.34,0.0,0,Safe
1.65,13.68,27.16,40.98,0.35,13.2,23.91,3.3,0,Safe
0.43,14.27,37.49,29.59,0.43,7.57,20.97,0.0,0,Safe
3.3,9.82,47.47,26.68,0.38,13.39,24.3,4.4,0,Safe
16.39,130.1,83.45,34.4,0.95,46.49,21.15,41.3,1,Watch
0.57,3.38,38.68,37.43,0.17,11.41,21.59,2.4,0,Safe
78.24,268.36,87.66,41.11,2.53,78.37,17.58,96.7,3,Critical
2.71,21.58,31.12,29.67,0.18,8.92,29.7,0.0,0,Safe
10.85,147.0,77.83,35.11,1.88,32.34,20.35,29.2,0,Safe
0.92,18.72,39.9,34.31,0.38,0.0,24.76,0.0,0,Safe
15.66,76.56,57.23,32.82,0.49,19.9,15.95,11.8,0,Safe
11.99,43.37,60.71,36.92,0.5,41.85,16.2,21.1,0,Safe
8.68,41.58,46.0,37.91,0.91,33.54,17.93,21.2,0,Safe
17.85,79.33,63.46,32.23,0.48,19.35,15.84,11.5,0,Safe
4.75,11.08,44.51,31.31,0.35,8.56,27.93,4.9,0,Safe
79.32,186.21,83.61,25.78,1.42,47.6,15.1,45.1,1,Watch
4.96,1.95,36.96,30.35,0.2,2.18,28.61,0.0,0,Safe
0.31,4.51,46.49,29.23,0.27,10.6,25.41,1.6,0,Safe
52.79,190.61,85.45,37.0,1.66,28.92,14.94,52.0,1,Watch
0.27,19.6,45.93,33.82,0.26,10.42,23.68,1.7,0,Safe
5.71,19.53,24.81,27.3,0.52,11.32,21.66,1.6,0,Safe
17.44,42.23,38.33,47.97,1.02,27.01,19.44,14.5,0,Safe
52.01,144.15,84.87,30.92,1.73,46.38,14.13,49.0,1,Watch
2.2,21.06,47.38,28.68,0.43,7.6,23.23,0.0,0,Safe
42.75,205.76,84.49,31.58,1.88,49.55,19.89,52.3,1,Watch
71.75,375.8,86.45,44.1,2.44,89.35,12.27,96.1,3,Critical
23.64,56.81,64.14,32.43,0.89,36.43,21.5,22.1,0,Safe
8.82,87.3,59.39,23.48,0.9,36.72,17.06,13.8,0,Safe
13.94,62.39,74.39,36.0,1.05,24.12,18.35,25.4,0,Safe
36.24,58.81,61.29,43.9,0.84,31.69,18.88,30.1,1,Watch
51.56,174.4,76.26,30.29,1.39,36.42,19.58,42.2,1,Watch
2.35,4.16,40.56,29.62,0.49,9.79,25.59,0.1,0,Safe
20.91,80.65,69.51,27.87,0.62,26.54,22.0,17.5,0,Safe
7.12,44.5,57.1,28.95,0.71,12.11,21.17,2.6,0,Safe
60.13,165.41,80.88,33.15,1.97,51.43,20.32,53.3,1,Watch
1.05,15.46,30.63,26.13,0.25,20.08,22.98,4.6,0,Safe
112.28,112.14,81.54,33.64,1.19,46.15,14.08,53.9,1,Watch
0.18,23.98,25.0,22.94,0.16,13.46,30.89,7.6,0,Safe
94.12,158.13,85.35,38.71,1.84,36.58,19.88,58.9,1,Watch
26.45,58.99,66.41,37.43,0.62,30.92,11.49,21.7,0,Safe
4.39,6.86,33.4,19.07,0.51,11.63,19.97,0.0,0,Safe
4.64,1.78,43.33,30.28,0.42,5.02,17.22,5.7,0,Safe
10.4,89.52,63.46,12.48,0.34,18.45,13.43,11.1,0,Safe
28.06,38.4,53.65,33.31,1.17,32.38,19.39,25.7,0,Safe
33.63,116.31,62.97,30.5,1.58,41.0,15.87,31.0,1,Watch
105.19,208.5,95.28,51.15,3.15,80.19,16.64,100.0,3,Critical
1.41,10.99,49.67,26.44,0.5,7.2,22.78,0.0,0,Safe
2.09,6.89,35.81,40.48,0.1,6.48,20.34,1.1,0,Safe
0.71,22.21,28.83,26.72,0.11,12.96,25.56,2.1,0,Safe
3.54,10.37,24.82,34.61,0.48,13.79,22.48,7.8,0,Safe
0.26,9.09,37.3,28.12,0.32,6.99,22.14,0.6,0,Safe
1.1,12.87,43.32,20.23,0.51,16.05,26.91,7.0,0,Safe
17.65,116.74,55.64,38.91,0.5,31.1,14.86,27.0,0,Safe
51.08,35.73,61.57,22.51,0.34,52.47,20.05,32.6,1,Watch
40.2,175.86,79.8,42.19,0.97,29.86,14.22,45.6,1,Watch
64.79,119.03,73.32,37.43,1.12,25.66,19.81,40.1,1,Watch
26.43,33.59,47.1,27.43,0.45,27.4,22.57,14.8,0,Safe
53.08,208.44,74.1,34.48,1.89,49.61,13.12,55.6,1,Watch
0.5,18.23,44.29,28.34,0.43,8.58,29.52,2.0,0,Safe
35.15,146.83,90.33,44.16,1.75,33.57,14.46,51.9,1,Watch
5.07,14.93,24.3,34.29,0.45,7.18,29.31,4.3,0,Safe
23.63,124.75,84.58,36.25,1.67,38.17,15.68,40.5,1,Watch
10.61,4.68,12.58,29.71,0.17,8.83,20.09,1.2,0,Safe
41.11,101.01,74.74,23.03,0.86,29.7,22.48,23.5,0,Safe
0.13,14.49,52.47,25.71,0.45,5.88,28.74,6.8,0,Safe
6.4,18.68,30.7,30.97,0.36,21.55,22.96,11.1,0,Safe
49.59,125.55,83.58,29.84,1.53,51.23,18.31,42.8,1,Watch
2.56,12.58,39.59,34.49,0.17,9.73,28.8,0.3,0,Safe
12.71,44.88,61.92,37.45,0.44,24.53,14.25,17.6,0,Safe
23.63,194.25,75.98,29.25,0.93,41.69,11.09,36.4,1,Watch
0.74,20.15,37.32,27.85,0.39,5.13,25.28,0.8,0,Safe
7.91,11.35,50.38,23.65,0.26,6.38,26.01,2.0,0,Safe
3.3,21.22,45.75,32.89,0.17,6.15,21.84,6.7,0,Safe
0.36,5.6,29.0,28.47,0.44,9.06,22.98,1.2,0,Safe
1.07,10.51,39.83,45.33,0.38,9.2,19.09,0.5,0,Safe
32.96,97.91,47.7,39.84,0.32,30.12,19.83,26.5,0,Safe
1.31,14.09,35.58,39.15,0.34,7.57,29.8,1.5,0,Safe
0.88,6.34,43.76,33.56,0.37,17.01,17.17,0.0,0,Safe
27.83,90.6,71.33,37.67,0.6,25.35,14.46,22.3,0,Safe
24.47,50.98,67.9,33.53,0.69,45.97,21.6,27.4,0,Safe
5.78,9.45,49.51,29.62,0.21,13.16,28.76,2.3,0,Safe
1.82,5.2,34.3,20.59,0.29,13.07,25.37,1.7,0,Safe
116.98,331.0,90.77,43.0,3.74,85.12,10.56,100.0,3,Critical
29.04,100.24,68.18,35.57,0.47,27.53,17.7,25.6,0,Safe
0.06,13.86,35.68,23.43,0.54,12.72,19.21,4.0,0,Safe
1.02,4.85,37.52,24.05,0.39,10.32,22.51,2.2,0,Safe
7.37,51.81,75.8,18.49,0.93,28.58,21.51,15.2,0,Safe
0.24,17.44,37.12,24.18,0.12,9.16,21.44,0.0,0,Safe
20.79,55.25,72.18,31.18,0.34,24.33,17.75,16.0,0,Safe
2.15,11.26,37.61,31.09,0.44,9.45,22.13,0.0,0,Safe
1.64,7.37,28.16,36.07,0.43,14.9,22.51,0.0,0,Safe
108.3,228.72,98.16,40.97,2.44,63.67,11.93,93.4,3,Critical
0.58,3.23,38.82,26.58,0.41,10.19,27.96,4.0,0,Safe
39.47,138.58,76.11,29.17,0.94,32.53,14.86,33.2,1,Watch
1.89,11.07,37.69,30.56,0.31,11.16,31.72,1.1,0,Safe
3.61,23.11,36.85,26.53,0.14,13.09,19.15,1.2,0,Safe
82.26,230.6,86.65,39.75,4.33,86.2,15.73,91.8,3,Critical
5.17,23.58,34.24,27.45,0.16,6.95,20.03,0.0,0,Safe
66.57,290.97,89.61,40.3,4.01,62.94,16.36,87.5,3,Critical
80.83,256.87,97.58,54.84,3.53,53.08,14.93,100.0,3,Critical
71.54,140.92,74.47,35.9,1.69,70.85,17.94,67.8,2,Warning
9.92,11.9,34.66,37.22,0.57,3.71,21.54,5.2,0,Safe
0.85,4.57,36.16,44.39,0.15,13.45,19.59,0.0,0,Safe
57.05,146.81,72.73,34.58,1.65,50.14,18.88,52.9,1,Watch
6.25,6.38,43.74,35.05,0.37,11.53,24.31,3.4,0,Safe
22.14,84.0,46.58,34.3,0.81,24.19,18.33,21.4,0,Safe
31.12,75.92,58.64,31.99,0.93,41.37,17.14,30.1,1,Watch
44.05,76.43,56.02,22.4,0.7,21.61,16.4,17.8,0,Safe
37.92,107.73,65.25,25.18,0.86,43.28,18.04,26.5,0,Safe
58.81,132.28,71.76,34.13,1.64,39.01,10.17,43.3,1,Watch
51.71,260.49,91.54,37.94,4.64,59.6,17.45,72.1,2,Warning
4.89,11.88,34.2,32.2,0.36,12.72,24.59,5.5,0,Safe
9.79,86.63,69.16,37.36,0.34,30.33,18.89,24.0,0,Safe
45.05,119.76,78.91,45.15,1.89,26.57,17.14,44.8,1,Watch
33.38,73.47,57.83,37.39,0.32,17.16,14.61,15.1,0,Safe
21.44,62.9,58.28,32.72,0.38,30.85,24.41,22.0,0,Safe
25.98,142.65,77.84,34.51,1.11,39.63,16.58,43.6,1,Watch
48.22,110.93,80.1,46.17,1.92,39.08,18.14,58.0,1,Watch
0.78,9.63,27.32,32.27,0.58,20.18,21.82,5.9,0,Safe
22.87,46.71,70.07,39.69,0.42,26.03,27.29,14.1,0,Safe
22.88,32.84,70.08,43.02,1.1,23.29,22.14,26.1,0,Safe
0.69,9.02,33.03,30.5,0.42,8.22,24.9,0.0,0,Safe
0.7,15.71,47.72,21.29,0.45,10.56,24.56,1.6,0,Safe
118.01,215.9,89.54,41.01,1.88,71.48,13.4,88.7,3,Critical
0.52,1.96,33.32,39.39,0.46,10.35,27.19,3.9,0,Safe
0.71,7.4,42.39,28.57,0.6,15.71,23.34,0.0,0,Safe
49.15,177.69,77.63,54.63,1.97,39.56,17.08,69.0,2,Warning
57.53,38.63,76.41,29.2,0.81,28.77,22.59,24.3,0,Safe
0.65,18.14,35.97,25.62,0.26,16.35,23.18,0.0,0,Safe
105.74,342.38,86.73,55.81,2.23,52.94,13.15,97.4,3,Critical
123.44,357.09,98.19,44.02,3.79,56.2,13.75,97.0,3,Critical
0.4,14.82,42.19,30.47,0.12,3.28,23.63,3.5,0,Safe
44.85,30.06,76.32,24.82,0.37,31.95,18.44,20.9,0,Safe
2.39,9.58,35.7,33.04,0.2,15.56,27.16,0.9,0,Safe
4.08,24.26,25.01,28.34,0.44,17.98,23.34,4.8,0,Safe
35.62,213.57,74.32,33.14,1.33,40.86,16.35,38.9,1,Watch
26.26,92.58,60.66,31.49,0.4,28.62,21.9,18.1,0,Safe
10.22,68.92,80.98,27.31,0.42,18.03,18.56,10.9,0,Safe
111.21,229.3,89.13,44.41,2.73,53.13,18.04,89.1,3,Critical
40.48,166.46,76.77,35.77,1.82,36.87,17.77,46.0,1,Watch
75.6,133.68,71.57,31.81,1.93,52.82,14.73,54.0,1,Watch
0.32,5.25,33.58,33.51,0.51,6.9,29.86,3.0,0,Safe
1.67,13.22,56.89,31.25,0.23,13.86,25.87,1.9,0,Safe
2.66,23.44,41.24,16.19,0.15,14.1,20.43,0.4,0,Safe
94.04,370.71,91.95,54.62,3.56,81.72,11.8,100.0,3,Critical
51.12,322.66,97.27,44.38,4.09,64.67,10.01,96.1,3,Critical
45.66,47.31,80.36,42.72,0.48,30.3,14.86,39.6,1,Watch
20.51,110.79,63.28,27.8,0.72,17.27,28.8,16.5,0,Safe
1.49,7.33,31.54,16.44,0.52,14.05,34.93,2.7,0,Safe
2.02,16.28,23.49,25.71,0.19,12.3,17.32,0.1,0,Safe
23.54,36.82,55.13,37.58,0.95,41.07,19.44,26.7,0,Safe
3.98,3.44,37.79,25.71,0.55,6.75,22.85,2.5,0,Safe
42.78,98.63,69.37,30.63,1.06,19.11,17.82,22.3,0,Safe
0.86,2.25,34.18,37.37,0.46,12.49,27.16,5.1,0,Safe
25.29,62.08,65.4,28.45,0.54,36.39,18.85,24.8,0,Safe
45.18,111.36,76.68,36.88,1.55,41.63,12.84,48.2,1,Watch
79.61,363.57,86.42,54.61,3.11,73.49,18.35,100.0,3,Critical
1.83,13.52,44.24,29.8,0.22,10.64,16.95,0.0,0,Safe
31.92,151.95,76.64,43.52,1.46,29.16,7.56,40.7,1,Watch
47.85,146.86,79.55,40.7,1.11,27.32,16.82,43.7,1,Watch
1.09,8.76,41.59,34.13,0.4,5.99,19.42,1.9,0,Safe
81.86,134.86,71.44,38.06,1.44,53.68,14.73,65.0,2,Warning
6.39,11.8,24.25,21.09,0.16,9.44,24.25,7.5,0,Safe
3.07,16.71,51.02,44.37,0.15,3.92,25.24,5.5,0,Safe
51.17,238.43,89.71,56.32,4.01,75.46,14.77,100.0,3,Critical
1.06,12.99,39.83,18.44,0.33,10.43,16.58,1.2,0,Safe
120.81,368.56,94.39,39.81,3.45,87.22,11.9,91.0,3,Critical
9.41,4.78,37.14,36.61,0.1,15.06,20.72,5.0,0,Safe
0.06,4.95,37.89,15.7,0.56,14.06,22.96,2.0,0,Safe
64.58,320.95,90.93,54.03,4.59,73.68,18.62,100.0,3,Critical
0.89,14.84,31.74,37.58,0.58,11.54,26.65,8.2,0,Safe
48.32,217.69,83.86,44.28,1.12,36.96,19.73,59.2,1,Watch
24.49,33.77,59.34,27.57,0.62,28.22,20.62,18.7,0,Safe
49.61,144.14,71.4,42.32,1.1,35.51,17.08,48.3,1,Watch
2.4,5.85,49.03,30.73,0.51,9.37,28.96,0.6,0,Safe
10.81,86.72,58.59,24.97,0.83,28.91,17.52,15.9,0,Safe
1.57,17.7,42.31,25.1,0.41,14.0,24.51,2.0,0,Safe
3.81,7.99,37.97,31.45,0.3,11.09,21.22,0.0,0,Safe
43.7,159.79,81.28,46.25,0.9,57.55,13.73,62.9,2,Warning
79.31,153.86,67.26,35.12,1.84,50.38,17.69,59.6,1,Watch
39.64,197.89,71.54,39.4,1.02,51.01,16.18,49.6,1,Watch
8.34,56.74,64.42,33.0,1.19,24.19,18.64,16.2,0,Safe
55.47,113.23,75.6,34.99,1.38,46.61,15.79,49.6,1,Watch
13.38,32.89,77.95,37.71,0.69,30.41,17.79,24.8,0,Safe
13.65,119.74,64.85,27.71,0.43,16.61,20.44,14.1,0,Safe
1.36,0.88,37.78,30.19,0.25,16.02,27.22,0.0,0,Safe
2.41,6.76,38.7,20.71,0.21,15.29,22.89,0.0,0,Safe
2.12,21.5,39.98,19.4,0.27,10.77,25.8,2.3,0,Safe
29.3,39.05,55.75,31.65,1.06,25.7,19.63,20.9,0,Safe
2.66,6.77,29.28,10.0,0.2,7.44,24.66,0.0,0,Safe
18.02,105.24,56.37,39.39,0.79,24.97,16.55,18.7,0,Safe
6.76,92.24,59.33,22.77,0.93,16.79,18.46,14.9,0,Safe
35.51,105.06,66.98,30.66,0.46,33.71,16.81,28.3,0,Safe
38.93,202.83,69.47,35.86,1.54,51.78,15.08,51.5,1,Watch
95.1,231.89,95.81,39.26,3.15,68.29,10.41,94.3,3,Critical
2.23,5.57,34.3,23.84,0.42,6.89,16.18,0.0,0,Safe
2.76,7.41,33.21,30.44,0.41,12.66,24.88,0.0,0,Safe
13.95,200.22,80.97,36.62,1.04,48.78,15.57,44.2,1,Watch
67.21,263.73,92.38,52.34,2.02,75.68,16.58,100.0,3,Critical
1.32,13.25,32.12,27.82,0.1,11.6,26.29,0.0,0,Safe
0.21,3.47,38.36,30.24,0.25,8.91,26.73,0.9,0,Safe
56.93,167.09,89.16,43.58,1.8,54.8,15.05,74.9,2,Warning
74.03,157.37,82.76,30.65,0.83,52.32,16.61,52.2,1,Watch
48.43,111.97,65.27,25.47,0.5,36.51,14.21,30.6,1,Watch
4.9,62.37,57.06,27.25,0.83,26.11,20.23,13.6,0,Safe
89.6,291.66,90.78,48.18,2.88,61.38,13.28,99.4,3,Critical
62.02,317.7,88.3,54.71,4.79,78.93,14.27,100.0,3,Critical
0.38,3.92,38.64,34.35,0.16,13.21,25.56,1.3,0,Safe
121.13,306.58,93.0,54.56,2.74,72.21,12.38,100.0,3,Critical
74.38,163.89,82.99,31.0,0.98,32.98,18.86,44.4,1,Watch
0.59,0.94,37.71,16.71,0.6,11.38,22.85,1.5,0,Safe
0.45,9.82,44.15,31.08,0.55,8.3,25.83,1.2,0,Safe
105.35,332.44,95.85,50.63,4.68,52.85,9.93,100.0,3,Critical
127.78,262.46,95.82,46.79,4.09,66.35,12.24,100.0,3,Critical
46.1,40.0,59.4,33.85,0.69,31.06,19.54,22.7,0,Safe
49.2,79.04,58.76,25.58,0.77,31.52,21.76,26.9,0,Safe
42.62,110.87,60.47,23.95,0.9,20.34,20.26,18.5,0,Safe
1.09,24.66,32.56,22.98,0.48,11.35,17.5,0.0,0,Safe
1.8,19.4,19.36,21.98,0.26,5.22,26.0,2.1,0,Safe
112.07,198.37,86.25,54.23,3.43,75.28,12.68,100.0,3,Critical
2.18,12.29,37.75,29.95,0.14,4.63,21.44,3.1,0,Safe
1.56,80.23,67.92,21.54,1.06,19.61,18.18,11.4,0,Safe
0.93,12.73,31.23,16.64,0.56,18.75,22.75,2.7,0,Safe
3.85,0.96,18.79,19.45,0.14,15.44,25.38,0.0,0,Safe
4.57,8.22,33.08,27.04,0.42,14.99,14.73,0.4,0,Safe
48.1,43.89,59.32,31.78,0.65,31.64,21.29,27.2,0,Safe
2.37,11.62,25.16,33.31,0.17,3.67,26.42,0.0,0,Safe
0.35,2.19,43.03,28.33,0.33,12.85,25.52,0.6,0,Safe
0.0,19.42,31.06,48.98,0.19,16.7,28.49,4.0,0,Safe
39.59,201.21,74.05,30.31,1.87,42.22,17.04,47.1,1,Watch
24.76,54.82,53.91,36.92,0.49,36.8,22.05,24.6,0,Safe
64.99,211.54,90.57,36.85,3.91,84.38,13.92,83.5,3,Critical
3.25,19.6,37.97,24.71,0.16,8.69,22.03,5.0,0,Safe
15.55,118.42,76.08,31.27,0.3,35.32,21.32,22.2,0,Safe
18.05,118.7,69.55,34.28,0.39,29.37,21.39,21.1,0,Safe
124.1,257.28,86.91,51.32,3.73,52.3,16.35,95.7,3,Critical
29.32,118.0,61.25,34.96,0.35,39.04,22.49,33.8,1,Watch
2.56,10.05,30.59,27.3,0.19,5.65,18.54,3.4,0,Safe
2.11,7.4,49.91,33.58,0.36,17.51,28.63,3.8,0,Safe
21.06,95.13,62.11,26.98,0.93,25.34,17.02,20.1,0,Safe
5.37,16.29,27.08,32.87,0.37,14.19,25.37,4.0,0,Safe
27.44,190.91,80.14,34.84,1.58,52.67,14.95,50.1,1,Watch
0.59,23.14,43.17,36.32,0.21,6.23,26.08,4.7,0,Safe
5.23,38.16,78.0,39.42,1.0,22.27,19.14,24.7,0,Safe
57.92,181.08,78.92,49.03,1.27,39.51,14.39,66.4,2,Warning
28.12,62.94,59.59,30.4,0.94,25.07,17.94,18.8,0,Safe
26.87,108.56,44.83,43.93,0.55,23.34,17.11,21.1,0,Safe
31.58,143.35,87.48,25.9,0.81,51.22,21.09,35.3,1,Watch
2.17,20.55,23.56,37.58,0.36,9.32,27.15,7.2,0,Safe
30.29,107.86,56.93,32.6,1.07,34.33,18.07,26.1,0,Safe
5.69,21.05,36.72,29.65,0.11,3.4,23.56,0.0,0,Safe
13.2,112.81,48.99,31.8,0.82,35.47,25.94,27.5,0,Safe
2.7,5.69,32.11,21.9,0.16,15.21,26.21,0.0,0,Safe
8.26,88.46,53.2,43.88,0.41,33.85,17.97,23.7,0,Safe
0.0,22.58,28.26,26.51,0.28,5.26,21.31,5.6,0,Safe
0.11,22.33,35.81,34.39,0.29,14.39,26.46,2.4,0,Safe
14.43,117.57,68.7,30.28,0.64,21.76,16.13,16.8,0,Safe
70.77,124.87,82.81,37.77,1.74,56.8,14.93,63.9,2,Warning
2.92,13.55,49.26,17.63,0.1,6.92,27.01,0.0,0,Safe
51.03,130.39,81.3,34.08,1.99,57.31,18.22,61.1,2,Warning
0.44,23.0,38.36,27.23,0.18,13.02,22.06,4.6,0,Safe
1.02,13.61,27.5,25.57,0.11,10.29,26.87,3.6,0,Safe
1.05,9.29,39.32,33.39,0.49,6.92,25.07,3.2,0,Safe
120.86,295.43,98.62,39.84,3.01,62.06,9.93,90.2,3,Critical
0.28,21.29,43.29,38.5,0.49,10.34,25.54,0.0,0,Safe
16.83,34.38,63.5,26.86,1.19,29.87,20.93,15.9,0,Safe
2.72,0.14,39.98,25.36,0.16,8.68,15.81,0.0,0,Safe
39.39,115.7,82.08,36.05,1.6,48.14,16.38,49.7,1,Watch
0.61,19.05,49.45,27.66,0.49,9.96,17.92,3.1,0,Safe
0.05,23.59,20.09,26.58,0.44,7.38,19.3,4.6,0,Safe
1.61,21.31,37.9,19.21,0.18,15.95,27.55,5.6,0,Safe
79.61,219.23,87.38,52.82,2.2,62.99,23.63,100.0,3,Critical
60.18,126.32,80.48,33.71,1.37,54.03,15.94,54.0,1,Watch
45.21,72.51,54.22,38.25,0.95,42.8,16.91,40.0,1,Watch
53.71,225.57,95.26,41.28,2.35,52.62,13.22,70.6,2,Warning
3.59,3.0,41.36,20.73,0.29,8.24,27.3,0.0,0,Safe
24.49,111.27,51.66,39.88,0.47,30.1,14.61,25.3,0,Safe
0.57,0.49,35.12,23.31,0.58,13.88,20.5,0.0,0,Safe
113.68,359.91,92.42,54.73,4.37,61.81,11.91,100.0,3,Critical
100.04,322.39,91.73,48.41,3.89,87.29,10.38,100.0,3,Critical
1.07,12.16,27.66,20.32,0.32,21.33,32.46,3.1,0,Safe
45.23,168.86,78.07,26.37,1.73,54.9,19.37,42.9,1,Watch
23.31,103.67,70.21,41.24,0.89,18.16,22.0,23.5,0,Safe
0.42,20.22,35.27,27.63,0.38,8.25,30.29,0.0,0,Safe
76.8,175.57,75.3,22.95,1.32,49.58,17.47,39.0,1,Watch
51.31,198.23,93.33,39.64,1.43,29.02,17.75,47.2,1,Watch
8.14,5.77,30.37,17.63,0.38,10.15,33.41,2.1,0,Safe
1.27,8.17,11.42,35.9,0.25,9.68,25.91,1.2,0,Safe
38.34,77.87,49.56,22.52,0.55,29.08,23.43,15.8,0,Safe
21.67,70.47,45.46,32.08,0.32,26.15,18.39,13.7,0,Safe
136.04,186.09,78.85,36.85,1.41,41.65,15.02,57.7,1,Watch
4.55,13.69,44.89,11.77,0.48,11.01,26.65,0.0,0,Safe
0.36,1.95,31.86,31.2,0.5,12.5,27.01,1.3,0,Safe
56.57,128.16,71.92,37.18,1.21,55.25,12.33,55.0,1,Watch
38.37,62.92,73.55,29.94,0.8,31.07,23.86,24.3,0,Safe
76.77,253.61,93.92,38.33,2.65,72.46,10.66,83.8,3,Critical
4.69,7.39,30.61,34.0,0.43,7.36,23.78,0.0,0,Safe
3.02,2.76,29.02,33.28,0.42,10.23,28.48,0.0,0,Safe
0.85,23.69,39.14,25.21,0.58,7.99,25.43,3.6,0,Safe
0.62,18.7,38.38,35.77,0.45,2.38,17.02,0.0,0,Safe
2.76,1.96,41.35,25.59,0.28,12.96,27.96,1.9,0,Safe
119.19,280.57,94.32,36.45,4.11,86.29,15.61,94.8,3,Critical
88.7,187.79,74.35,36.68,1.04,58.26,13.87,69.8,2,Warning
55.44,135.88,77.21,39.9,1.47,30.81,18.44,47.1,1,Watch
46.33,57.75,51.11,31.8,0.65,31.91,21.22,22.6,0,Safe
0.15,22.71,30.35,27.73,0.25,8.36,25.18,6.0,0,Safe
0.68,18.66,35.99,38.71,0.42,8.25,22.13,1.7,0,Safe
23.12,193.85,78.3,42.17,1.78,59.78,15.2,61.0,2,Warning
121.47,204.03,85.43,57.98,4.0,83.73,9.66,100.0,3,Critical
1.29,0.9,36.34,24.7,0.22,6.21,29.11,3.6,0,Safe
2.57,7.22,47.13,33.07,0.53,12.31,27.78,6.3,0,Safe
33.2,218.37,77.51,44.42,1.78,43.6,17.89,65.8,2,Warning
1.97,24.29,23.55,28.01,0.28,8.81,33.44,3.4,0,Safe
0.34,3.79,40.92,28.73,0.56,7.82,24.18,0.0,0,Safe
22.85,68.79,75.02,24.3,1.0,31.79,20.01,15.8,0,Safe
8.11,110.29,54.7,31.78,0.68,31.07,14.78,19.2,0,Safe
10.69,106.97,52.18,40.2,0.52,21.18,12.87,17.5,0,Safe
3.17,19.73,47.08,34.52,0.14,10.09,22.24,3.2,0,Safe
52.74,356.99,93.6,43.83,4.68,91.39,13.36,96.9,3,Critical
45.01,115.08,74.16,46.05,1.39,38.53,15.27,50.8,1,Watch
42.28,49.3,76.16,29.78,0.53,24.84,22.33,21.5,0,Safe
34.41,215.77,82.41,35.8,1.36,42.49,19.85,48.1,1,Watch
3.13,20.82,38.26,31.62,0.16,12.62,20.42,9.3,0,Safe
92.15,284.05,95.36,44.8,3.22,68.76,14.37,100.0,3,Critical
76.26,246.61,85.62,43.69,3.23,78.48,14.14,100.0,3,Critical
20.73,104.47,68.96,32.51,0.33,22.74,22.32,20.0,0,Safe
29.25,81.84,45.04,40.6,0.85,32.58,25.96,24.6,0,Safe
56.99,216.79,78.84,27.09,1.38,55.22,16.25,47.0,1,Watch
0.17,8.4,36.55,19.81,0.13,10.64,21.01,0.3,0,Safe
25.73,70.06,66.71,30.4,0.84,31.5,20.18,20.2,0,Safe
28.29,109.63,73.37,32.72,0.33,22.52,14.25,25.2,0,Safe
1.72,12.51,38.91,23.77,0.46,5.13,21.41,5.3,0,Safe
0.86,4.36,30.99,34.67,0.21,14.14,27.87,1.5,0,Safe
79.53,306.48,89.53,42.9,2.71,73.43,13.57,91.1,3,Critical
62.32,341.56,93.93,56.7,4.0,71.73,15.02,100.0,3,Critical
5.11,21.81,39.28,19.02,0.24,11.74,22.28,0.0,0,Safe
68.72,361.9,86.05,57.34,2.3,60.21,16.14,100.0,3,Critical
75.16,346.9,91.18,36.27,3.4,89.24,13.77,90.0,3,Critical
31.74,205.1,84.92,44.86,0.88,44.66,21.17,58.6,1,Watch
1.56,0.3,40.61,29.01,0.19,7.0,19.05,0.0,0,Safe
90.98,134.71,84.21,36.54,0.95,51.52,17.15,62.0,2,Warning
30.37,116.11,65.93,22.79,0.85,23.68,19.16,16.7,0,Safe
54.75,135.73,85.58,48.18,1.89,52.89,15.39,73.9,2,Warning
113.39,167.03,74.32,31.14,1.09,53.98,17.01,49.7,1,Watch
0.22,24.73,27.48,26.11,0.3,15.36,23.76,0.0,0,Safe
0.17,15.12,37.48,28.38,0.46,10.58,19.41,1.2,0,Safe
23.86,173.3,79.53,41.51,1.19,55.3,18.89,51.7,1,Watch
33.23,89.3,54.13,25.56,0.36,30.8,21.16,13.5,0,Safe
124.5,348.81,89.78,38.84,2.04,66.54,15.3,83.2,3,Critical
18.98,63.25,59.07,33.68,1.12,40.06,19.07,26.6,0,Safe
2.47,22.77,35.0,19.3,0.36,13.49,30.05,2.3,0,Safe
1.0,11.1,29.66,26.69,0.56,9.79,20.18,2.0,0,Safe
1.95,17.47,29.53,25.77,0.39,10.75,25.63,0.0,0,Safe
0.48,1.84,22.39,24.92,0.24,10.53,31.12,0.0,0,Safe
18.6,114.23,61.27,33.0,1.07,24.35,18.52,22.6,0,Safe
27.86,33.19,58.1,33.67,0.84,29.44,16.38,24.7,0,Safe
18.51,111.7,54.37,35.27,1.12,22.04,22.35,15.3,0,Safe
1.67,22.04,48.42,27.49,0.14,9.66,23.08,3.9,0,Safe
20.86,114.62,55.74,29.89,1.09,24.96,20.53,17.7,0,Safe
63.06,134.2,81.97,39.59,1.7,46.57,19.31,59.1,1,Watch
1.52,23.21,29.81,18.28,0.52,4.33,22.94,0.0,0,Safe
30.52,81.88,69.07,30.22,0.65,20.9,20.4,18.2,0,Safe
18.9,73.48,61.54,29.8,0.47,22.54,17.89,15.1,0,Safe
3.11,22.4,40.19,27.49,0.44,9.07,23.09,0.2,0,Safe
1.45,1.94,42.32,36.83,0.42,10.55,28.06,0.0,0,Safe
14.45,91.75,59.96,44.7,1.11,26.66,20.52,26.8,0,Safe
0.98,10.09,40.49,24.93,0.52,16.91,25.51,2.3,0,Safe
19.38,60.03,70.2,38.76,0.76,42.62,15.3,31.3,1,Watch
32.21,46.97,60.89,44.27,0.82,17.02,23.34,25.6,0,Safe
0.41,22.93,44.51,26.38,0.59,9.81,25.75,0.6,0,Safe
8.29,14.08,44.38,13.36,0.48,11.35,27.61,3.9,0,Safe
0.27,6.46,45.44,28.35,0.38,9.32,24.04,4.6,0,Safe
3.79,15.69,39.9,23.16,0.12,5.48,26.59,1.0,0,Safe
18.88,67.97,66.06,30.53,1.18,21.31,20.86,17.6,0,Safe
18.11,76.86,58.68,40.69,0.9,35.86,18.06,27.3,0,Safe
52.66,120.14,80.68,41.33,1.27,37.41,16.56,45.5,1,Watch
37.1,117.34,63.29,27.14,1.05,19.51,16.01,21.9,0,Safe
0.93,11.86,37.03,31.62,0.36,6.33,20.32,1.3,0,Safe
17.26,74.53,68.42,27.2,0.68,34.99,19.91,24.7,0,Safe
0.96,9.59,43.85,17.65,0.19,5.83,27.46,0.0,0,Safe
1.9,21.47,39.38,27.24,0.22,12.75,27.54,0.0,0,Safe
29.19,211.39,87.36,42.22,0.95,42.59,16.41,55.3,1,Watch
88.44,318.07,95.36,55.23,2.82,84.83,18.27,100.0,3,Critical
39.48,49.14,67.63,42.0,0.46,22.95,17.18,22.5,0,Safe
1.44,14.98,35.1,25.78,0.21,8.26,24.46,0.0,0,Safe
83.98,99.6,64.68,37.8,0.88,14.79,21.78,32.1,1,Watch
18.6,77.14,72.03,37.08,1.16,28.02,13.68,28.2,0,Safe
87.45,131.23,84.3,28.9,1.94,40.38,16.4,47.8,1,Watch
90.89,222.26,89.53,46.72,3.7,56.19,12.06,95.1,3,Critical
1.61,18.58,23.85,24.19,0.34,12.31,20.34,3.2,0,Safe
98.2,256.67,91.67,52.22,3.79,56.98,17.29,100.0,3,Critical
13.19,103.04,64.56,31.36,0.4,27.3,21.88,10.2,0,Safe
113.26,353.59,85.19,51.18,4.46,55.47,14.56,100.0,3,Critical
33.47,215.99,77.0,46.75,1.53,52.9,16.68,73.0,2,Warning
2.17,23.62,39.35,31.44,0.23,0.16,17.37,0.0,0,Safe
35.92,202.51,68.45,38.53,1.14,47.66,16.47,49.5,1,Watch
36.97,81.75,52.91,30.77,0.73,19.9,12.62,18.5,0,Safe
0.75,3.39,35.06,24.39,0.43,9.16,20.93,3.3,0,Safe
52.94,113.97,76.64,38.66,1.67,42.14,13.95,50.8,1,Watch
104.71,358.91,91.49,39.28,2.46,86.74,10.62,92.6,3,Critical
19.64,55.17,64.42,27.67,1.17,24.47,18.04,12.9,0,Safe
52.45,118.31,59.0,34.23,1.1,17.83,12.24,27.5,0,Safe
1.42,9.45,22.27,27.94,0.25,10.03,24.14,2.3,0,Safe
24.96,107.26,69.11,25.45,0.44,47.72,19.54,27.7,0,Safe
6.6,64.41,67.63,49.02,1.05,25.52,25.02,21.4,0,Safe
4.32,1.81,50.41,20.07,0.24,7.81,23.52,0.0,0,Safe
1.69,3.1,31.35,24.23,0.37,14.54,19.9,0.0,0,Safe
30.61,133.82,74.61,31.34,1.55,41.12,17.86,35.3,1,Watch
118.21,350.23,87.25,36.2,2.33,56.22,14.62,76.5,2,Warning
58.94,186.81,77.94,41.52,1.06,44.77,15.48,63.2,2,Warning
113.86,260.61,95.0,53.95,3.82,54.49,11.77,100.0,3,Critical
1.33,10.34,24.99,59.35,0.38,12.35,25.83,0.6,0,Safe
67.16,100.22,65.63,32.6,0.83,40.48,21.98,41.4,1,Watch
2.0,22.95,22.25,21.13,0.27,3.98,20.31,0.5,0,Safe
1.35,22.39,24.73,10.91,0.26,9.82,33.94,2.8,0,Safe
50.98,113.98,61.19,40.11,1.01,35.12,16.11,43.2,1,Watch
1.83,15.14,41.52,37.8,0.39,12.89,26.14,6.2,0,Safe
9.95,5.69,25.19,23.69,0.54,2.12,18.12,3.2,0,Safe
81.33,346.01,96.19,54.34,2.19,75.57,20.28,100.0,3,Critical
0.95,8.41,25.09,21.08,0.51,15.89,23.47,1.7,0,Safe
4.07,11.2,30.23,27.76,0.41,11.52,26.7,3.8,0,Safe
32.7,66.53,61.33,40.75,0.67,25.04,21.02,24.3,0,Safe
0.82,5.96,49.78,24.66,0.51,8.17,24.34,0.2,0,Safe
69.85,186.4,75.44,30.45,0.82,49.92,18.52,48.5,1,Watch
4.1,23.72,34.68,20.82,0.23,12.09,24.75,2.6,0,Safe
0.45,7.04,37.88,42.27,0.13,16.83,23.29,0.0,0,Safe
12.78,67.8,54.45,30.98,0.8,31.04,22.1,17.2,0,Safe
21.09,65.71,61.51,39.82,1.06,28.63,18.08,26.0,0,Safe
22.05,101.52,55.81,27.23,1.13,22.35,16.56,19.2,0,Safe
19.08,58.15,71.42,36.11,0.96,39.48,22.55,27.5,0,Safe
5.46,15.15,30.03,19.76,0.55,16.4,22.44,1.6,0,Safe
79.91,365.16,97.7,44.28,4.11,87.54,14.21,100.0,3,Critical
62.82,154.73,65.63,34.94,1.12,59.85,14.05,53.0,1,Watch
2.88,7.11,44.57,29.82,0.16,13.22,31.52,0.0,0,Safe
19.79,79.85,65.0,27.63,0.75,28.53,28.03,16.2,0,Safe
0.07,19.22,28.8,34.53,0.24,9.39,22.74,0.0,0,Safe
26.08,96.36,71.27,13.86,1.01,22.12,17.68,15.7,0,Safe
11.38,62.05,64.67,36.11,0.52,28.58,16.64,18.8,0,Safe
12.99,112.72,74.07,25.6,0.61,35.91,17.81,23.5,0,Safe
45.17,116.28,75.31,36.52,0.91,30.34,18.01,35.9,1,Watch
14.85,111.93,42.52,52.01,0.8,32.26,19.71,28.3,0,Safe
14.57,100.54,59.67,38.09,0.58,28.62,21.87,17.7,0,Safe
0.5,6.03,44.79,26.11,0.49,4.08,27.85,0.0,0,Safe
16.33,33.15,45.33,40.45,0.63,30.16,21.63,19.9,0,Safe
51.23,170.37,79.63,48.47,1.72,34.68,15.29,64.4,2,Warning
15.89,90.02,63.41,32.46,0.95,29.9,18.88,18.3,0,Safe
41.58,159.33,81.05,45.46,1.94,41.72,12.28,59.9,1,Watch
32.5,191.01,77.71,27.54,1.4,52.97,16.7,44.9,1,Watch
53.58,140.28,69.87,43.66,1.61,47.04,10.06,56.3,1,Watch
90.22,350.3,90.71,42.27,3.99,89.68,17.95,100.0,3,Critical
0.24,14.49,26.59,27.42,0.26,10.1,19.09,4.0,0,Safe
15.13,73.82,64.65,21.61,1.16,42.47,22.01,19.2,0,Safe
0.41,8.98,39.85,31.35,0.11,16.17,21.3,6.4,0,Safe
2.5,7.53,20.01,30.99,0.29,12.25,25.13,3.4,0,Safe
0.08,5.5,37.13,22.11,0.47,2.91,14.74,1.9,0,Safe
8.07,33.49,74.35,29.96,1.18,28.86,21.39,18.3,0,Safe
126.57,298.14,94.78,45.59,4.08,66.56,12.93,96.6,3,Critical
35.28,141.33,68.38,33.21,0.82,47.95,12.12,38.9,1,Watch
48.37,54.5,59.53,27.01,0.39,21.67,23.4,19.5,0,Safe
50.22,92.39,55.47,28.75,0.37,26.81,16.6,16.9,0,Safe
1.31,17.76,43.61,18.73,0.58,15.12,30.14,1.4,0,Safe
129.11,300.15,91.56,52.13,2.54,73.11,11.09,100.0,3,Critical
34.06,152.1,77.83,31.79,1.66,49.22,21.32,46.4,1,Watch
45.23,117.58,75.57,26.93,1.76,55.34,17.16,36.5,1,Watch
0.88,20.42,27.37,36.15,0.28,5.14,23.59,0.0,0,Safe
0.79,12.93,40.23,20.07,0.3,11.36,24.48,2.6,0,Safe
12.8,91.08,50.37,39.78,0.87,33.55,18.5,25.6,0,Safe
1.25,16.53,33.17,15.0,0.42,20.83,24.63,4.0,0,Safe
0.37,16.88,38.46,23.84,0.47,7.05,21.86,2.3,0,Safe
10.84,73.85,47.98,22.95,0.82,27.84,21.56,12.5,0,Safe
3.06,3.37,41.87,15.26,0.52,4.74,24.79,1.7,0,Safe
95.03,288.32,97.68,51.47,2.83,82.98,8.12,100.0,3,Critical
15.95,96.67,59.99,29.56,0.44,36.28,16.53,19.3,0,Safe
52.26,117.54,77.48,51.3,1.96,28.9,15.26,53.8,1,Watch
0.41,7.18,35.69,27.85,0.29,11.41,21.54,3.8,0,Safe
18.41,130.16,70.4,34.97,1.21,57.69,16.88,46.1,1,Watch
7.08,77.49,63.57,32.7,0.84,38.04,12.93,24.4,0,Safe
23.92,59.72,39.06,25.92,0.72,26.01,16.83,13.0,0,Safe
0.64,8.59,29.02,20.57,0.18,5.53,22.14,2.7,0,Safe
32.28,91.76,72.35,36.26,0.8,31.94,17.18,27.7,0,Safe
28.07,100.47,66.79,20.95,0.39,31.85,20.09,12.4,0,Safe
10.92,72.04,71.86,35.86,1.16,29.14,22.06,22.8,0,Safe
0.71,24.83,40.39,34.89,0.26,8.87,24.8,2.9,0,Safe
25.56,58.58,70.66,33.21,0.52,25.96,20.78,20.8,0,Safe
36.5,160.56,84.49,38.3,0.96,28.25,15.71,37.6,1,Watch
35.0,65.25,67.86,33.97,0.53,33.49,19.01,28.1,0,Safe
14.66,55.09,70.87,28.02,0.93,24.35,16.85,9.0,0,Safe
13.71,89.44,57.53,49.88,0.69,14.25,22.71,13.5,0,Safe
60.56,164.32,79.37,45.59,1.82,44.59,14.99,65.7,2,Warning
13.54,102.22,67.74,35.68,0.56,31.17,19.25,20.7,0,Safe
66.78,151.02,85.75,46.44,1.27,58.07,19.59,82.2,3,Critical
2.19,15.3,27.34,33.57,0.44,13.42,21.61,4.8,0,Safe
89.07,303.89,90.7,37.25,2.86,70.72,13.04,87.1,3,Critical
41.76,162.15,81.52,42.7,1.26,53.28,19.23,63.6,2,Warning
115.94,311.89,95.66,57.62,4.77,81.55,12.01,100.0,3,Critical
12.64,103.72,75.03,36.34,0.61,28.44,15.49,25.5,0,Safe
3.49,17.93,30.52,27.46,0.38,15.61,18.95,4.7,0,Safe
0.8,2.67,40.2,33.59,0.33,9.03,20.04,3.7,0,Safe
36.75,197.09,79.81,30.82,1.27,39.31,20.24,42.6,1,Watch
4.06,16.01,16.26,28.39,0.41,13.47,24.34,2.3,0,Safe
1.63,9.66,36.61,32.57,0.3,15.86,26.81,1.2,0,Safe
38.97,88.53,55.64,30.84,0.5,25.18,18.36,23.4,0,Safe
3.83,22.12,39.31,30.82,0.23,10.03,28.91,0.0,0,Safe
0.52,11.15,28.7,16.72,0.48,12.46,28.24,0.0,0,Safe
4.47,8.51,32.53,23.06,0.13,11.62,22.19,0.0,0,Safe
7.15,9.65,38.27,33.76,0.28,7.88,21.87,0.6,0,Safe
0.69,3.64,37.99,31.36,0.23,3.86,24.59,0.9,0,Safe
18.98,94.31,82.03,35.93,0.43,39.81,19.01,31.4,1,Watch
40.14,108.03,59.65,26.53,0.45,37.24,19.46,23.7,0,Safe
0.4,2.6,35.14,17.72,0.13,9.42,29.97,0.0,0,Safe
3.08,0.78,31.53,31.05,0.11,10.41,23.5,4.2,0,Safe
8.12,86.07,67.62,30.16,1.02,21.63,22.42,21.6,0,Safe
0.2,19.3,30.11,34.31,0.27,6.06,21.86,0.1,0,Safe
11.47,88.49,60.16,33.06,0.56,23.65,23.02,13.2,0,Safe
44.66,80.07,73.93,35.68,1.17,22.86,25.03,32.4,1,Watch
46.61,135.9,74.56,38.93,1.66,54.39,16.21,58.1,1,Watch
32.79,210.14,85.26,37.7,1.66,38.16,6.7,47.7,1,Watch
71.39,110.95,66.03,34.62,0.79,30.12,19.62,36.8,1,Watch
22.17,132.15,89.09,34.48,1.35,50.42,11.02,41.6,1,Watch
5.28,21.91,30.21,38.64,0.28,7.46,26.98,0.8,0,Safe
2.08,12.75,24.34,38.91,0.19,8.16,22.27,2.1,0,Safe
0.27,5.7,28.65,41.88,0.25,8.37,23.73,7.2,0,Safe
26.6,49.29,50.39,29.09,0.97,40.01,19.44,20.0,0,Safe
4.09,3.33,40.74,28.19,0.34,10.92,22.75,2.4,0,Safe
2.39,12.72,31.1,30.08,0.29,0.0,25.53,4.5,0,Safe
0.85,21.56,41.09,29.36,0.42,9.77,23.23,1.2,0,Safe
46.98,105.93,60.27,33.66,0.96,36.8,14.35,37.5,1,Watch
61.69,340.59,96.44,38.1,2.71,55.28,18.6,78.1,2,Warning
79.87,179.92,82.89,35.14,1.8,34.44,13.75,51.3,1,Watch
4.3,8.21,33.41,26.83,0.51,9.91,22.69,0.0,0,Safe
4.95,19.2,25.54,26.4,0.25,5.27,26.52,2.6,0,Safe
16.62,85.56,72.21,34.03,0.74,25.87,22.91,17.8,0,Safe
43.38,175.94,77.85,43.48,1.11,38.78,16.58,51.5,1,Watch
18.2,143.41,73.71,41.52,0.98,39.69,16.38,43.4,1,Watch
107.36,175.13,74.65,30.51,1.01,33.2,17.28,47.1,1,Watch
83.14,264.52,98.13,41.77,4.68,57.86,5.28,86.3,3,Critical
6.07,17.0,27.32,29.04,0.39,9.92,29.52,9.9,0,Safe
0.68,8.09,37.41,26.61,0.11,6.01,19.3,0.0,0,Safe
84.75,259.29,96.73,53.05,2.69,84.3,14.89,100.0,3,Critical
0.84,13.45,33.5,23.89,0.3,14.18,20.15,0.0,0,Safe
42.85,58.69,67.63,26.41,0.6,23.89,14.08,18.4,0,Safe
2.83,11.23,44.58,36.84,0.57,9.93,25.68,0.0,0,Safe
60.13,150.73,70.36,49.79,1.5,50.83,20.46,74.2,2,Warning
37.61,159.48,87.3,40.91,1.61,39.87,14.64,52.7,1,Watch
3.02,3.84,30.84,36.7,0.49,4.23,21.58,5.0,0,Safe
55.34,243.16,97.02,38.04,3.92,71.43,11.82,90.8,3,Critical
0.38,0.27,46.07,28.65,0.37,16.08,19.89,5.4,0,Safe
3.74,1.8,30.47,14.02,0.14,13.39,27.25,0.0,0,Safe
5.67,65.84,55.68,33.54,0.92,17.72,20.09,11.3,0,Safe
